scenario,n_hours,temp_history_celsius,true_remaining_shelf_life_hours
mixed_chain,92,"[4.73, 5.38, 4.88, 4.08, 5.64, 4.85, 5.1, 5.14, 4.92, null, 4.9, 4.84, null, 4.32, 5.04, 5.12, 5.22, 5.75, 5.03, 4.53, 5.07, null, 5.44, null, 4.89, 4.79, 5.13, 5.08, 30.33, 24.75, 24.02, null, 24.16, 25.31, 26.76, 26.07, 28.38, 29.63, 29.21, 32.2, 31.19, 32.7, 32.01, 32.33, 34.01, 33.82, 32.57, 30.6, 29.19, 27.53, 28.1, 25.57, 25.86, 25.91, 24.36, 29.27, 33.1, 32.51, 31.7, 30.87, 34.85, 31.74, 31.44, 33.95, 32.35, 33.67, 32.53, 32.83, 33.11, 32.48, 31.32, 31.99, 29.93, 33.33, 31.64, 31.05, 33.3, 32.51, 33.9, null, 32.11, 31.82, 33.47, 32.76, null, 34.59, 33.37, 32.89, 30.87, 33.25, 35.09, 34.11]",235.6
stable_cold,30,"[2.68, 1.55, 1.63, 2.76, 2.46, 2.07, 2.85, 1.62, null, 2.14, 2.41, 1.21, 2.06, 2.46, 2.14, 2.67, 2.66, 1.79, 2.5, 1.77, 2.19, 2.43, 1.83, null, 1.97, null, 2.45, null, 1.81, 2.59]",703.41
market_display,3,"[29.59, 29.7, 29.56]",341.63
hot_truck_transit,94,"[27.69, 20.06, 17.72, 17.75, 19.45, 20.02, null, 21.98, 21.03, 24.35, 23.42, 26.03, 25.8, 28.97, 26.73, 27.28, 27.33, 26.61, 25.37, 27.1, 23.88, 22.82, 22.21, 21.49, 19.96, 20.63, 19.59, 19.35, 19.92, 19.19, 20.04, null, 23.04, 23.14, 24.12, null, 25.61, 25.48, 26.08, 27.63, null, 26.96, 26.43, 24.73, 23.53, null, 21.66, 19.74, 20.7, 19.53, 19.95, 20.59, null, null, 21.03, 23.5, null, 23.08, null, 26.76, 26.72, 26.75, null, 27.41, 26.29, 27.52, 27.28, 25.02, 24.01, null, 22.67, 21.33, 19.35, 22.2, 18.05, 18.18, 20.22, 20.4, 19.94, 20.71, 22.67, 23.64, 23.81, 26.13, 26.62, 27.87, 27.16, 27.98, 27.02, null, 26.45, 26.01, 24.79, 27.6]",277.58
market_display,61,"[null, 26.32, 28.45, 26.24, 27.98, 27.54, 29.52, 27.23, 26.77, 26.79, null, 26.37, 26.07, 27.23, 25.92, 24.44, 25.11, 28.66, null, null, 25.84, 27.75, null, 29.07, 28.26, 27.56, 25.97, 25.27, 26.51, 26.7, 26.19, 27.53, 26.77, 26.68, 28.51, null, 25.06, 27.91, null, 26.35, 25.53, 28.19, 28.71, 25.87, 27.04, 27.21, 24.59, 26.63, 24.59, 26.66, 29.4, 24.94, 28.93, null, 26.67, 27.3, 26.34, 26.14, 26.93, 25.75, 27.25]",305.3
market_display,59,"[28.04, 28.92, 27.48, 26.83, null, 28.72, 26.58, 27.62, 27.85, 27.15, 28.09, 25.51, null, 29.63, 28.15, 27.52, null, 27.07, 27.85, null, null, 27.78, 26.45, 26.79, 28.55, 27.19, 26.7, 26.3, 26.62, 26.83, 28.51, 27.44, 28.92, 26.08, 29.03, 27.3, 27.21, 27.19, 30.19, 26.91, 29.96, 28.51, 26.15, 26.32, 27.71, 27.6, 27.0, 26.84, 29.34, 27.66, 28.04, 27.62, null, 30.06, 28.17, 30.63, 28.41, 26.7, 28.97]",292.75
hot_truck_transit,41,"[28.13, 23.17, 22.93, 22.09, 23.96, 23.5, 22.58, 23.73, 26.79, 26.96, 28.01, 28.99, 30.21, 31.68, 31.22, 31.24, 30.4, 29.23, 30.2, 29.44, 28.91, 28.37, 25.03, 24.5, 24.7, 23.53, 24.29, 22.84, 24.73, 23.58, 25.47, 23.07, 26.35, 27.01, 26.36, 28.98, 28.83, 30.04, 31.1, 30.9, 34.67]",269.32
mixed_chain,45,"[6.57, 6.05, 6.45, 5.87, 5.58, 5.41, 5.62, 6.28, 5.83, 5.21, 5.39, 6.72, 5.45, 5.89, 6.14, 5.66, 31.03, 26.6, 25.7, 25.92, 24.34, 25.27, 26.92, 25.51, 29.36, 29.85, 30.29, 30.43, 30.69, 32.93, 34.01, 37.53, 32.36, 31.77, 32.16, 33.39, 32.24, 31.72, 30.6, 32.55, 31.66, 31.68, 32.23, 31.59, 32.02]",288.13
stable_cold,78,"[4.05, 4.3, 4.37, 3.81, 4.42, 4.18, 3.64, 4.07, 4.69, 4.81, 4.42, null, 4.33, 4.48, 4.43, 4.45, 4.28, 4.11, 3.89, 3.38, 4.27, 4.21, 4.36, 3.6, 4.4, 4.96, 4.17, 4.11, 4.26, 4.95, 3.73, 4.22, null, 3.92, 4.12, 4.68, 4.86, 4.32, 3.99, 5.13, 3.97, 3.91, 3.43, 4.7, 4.52, 5.1, 3.58, 4.72, 4.17, null, 3.48, 4.72, 4.45, 4.12, 4.4, null, 3.91, 3.95, 3.4, 4.48, 4.61, 3.86, null, null, 4.27, 3.89, 3.78, 4.56, 4.11, 4.95, 4.16, 3.77, 4.63, 4.39, 4.43, 4.61, 3.88, 4.09]",621.85
market_display,95,"[26.8, 26.14, 28.07, 26.14, 26.77, null, 25.8, 27.48, 26.49, 26.66, 26.44, 26.49, 25.9, 25.98, 26.2, 26.2, 27.1, 27.06, 28.13, 27.38, 25.49, 25.75, 27.67, 27.34, null, 26.54, 26.24, 26.96, 24.9, 26.31, 28.9, 26.15, 26.53, 26.31, null, 25.13, null, 26.07, 25.77, 24.54, 28.61, 27.42, null, 25.04, 25.77, 27.15, 26.4, 25.45, 26.45, 28.07, 27.26, 24.38, 25.29, 26.39, 26.71, 28.12, 26.54, 27.2, 23.92, 26.07, 27.39, 28.82, 24.94, 26.34, 24.44, 26.3, 27.8, 27.66, 26.49, null, 29.67, 26.29, 25.89, 25.87, 24.79, 27.07, 27.33, 27.28, 27.48, 25.83, null, 27.93, 25.98, 25.87, 27.74, 25.59, 25.17, 25.29, null, 27.76, 27.29, 25.42, 27.15, 28.58, 26.98]",274.17
stable_cold,78,"[2.3, 2.84, 2.54, 2.56, 3.04, 2.28, 2.38, 2.81, 3.13, null, 2.48, 3.12, 2.43, 3.48, 2.29, 3.28, 2.48, 3.55, 2.98, 2.34, 2.54, 3.06, 3.17, 2.72, 2.76, 3.05, 2.8, 2.23, 2.42, 2.84, 3.23, 3.39, 3.06, 2.86, 3.04, 2.48, 2.68, 2.41, 2.25, 2.88, 2.82, 3.02, 2.96, 2.84, 2.97, 2.73, 2.91, 2.45, 2.89, 3.01, 2.48, 2.77, 2.5, 2.53, 2.29, 3.25, 3.17, 2.96, 3.53, 2.67, 3.96, 2.65, 2.85, 2.59, 2.89, 3.08, 2.7, 3.46, 2.84, 2.85, 2.38, 2.91, 2.69, 2.5, 2.43, 3.81, 2.64, 2.16]",663.07
market_display,63,"[29.72, 29.74, 28.09, 28.23, 27.56, 29.16, 29.89, 30.14, 25.84, 29.42, 27.6, 29.56, 27.59, 29.73, 28.08, 28.1, 29.82, 28.19, 30.0, 29.74, 28.72, 28.31, 30.38, 29.85, 30.82, 26.76, 28.51, 28.31, 29.47, 27.71, 27.88, 28.9, 26.6, 26.44, 28.71, 32.04, 28.99, 28.4, 29.37, 29.55, 28.7, 28.04, 26.97, 29.93, 28.29, 29.42, 30.12, 28.48, 27.09, 28.58, null, 29.45, 28.17, 28.11, 28.39, 29.3, 29.93, 31.65, 31.17, 28.69, 27.99, 28.1, 27.28]",299.9
hot_truck_transit,67,"[31.23, 23.63, 22.87, 23.41, 25.63, 23.66, 25.52, 25.19, 27.17, 27.91, 28.44, 29.94, 31.22, 30.95, 31.15, 31.96, 32.6, 29.78, 29.25, 30.56, 28.03, 28.43, 25.86, 25.06, 25.43, 24.55, 22.66, 23.91, 23.03, 24.32, 24.65, 25.29, 25.9, 26.1, 27.96, 29.99, 30.63, 30.23, 32.18, 31.73, 31.8, 30.07, 31.71, 29.83, 29.71, 26.94, 24.95, 24.69, 25.45, 23.08, 24.78, 22.87, 23.9, 24.17, 24.37, 25.21, 25.63, 29.02, 28.9, 28.15, 29.19, 31.34, 31.3, 30.0, 33.34, 28.68, 34.62]",247.25
power_outage,6,"[12.61, 21.64, 29.8, 4.94, 5.09, 5.12]",670.74
stable_cold,20,"[3.66, 3.93, 3.74, 4.01, 3.78, 3.61, 3.27, 3.84, null, 3.34, 3.97, 4.25, 3.48, 3.45, 3.43, 3.07, 4.54, null, 3.4, 3.29]",697.17
stable_cold,5,"[4.79, 4.3, 3.67, 4.18, 4.42]",688.07
power_outage,64,"[3.73, 3.61, 3.9, 3.62, 3.61, null, 4.27, 3.3, 3.9, 3.71, null, null, 3.22, null, 3.37, 4.05, 3.44, 3.91, 3.58, 3.56, 3.48, 3.88, 3.96, 3.65, 3.93, null, 3.35, 3.86, 3.66, 2.96, 3.63, 17.13, 31.16, 3.67, 3.73, 3.5, 3.91, 3.71, 3.62, 3.76, 4.11, 3.1, null, 3.56, null, 3.63, 3.48, 3.44, 4.0, 3.8, 3.17, 3.95, 3.91, 3.3, 3.8, 3.94, 3.27, 9.39, 14.66, 20.58, 25.69, null, 3.68, 3.56]",642.33
stable_cold,8,"[3.02, 1.91, 3.28, 2.75, 3.57, 2.15, 3.21, 2.8]",720.22
mixed_chain,12,"[5.21, 5.58, 5.85, 5.6, null, 22.87, 21.56, 26.02, 28.45, 31.02, 28.54, 29.07]",339.24
mixed_chain,86,"[3.81, 3.84, 3.67, 4.22, 3.81, 4.04, 4.14, 3.62, 4.19, 4.04, 4.01, 3.64, null, 3.32, 3.92, 3.64, 3.81, 3.41, 3.69, 3.53, 3.38, 4.19, 3.69, null, 4.12, 4.09, 3.92, null, 3.82, 4.05, 4.39, 3.04, 4.13, 3.5, 3.77, null, 3.93, 3.72, 29.81, 21.63, 21.18, 21.74, 21.33, 22.51, 22.59, 23.92, 23.91, 27.1, 26.29, 28.8, 27.41, 30.56, null, 29.47, 27.5, 28.06, 27.71, 26.76, 27.18, 29.5, 28.83, 24.76, 28.23, 31.06, 29.87, 29.15, 28.75, 30.29, 29.3, 28.4, 29.02, 29.56, 30.1, 26.91, null, 29.76, 27.89, 28.36, 30.56, 28.87, 27.69, 26.88, 28.46, 27.89, 30.11, 27.71]",294.07
power_outage,80,"[2.69, 2.29, 2.6, 2.65, 2.87, 3.02, 3.06, 2.81, 2.65, 3.09, 2.54, 2.66, 2.57, 2.01, 3.03, 2.85, 1.94, 9.14, 14.93, 21.51, null, 33.18, null, 2.38, 2.28, 2.91, 2.76, 3.1, 2.53, null, 2.84, 2.4, 2.55, 2.8, 2.61, 2.5, 2.23, 2.93, 2.54, 2.83, 2.79, 2.97, 2.58, 2.54, 2.31, 2.48, 2.75, 2.4, 2.74, 10.82, 17.98, 25.46, 33.46, 2.22, 3.05, 2.67, 2.43, 2.48, 2.29, 2.95, 3.2, 2.2, 2.96, 2.57, 3.03, 2.1, 2.71, 2.52, 2.84, 2.66, 2.65, 2.61, 3.11, 2.59, 2.91, 2.83, 2.91, 2.34, 2.86, 2.75]",642.86
mixed_chain,29,"[4.73, 4.4, 5.44, 5.54, 4.44, 4.5, 5.14, 5.04, 4.49, 4.46, 4.93, 4.76, null, 21.94, 20.46, null, 19.97, null, 21.27, 25.91, 28.94, 27.34, 28.3, 29.55, 28.09, 27.3, 24.73, 26.44, 29.48]",324.05
mixed_chain,33,"[3.11, 3.05, 3.08, 3.57, null, 3.76, 3.14, 3.35, 3.28, 3.48, 2.68, 3.33, null, 22.53, 22.8, 23.4, 21.87, 22.65, 22.62, 24.21, 29.71, 30.39, 28.83, 28.21, 28.87, 28.12, 28.88, null, 30.35, null, 29.43, 25.92, 27.66]",335.32
hot_truck_transit,23,"[32.24, 24.9, 23.55, 25.69, 23.36, 23.85, 25.08, 27.16, 28.15, 28.61, 29.84, 29.05, 29.56, 31.26, 32.67, 32.82, 31.26, 30.78, 31.86, 30.25, 27.47, 27.19, 29.72]",320.9
mixed_chain,46,"[4.52, 4.61, null, null, 4.61, 4.28, 4.39, 4.78, 3.96, 4.15, 4.59, 4.12, 4.34, 4.94, 4.48, 4.29, 4.91, 3.9, 4.01, 4.05, 31.89, 26.39, 25.33, 25.57, 25.2, 25.87, 25.9, 28.47, 27.43, 29.39, 32.47, 34.64, 34.33, 33.17, 32.25, 33.75, 34.38, 31.91, 32.24, 32.19, null, 33.86, 33.56, 31.63, 35.07, 31.8]",290.79
stable_cold,63,"[5.18, 4.92, 5.41, 4.98, 5.2, 5.62, 5.0, null, 5.61, 5.7, 5.33, 6.57, 5.7, 5.41, 4.93, 5.24, 5.85, 5.96, null, 5.59, null, 5.47, 4.78, 4.68, 5.37, 5.49, 5.64, 5.48, 5.49, 4.88, 5.23, 4.67, 4.47, 5.57, 4.98, 5.63, 5.72, null, 5.51, 5.01, null, 5.33, 5.09, 5.1, 6.07, 4.67, 5.43, 4.88, 5.64, 5.4, null, 4.9, 4.97, 5.65, null, 5.47, 4.92, null, 6.25, 5.32, 5.86, 4.98, 5.26]",612.62
hot_truck_transit,45,"[27.03, 20.6, 19.53, 20.72, 19.89, 21.62, 22.15, 21.74, 22.96, 24.21, 26.4, 25.52, 25.21, 27.4, 27.41, 27.05, 28.11, 26.8, 27.38, 25.32, 27.68, 25.13, 22.66, 21.66, 21.3, 21.4, 20.06, 19.35, 19.25, 20.8, 20.87, 22.51, 21.54, 24.66, 25.06, 24.88, 27.4, 28.14, 27.5, 28.8, 27.05, 25.91, 26.97, 25.57, 27.24]",324.11
hot_truck_transit,95,"[27.8, 24.38, 24.14, 22.89, 23.02, 23.86, 24.63, 25.46, 26.08, 27.17, 28.27, null, 29.96, 31.55, 32.44, 32.4, 31.4, 29.97, 29.85, 28.85, 27.37, 26.71, 25.84, 24.34, 25.38, 24.48, 23.56, 23.77, 23.84, 23.41, 26.07, 24.84, 25.09, 27.59, 28.95, 29.22, 31.28, null, 30.67, 30.98, 31.44, 30.99, 31.26, 30.13, 27.24, 27.32, 25.43, 26.63, 23.85, 24.16, 23.04, 21.88, 22.59, 23.8, 25.09, 25.88, 25.36, 27.71, 29.25, 29.87, 30.0, 30.96, 31.45, 32.58, 32.68, 31.44, 30.33, 29.44, 28.55, 27.62, 26.01, 27.03, 24.0, 25.03, 21.84, 23.24, 23.33, 24.18, 24.34, 26.57, 26.23, 26.64, 27.72, 29.08, 30.87, 31.65, 30.36, 30.82, 30.47, 30.7, 31.06, 29.6, 28.94, 28.06, 31.76]",240.5
power_outage,24,"[4.48, 5.35, 4.7, 4.76, 4.58, 4.63, 13.79, 22.69, 31.59, 4.59, 4.48, 4.71, 4.61, 5.22, 4.9, 4.38, 4.23, 4.47, 4.26, 4.45, 4.29, 4.49, 4.49, 4.63]",662.7
stable_cold,24,"[3.58, 3.36, 3.64, 2.6, 3.43, 4.24, 3.5, 3.47, 3.66, 3.8, 2.64, 2.77, 3.53, 3.16, 3.97, 3.32, 2.67, 2.94, 2.34, 3.35, 3.37, 3.27, 3.87, 3.92]",680.09
power_outage,38,"[4.81, 4.62, null, 4.98, 4.6, 4.62, 5.04, 10.66, 17.42, 23.94, 29.92, 4.79, 5.06, 4.6, 5.01, 9.83, 14.56, 20.01, 24.18, 29.37, 4.65, 4.82, 5.36, null, 5.01, 4.99, null, 5.39, null, 5.21, 4.82, 5.12, 5.13, 5.19, 5.45, 4.56, null, 4.95]",638.98
hot_truck_transit,20,"[25.44, 19.78, 18.31, 18.75, 18.87, 18.5, 19.0, 20.31, 20.96, 21.14, 23.95, 24.79, 24.57, 25.13, 26.59, 27.74, 27.02, 26.76, 24.92, 29.8]",325.71
power_outage,2,"[8.13, 13.27]",532.56
hot_truck_transit,17,"[29.53, 21.63, 21.55, 19.64, 20.64, 19.56, 21.1, 22.15, 23.87, 24.21, 25.88, 26.03, null, 27.13, 28.73, 28.01, 28.25]",340.96
hot_truck_transit,70,"[25.89, 20.13, 19.38, 19.24, 18.98, 19.25, 20.56, 22.28, 23.61, 24.65, 24.05, 24.45, 26.93, 27.88, 27.59, 27.37, 26.75, 27.34, 26.68, 25.62, 23.54, 22.6, 22.28, 22.23, 21.29, 19.61, 18.07, 20.46, 20.52, 20.03, 20.22, 21.15, 23.1, 23.82, 24.08, 27.15, 25.0, 26.37, 26.79, 27.48, 28.16, 27.52, 26.32, 24.33, 25.19, 22.48, 22.04, 21.33, 19.92, null, null, 20.56, 19.47, 18.5, 20.79, 20.83, 22.65, 23.63, 22.92, 25.08, 26.71, 26.78, 26.38, 27.92, 25.92, 27.04, 25.79, 25.74, 24.24, 27.08]",303.32
power_outage,37,"[17.63, 30.75, 3.57, 3.81, 3.64, null, 4.0, 4.17, 4.14, 3.93, 4.29, 4.13, 3.9, 3.49, null, 3.62, null, 4.02, 3.59, 4.07, 4.05, 4.06, 4.04, 3.8, 4.17, 3.79, 10.51, 17.87, 24.79, 31.52, 3.93, 3.41, 4.44, null, 4.17, 4.63, 4.04]",660.0
mixed_chain,67,"[3.56, null, 3.63, 3.24, 3.65, null, 3.28, 3.64, 2.91, 3.49, 3.47, null, 3.22, 3.66, 3.5, 3.48, 3.13, 2.97, 3.56, 3.08, 3.94, 31.69, 24.46, 23.8, null, 24.39, 23.6, null, 24.19, 25.3, 26.92, 28.45, 30.33, null, 31.52, 31.39, 33.47, 30.6, 30.95, 30.79, 28.82, 28.48, 26.53, 26.38, 29.17, 32.77, null, 28.68, 29.07, 32.17, 30.33, 28.68, null, 32.3, 32.24, 31.05, 31.88, 31.07, 29.29, 31.79, 30.19, 32.67, 30.04, 30.17, 29.15, null, 32.73]",266.46
market_display,37,"[28.68, 25.26, 26.22, 27.2, 27.45, 28.0, 28.18, 26.22, 29.25, 28.26, 27.93, 28.45, 27.12, 27.58, 26.56, 25.22, 27.58, null, 27.18, null, 28.54, 27.29, 28.39, 28.66, 27.26, 28.36, 27.82, null, 27.23, 26.87, 26.05, 26.85, 28.67, 27.88, 25.64, null, 27.88]",323.24
hot_truck_transit,58,"[30.02, 24.81, 23.87, 24.09, 24.57, 24.56, 25.26, 24.29, 26.53, 27.35, 29.85, 29.66, 30.26, 31.9, 30.62, 31.91, 30.26, 30.86, 30.43, 31.14, 28.89, 27.26, null, 27.13, 23.5, 25.13, 24.42, 23.88, 23.86, 25.66, 25.72, 25.15, 26.96, 28.97, 29.44, 30.19, 29.76, 33.29, 32.42, 33.4, 32.08, 31.43, 30.29, 30.76, 30.21, 28.81, 28.75, 26.08, 24.65, 24.72, 24.76, 23.77, 24.08, 24.68, 25.54, 26.08, 27.11, null]",272.98
stable_cold,92,"[5.11, 5.2, 5.28, 5.66, 5.58, 4.89, 5.16, 5.01, null, 5.14, null, 4.5, 5.18, 5.16, 5.3, 4.8, 4.62, 4.63, 5.72, 4.79, 4.99, 6.03, 4.89, 5.32, 5.61, 5.59, 4.65, 4.9, 5.31, 5.96, 4.88, 4.99, 5.35, 5.43, 5.46, 4.85, null, 5.27, 5.69, 5.09, 5.18, 4.77, 5.93, 5.25, 5.62, 5.2, 5.22, 4.58, 4.32, 5.69, 5.22, 5.27, 4.69, 4.82, 5.61, 5.88, 4.94, 5.45, 5.26, 5.14, 5.93, 5.0, 5.68, 5.34, 5.18, 5.73, 5.3, 5.15, 5.74, 5.68, 5.67, 3.63, 5.36, 5.27, 5.17, 5.43, 5.29, 5.46, 5.08, 5.78, 5.5, 5.4, 5.38, 5.65, 5.59, 5.14, 5.58, 5.25, 5.95, 5.62, 4.93, 6.12]",568.9
stable_cold,95,"[4.45, null, 4.67, 4.37, 4.37, 5.08, 4.51, 4.24, 4.66, 4.73, null, 4.66, 5.02, 4.86, 5.57, 5.18, 5.26, null, 4.98, 4.74, 5.07, 4.45, 4.72, 4.42, 4.84, null, 4.4, 4.84, 4.62, 3.91, 4.1, 4.22, 4.32, 4.84, 4.77, 5.1, 4.98, 5.11, 4.92, 4.76, 5.12, null, 4.83, 5.19, 3.74, 4.56, 4.56, 5.14, 5.31, 4.1, 5.24, 4.21, 4.22, 4.58, 4.55, 4.05, 4.94, 4.95, 5.1, 4.5, 4.66, 4.67, null, 3.54, 4.3, 4.68, 4.24, 4.57, 4.63, 4.41, 4.7, 4.93, 4.58, 4.5, 4.61, 4.67, 3.98, 4.86, 4.5, 5.18, 4.91, 5.15, 4.27, 4.53, 4.18, 4.4, 5.18, 5.27, 4.22, 4.49, 4.65, 4.91, 3.97, 4.04, 4.87]",589.28
mixed_chain,17,"[5.15, 4.54, 5.18, 5.38, 4.94, 5.16, 5.29, 30.75, null, 22.06, 23.5, 21.8, 28.09, 30.09, 29.54, 31.24, 26.33]",360.6
stable_cold,74,"[3.71, 4.08, 3.23, 3.43, 3.26, 3.23, 3.33, 3.49, 3.8, 3.7, 3.14, 4.08, null, 3.21, 4.06, 3.7, 3.5, 3.71, 3.56, 3.78, 3.64, 3.43, 2.76, 3.78, 3.42, 3.88, 3.76, 3.43, 3.98, 3.65, 3.63, 3.51, 4.24, 3.28, 3.44, 3.07, 3.86, 3.33, 3.38, 3.36, 3.59, 3.07, null, 3.75, 2.72, 3.91, 4.19, 3.5, 4.09, 3.56, 4.21, 3.38, 2.62, 3.53, 4.25, 3.78, 3.36, 3.7, 3.96, 3.53, 4.62, 3.36, 3.97, 3.87, 3.29, 3.4, 3.97, 3.62, 3.7, 2.91, 3.83, null, 3.54, 3.71]",634.5
power_outage,5,"[11.58, 18.75, 26.39, 33.37, 33.19]",310.45
market_display,42,"[29.41, 29.4, 27.78, 26.18, 28.9, 26.46, 27.98, 29.78, 25.06, 27.64, 27.19, 27.41, 26.27, 30.47, 28.18, 25.52, 28.42, 29.33, 27.89, 29.94, 25.47, 29.35, 27.68, 26.9, null, 28.91, 29.8, 29.74, 28.07, 26.05, 25.79, 25.91, 27.46, 28.28, 28.64, 28.67, 26.99, 29.63, 29.91, 26.76, 27.85, 28.8]",310.28
hot_truck_transit,66,"[27.35, 20.15, null, 19.99, null, 20.41, 20.94, 20.23, 22.06, 24.14, 25.89, 24.43, 27.36, 25.71, 28.73, null, null, 27.49, 25.8, 26.16, 24.68, 20.7, null, 21.9, 21.77, 20.55, 20.72, null, 20.46, 20.88, 19.61, 22.63, 22.97, 23.52, 24.54, 24.92, 27.08, 27.45, 28.08, 27.81, 27.77, 26.97, 27.44, 26.23, 24.92, 23.64, 21.3, 20.16, 20.62, 21.3, 19.32, 19.21, 19.1, 19.25, 20.19, 21.97, 22.32, 23.32, 24.28, 25.94, 26.89, 25.72, 27.0, 27.67, null, 32.84]",264.96
power_outage,27,"[2.43, 2.99, 3.26, 3.03, 2.37, 2.63, 2.8, 9.53, null, 23.44, 30.51, 2.59, 2.84, 3.18, 2.8, 2.7, 2.44, 3.13, 2.72, 2.71, 2.06, 2.73, 2.65, 2.22, 3.06, 2.61, 3.33]",687.21
hot_truck_transit,41,"[26.18, 18.13, 18.2, 17.5, null, 17.92, 18.77, 19.82, 21.75, 22.57, 22.27, 26.74, 24.99, 24.95, 26.88, 26.54, 25.76, 26.32, 24.84, 24.31, 24.76, 22.65, 22.0, null, 19.84, 18.47, 18.03, 18.22, 18.13, 19.91, 20.18, 18.71, 22.89, 23.06, 24.5, null, 24.18, 24.95, 27.78, 25.25, 29.18]",313.5
stable_cold,27,"[2.74, 2.65, 2.91, 3.0, 2.99, 2.59, 3.18, null, 2.88, 2.74, 2.73, 2.34, 2.91, 3.77, 2.48, 2.66, 2.45, 2.43, 3.25, 2.36, 2.44, 1.99, 2.33, 1.95, 2.88, 3.75, 2.48]",708.14
mixed_chain,28,"[3.78, 3.88, 4.06, 3.9, 3.64, 3.61, 3.86, 3.79, 3.27, 4.36, 4.44, 4.27, 28.83, 25.21, 23.08, 23.06, 23.46, 23.0, 23.49, 25.64, 26.44, null, 24.97, 27.44, 27.48, 27.24, 28.61, 27.79]",339.15
market_display,18,"[32.22, 32.94, 30.94, 31.98, 34.38, 32.73, 35.99, 33.34, 32.59, 31.74, 31.45, 33.0, 32.24, 32.43, 33.04, 32.0, 33.86, 33.16]",296.95
stable_cold,71,"[1.77, 2.08, 2.7, 2.24, 2.77, 2.51, 3.06, 2.84, 2.85, 2.26, 2.38, 2.3, 1.82, 3.01, 2.72, 2.29, 2.95, 2.17, 1.69, 2.83, 1.91, 2.35, 2.51, 2.58, 2.76, 2.66, 2.64, 2.11, 2.54, 1.82, 3.05, 1.86, 2.29, 1.9, 2.13, 2.43, 2.21, 2.88, 2.51, 2.24, 2.37, 2.91, 2.79, 1.97, 2.15, 2.61, 2.57, 2.0, 2.72, 2.07, 2.95, 2.64, 1.97, 2.21, 2.21, 2.49, 2.34, 1.97, 1.87, 2.64, 2.54, 2.47, 2.53, 2.18, 2.5, 3.44, 2.89, 2.31, 2.21, 1.28, 2.85]",657.03
market_display,79,"[32.23, null, 32.71, 30.88, null, 30.92, 30.12, 29.27, 33.13, 29.37, 32.28, 32.86, 29.93, 31.53, 31.62, 31.62, 30.03, 30.32, 31.75, 28.82, 28.39, 30.91, 30.63, 30.98, 29.92, 31.73, 31.81, 30.98, 29.2, null, 28.68, 29.27, 31.7, 29.44, 29.9, 30.95, 31.89, 31.48, null, null, 29.75, null, 30.92, 31.12, 33.73, 31.52, 28.73, 32.17, 29.77, 29.21, 32.03, 31.8, 32.09, 30.04, 33.46, 31.89, 29.65, 33.45, 31.48, 30.77, 30.12, 26.93, 31.7, 30.04, 30.5, 30.67, 29.75, 31.41, 29.78, 28.86, 30.87, 30.09, 28.44, 29.31, 30.99, 30.95, 32.46, 32.2, 31.31]",251.67
stable_cold,58,"[4.97, 5.65, 5.01, 5.05, 5.21, 4.98, 4.69, 5.17, 5.0, 5.76, null, 4.78, 5.31, 5.14, null, 4.81, 5.09, 4.98, 5.04, 4.66, 5.25, 5.19, 5.53, 5.01, 4.85, 5.33, 4.7, 5.45, 5.45, 5.52, 5.17, 4.82, 5.06, 5.17, 4.79, 5.55, null, 4.66, 5.77, 5.06, 4.58, 4.69, 5.61, 5.75, 5.42, 5.55, 5.5, 5.24, 5.15, 5.23, 5.31, 4.72, 5.31, null, 4.94, 4.89, 5.21, 4.76]",627.36
hot_truck_transit,89,"[29.17, 23.36, 22.38, 22.02, 21.39, 21.96, null, 24.78, 24.48, 26.62, 27.51, 29.05, 30.87, 30.23, 29.62, 30.9, 29.33, 31.55, 28.15, 28.66, 27.34, 25.97, 24.89, 25.39, 23.93, 22.72, 23.83, 22.21, 23.03, null, 22.45, 24.87, 25.52, 28.02, 26.78, 28.85, 28.94, 30.45, 30.78, 30.28, 29.58, 29.5, 28.24, 28.6, 25.09, 25.84, 25.99, 25.01, 22.19, 23.31, 21.53, 22.0, 23.05, 22.06, 24.62, 24.51, 25.64, 27.17, 28.05, 28.95, 28.61, 28.88, 29.94, 30.68, 29.14, 30.23, 29.43, 28.16, 27.39, 26.36, 25.62, 24.9, 25.77, 22.98, 21.93, 20.78, 21.31, 22.23, 24.03, 23.99, 25.59, 25.72, 27.7, 29.0, 28.81, 30.12, 29.82, 29.32, 35.79]",224.57
mixed_chain,81,"[null, 3.78, 3.73, 4.06, 4.09, 4.68, 3.67, 4.13, 4.04, 4.26, 3.99, 4.53, 4.37, 4.63, 4.15, 4.1, 3.95, null, 4.26, 4.28, 4.33, 3.95, 3.64, 3.78, 4.19, 4.55, null, null, 24.3, 22.38, 23.73, 20.88, 23.6, 24.59, null, 26.04, 27.44, 27.8, 28.25, 28.39, 30.82, 31.36, 31.17, 31.1, 30.29, 35.08, 31.43, 32.16, 32.67, null, 28.51, 33.07, null, 32.62, 29.76, 31.12, 33.43, 33.43, 31.79, 34.06, 32.01, 32.41, 31.02, 31.47, 32.51, 29.23, 32.14, 32.55, 32.02, 33.75, 31.44, 31.73, 31.54, 31.66, 31.83, 31.35, 33.37, 33.69, 33.39, 32.87, 30.85]",267.08
market_display,57,"[32.63, 32.91, 32.21, 32.65, null, null, 30.54, 32.05, 32.13, null, 32.24, 34.12, 33.16, 33.77, 34.06, 34.55, 34.05, 31.82, 33.91, 33.27, 34.5, 32.91, 34.26, 33.0, 33.05, 33.68, 32.51, 33.55, 31.06, 33.46, 31.36, 33.55, null, 30.71, 32.95, 32.97, 32.58, 33.75, 34.0, 35.92, 32.94, 34.12, 31.89, 32.23, 31.9, 32.75, null, 34.13, 33.3, 34.49, 34.51, 32.93, 32.76, 31.05, null, null, 31.96]",265.98
mixed_chain,26,"[4.61, 4.3, 4.44, 4.9, 4.42, null, 4.61, 4.95, 5.16, 4.17, 4.96, 5.06, 27.59, 20.03, 22.48, 19.82, null, 21.35, 27.36, 31.3, 33.18, 32.7, 31.02, 32.76, 31.99, 33.5]",294.52
hot_truck_transit,92,"[31.37, 27.27, 26.91, 27.06, 27.39, 26.04, 28.8, null, 27.72, 29.32, 31.12, 31.98, 31.27, 32.5, 33.83, 33.62, 34.15, 34.82, 31.63, 33.64, 32.33, 28.41, 27.8, 27.47, 26.2, 26.79, 26.44, 25.91, 26.23, 26.22, 27.28, 29.32, 26.85, 29.81, 31.2, 31.71, 32.87, 34.22, 33.24, 35.56, 32.47, 33.75, 32.61, 32.0, 31.44, null, 29.64, 29.37, 26.73, 25.91, 26.94, 26.58, 24.68, 26.77, 27.58, 27.75, 29.96, 28.51, 29.11, 32.65, 31.97, 33.23, 32.75, 34.47, 33.93, 33.15, 31.63, 31.66, 31.1, 29.37, 28.36, 27.8, 27.5, 26.67, 26.87, 25.72, 26.74, 25.4, 27.28, 28.07, 30.64, 29.26, 29.87, 31.18, 32.12, 33.59, 32.65, 34.07, 33.68, 33.99, 33.12, 37.96]",204.01
stable_cold,52,"[5.46, 6.21, 4.69, 6.48, 5.17, 5.91, 5.88, 6.16, 5.58, 4.85, 5.58, 5.62, 4.89, 5.73, 5.28, null, 5.61, 6.49, 5.61, 5.88, 5.62, 5.06, 5.63, 6.01, 5.95, 5.59, 5.13, 5.97, 5.88, 6.05, 5.6, 5.04, 5.92, 5.71, 6.27, 5.72, 5.69, 5.88, 5.47, 5.45, 5.67, 5.34, 5.62, 6.49, 6.13, 5.83, 6.33, null, 6.71, 5.53, 6.51, 6.51]",600.07
market_display,56,"[29.7, 27.4, 27.88, 26.17, 26.84, 27.54, 28.56, 27.39, 26.68, 28.4, 25.99, 26.04, 27.01, 28.47, 26.95, 28.11, 28.89, 28.56, null, 28.19, 29.7, 28.74, 27.52, 26.84, 28.19, 26.43, null, 27.82, 29.41, null, 28.52, 26.83, 29.03, 29.81, 27.0, 28.16, 31.1, 27.1, 26.25, 28.26, 26.71, 28.44, 29.04, 26.76, 26.23, 29.22, 30.07, 27.63, 29.65, 30.11, 28.85, 28.16, 28.81, 29.04, 25.3, 27.85]",303.83
power_outage,58,"[5.06, 5.25, null, 5.15, 5.07, 4.93, 5.23, 4.96, 5.33, 5.06, 4.64, 5.34, 5.34, 5.83, 5.16, 5.21, null, 5.46, 5.44, 5.25, 5.14, 5.41, 5.13, 4.77, null, 5.07, 5.19, 5.9, 5.12, 5.17, 5.03, 5.34, 5.24, 4.96, 4.85, null, 4.9, 5.08, 5.2, 5.0, 5.59, 18.1, 30.28, 4.86, 5.14, 5.11, 5.13, 5.03, 4.84, 5.16, 5.05, 5.07, 5.18, 5.13, null, null, 5.26, 4.94]",622.53
mixed_chain,63,"[3.04, 2.75, 2.9, 2.57, 3.0, 1.99, 2.99, 3.17, 2.38, null, 3.33, 2.83, 2.07, 2.59, 1.99, 2.59, 2.67, 2.92, 2.69, 3.32, 2.72, 31.57, 25.3, 24.73, 23.23, 24.28, 25.68, 25.16, 24.89, 27.21, 27.68, 28.99, 32.69, 26.37, 28.03, 28.69, 27.29, 25.92, 26.16, 27.28, 27.45, 26.43, 26.82, 27.76, 28.35, 27.05, 27.8, 27.06, 27.44, 26.28, 27.53, 28.71, 27.5, 27.57, 26.0, 27.47, 24.6, 27.85, 28.79, 26.43, 26.78, 28.21, 26.08]",323.03
hot_truck_transit,63,"[null, 18.43, 18.81, 19.51, 19.69, 17.01, 20.22, 20.15, 21.83, null, 23.23, 23.26, 25.02, 26.49, 26.76, 28.26, 25.99, 25.3, 26.48, 23.17, 23.73, 22.94, 19.66, 19.67, 18.62, 19.74, 18.16, 18.33, 17.39, 18.43, 19.08, 20.37, 21.26, 23.72, 24.13, 23.12, 26.18, 26.71, 26.46, 27.33, 27.37, 25.62, 24.4, 24.99, 22.93, 22.75, null, 21.32, 19.11, 18.91, 18.46, 17.41, 19.54, 20.11, 19.6, 19.93, 21.32, null, 23.56, 24.29, 24.65, 26.91, null]",278.95
mixed_chain,81,"[5.44, 5.73, null, 5.25, 5.58, 5.88, 5.73, 6.16, 4.78, 5.32, 5.53, 5.78, 5.48, 5.45, 5.52, 5.44, 6.08, 5.72, 5.51, null, 5.06, 5.34, 5.35, 6.02, 30.76, 23.31, 22.68, 22.75, 22.97, 22.37, 23.95, 24.98, 24.91, 26.57, null, 27.87, 30.74, 30.42, 29.47, 31.44, 30.25, 29.34, 29.7, 30.34, 27.96, 26.45, 26.47, 24.32, 25.35, 23.41, 23.62, 21.58, null, 27.95, 28.23, 27.44, 27.4, 29.66, 25.26, 28.89, null, 27.18, 27.32, 28.29, 28.58, 27.23, 28.3, 25.56, 29.13, 28.24, 26.23, 29.32, 28.41, 28.23, 26.96, 26.55, 27.01, 31.35, 27.52, 28.78, 28.88]",283.51
mixed_chain,59,"[2.74, 2.26, 3.18, 2.33, 3.27, 3.72, 2.64, 2.53, 2.76, 3.24, 2.47, 1.98, 3.29, 2.85, 2.75, 2.86, 2.51, 2.76, 2.94, 3.03, 2.85, 1.87, 29.48, 23.37, 21.04, 21.62, 21.03, 22.18, 21.25, 24.47, 24.5, 24.84, 25.98, 26.67, 27.81, 31.25, 32.3, 34.09, 31.15, 28.74, 31.01, 31.29, 32.33, 30.57, 30.59, 30.56, 29.88, 29.28, 31.52, 29.68, 31.06, 32.2, 30.32, 32.79, 30.54, 29.59, 30.92, 31.83, 32.38]",277.47
hot_truck_transit,48,"[30.04, 23.15, 22.78, 22.37, 22.05, 23.51, 23.23, 24.36, 25.53, 26.63, 26.49, 28.43, 28.28, 29.88, 30.76, 31.71, null, 30.42, 28.23, 28.7, 26.41, 27.23, 24.38, 23.49, 24.04, 24.15, 23.25, 21.98, 21.61, 22.46, 23.54, 24.21, 24.41, 27.3, 28.35, 29.78, 27.77, 29.09, 30.33, 30.27, 29.77, 29.05, 28.3, 29.89, 26.16, 25.02, 24.28, 30.13]",295.81
market_display,80,"[31.8, 30.37, 30.8, 33.54, 30.7, 32.91, 33.27, 30.77, 31.49, 30.59, 31.18, 31.95, 31.06, 31.63, null, 30.08, 30.72, 31.33, 32.71, 30.94, null, 30.03, null, 30.7, 30.9, 31.24, 30.51, 29.83, 31.71, 32.25, 29.56, 31.46, 31.44, 30.73, 30.72, 32.45, 33.76, 32.72, 31.81, 32.58, 31.73, null, 31.59, 29.54, 30.26, 32.28, 30.93, 30.16, 30.43, 29.68, 31.54, 30.64, 30.85, 31.64, 31.55, null, 29.76, 31.06, null, 30.34, 30.51, 31.31, 31.29, 31.08, 31.6, 30.05, 32.96, 30.78, 33.16, 28.53, 29.11, 31.04, 32.34, 31.42, 31.01, 31.48, 31.12, 33.5, 30.52, 32.67]",241.46
stable_cold,6,"[4.08, 4.37, 4.45, 5.01, 4.58, 4.47]",686.04
market_display,85,"[31.77, 32.82, 29.56, 31.6, 30.83, 31.13, null, 29.18, 29.74, 30.4, 32.16, 30.32, 31.25, 30.76, 30.77, 30.87, null, 30.5, 30.2, 30.62, 29.87, 32.87, 28.64, null, 31.2, 31.68, 32.62, 30.37, 30.69, 31.29, 32.37, null, 30.92, 31.46, 30.29, 31.21, 29.95, 32.15, 28.57, 30.38, 31.37, null, null, 30.77, 31.05, 31.37, 30.63, 28.7, 32.79, 32.33, 31.56, 30.25, 31.22, 28.62, 28.81, 33.58, 29.2, 30.32, 30.86, 31.1, 30.69, 30.25, 30.57, 32.05, 31.45, 31.51, 28.36, 31.32, 30.84, 29.93, 32.9, 28.93, null, 32.11, 30.88, 28.33, 32.42, 28.65, 29.25, 31.85, 29.53, 30.38, 29.52, 30.77, 32.12]",240.92
market_display,52,"[31.54, 30.79, 34.2, 31.93, 33.44, 33.62, 34.17, 32.29, 30.64, 30.07, 32.04, 34.4, 32.45, 33.99, 31.19, 34.1, 33.17, 32.52, 33.49, 31.68, 32.92, 31.35, 31.63, 31.26, 31.29, 30.28, 35.09, 30.92, 33.6, 30.33, 31.67, 31.93, 34.07, 32.76, 31.07, 32.07, 33.78, 33.62, 31.56, 30.6, 31.59, 33.17, 30.25, 32.15, 30.9, 31.78, 32.97, 32.28, 33.19, 33.83, 36.84, 33.45]",261.8
stable_cold,29,"[5.19, 5.4, 5.56, 5.44, 5.22, 5.71, 5.59, 5.68, 5.8, 5.45, 5.45, 6.11, 5.14, 4.77, 5.74, 5.27, 5.09, 5.87, 5.46, 5.01, 6.29, 4.87, 5.48, 4.76, 5.63, 5.26, 5.85, 5.51, 6.06]",631.24
market_display,91,"[25.04, 26.62, 27.72, 27.19, 27.6, 30.4, null, null, 26.56, 26.06, 28.27, 25.8, 26.18, 27.79, 28.44, 26.7, 26.85, 25.78, 28.35, 27.78, 27.75, 26.16, 28.71, 27.14, 28.8, 26.95, 28.13, 26.83, 28.89, null, 28.1, 26.27, 27.22, 28.5, 26.37, 28.3, 28.64, 25.33, 28.31, 29.09, 26.84, 26.71, 25.79, 26.58, 28.96, 27.24, 28.34, 26.99, 27.6, 29.23, 29.35, 27.92, 27.49, 26.79, null, 27.59, null, 25.72, 27.22, 27.56, 28.35, null, 27.57, 28.91, 28.11, 28.14, 26.76, 27.48, 26.51, 28.95, null, 27.89, 27.95, 29.19, 30.16, 27.84, 27.84, 28.21, 29.48, 28.67, 28.22, 28.66, 28.24, 26.06, 29.02, 26.78, 27.63, 26.81, 27.42, 28.02, 29.37]",259.24
hot_truck_transit,68,"[31.04, 24.92, 24.46, 23.02, 24.56, 25.61, 23.62, 26.79, 25.29, 27.02, 29.11, 31.42, 30.88, 31.99, 31.29, 32.0, 31.97, 32.92, 30.39, 29.63, 30.05, 27.96, 27.21, 26.5, 24.82, 23.05, 25.15, 24.25, 23.27, 25.31, 26.93, 27.11, 28.78, 27.17, 29.39, 30.44, 30.89, 31.36, 29.65, 33.51, 30.73, 32.34, 30.99, 30.13, 29.03, 28.31, 27.63, 26.92, 25.23, 23.73, 23.3, 24.99, 24.07, 23.87, 24.73, 26.08, 26.09, 28.13, 30.19, 30.06, 29.57, 32.31, 32.91, 33.09, 32.07, 33.48, 31.57, 36.83]",232.4
power_outage,35,"[5.18, 4.73, 4.91, 4.77, 4.78, 5.24, 4.47, 4.88, 17.73, 30.69, 4.86, 5.19, 4.88, 4.93, 4.92, 5.09, 5.06, 4.56, 4.96, 5.06, 18.09, 30.11, 5.06, 4.79, 4.95, 4.57, 4.89, 4.99, 4.6, 5.33, 4.43, 5.06, 4.17, 4.82, 5.04]",642.51
stable_cold,46,"[3.37, 4.05, null, 3.68, 3.37, 3.64, 4.26, 3.16, 3.28, 3.35, 3.44, 3.6, 3.99, 3.79, 3.63, 3.71, 3.85, 2.93, 4.03, 3.27, 3.42, null, 3.57, 3.8, 3.66, 3.49, 4.21, 3.89, 3.72, 3.88, 3.32, 4.47, 3.17, 3.65, 3.49, 3.47, 3.42, 3.29, 4.08, 3.12, null, null, 3.45, null, 3.54, 3.16]",673.54
mixed_chain,26,"[null, 4.67, 4.63, 4.46, 5.29, null, 4.67, 4.99, 4.72, 25.72, 18.48, 16.78, 16.92, 19.29, null, 20.16, 22.43, 23.98, 23.45, 24.98, 28.25, 25.09, 27.56, 25.75, 27.53, 26.88]",348.97
power_outage,59,"[5.32, 17.51, 28.19, 4.92, 5.59, 5.73, 10.15, 14.45, 18.78, 23.34, 28.1, 5.28, 5.23, 5.76, 5.67, 5.77, 5.16, 5.12, 5.42, 5.52, 5.41, null, 5.87, 5.33, 5.64, 5.55, 5.42, 5.62, 5.16, 5.1, 5.52, 4.9, 5.55, 5.05, null, 5.27, 5.83, 5.33, 5.32, 5.65, 5.48, 5.37, 5.27, 5.27, null, null, 5.03, 5.75, null, 5.12, 4.87, null, 5.08, 5.25, 5.42, 5.07, 5.67, 5.4, 5.13]",615.16
stable_cold,38,"[5.14, 5.42, 4.38, 4.38, 5.15, 5.71, 4.56, 5.02, 4.47, 4.68, 5.04, 4.77, 4.44, 4.43, 4.21, 5.16, null, 5.2, 4.6, null, null, 4.97, 4.9, 4.7, 5.04, 5.61, 5.42, 4.86, null, 4.52, 5.26, 4.63, 5.24, 6.15, 4.74, 6.13, 5.16, null]",649.63
mixed_chain,54,"[2.18, 2.13, 2.27, 2.16, 2.52, 2.61, 2.8, 2.55, 2.3, 2.61, 2.74, 2.57, null, 3.43, 2.1, 2.7, null, 1.67, 1.65, 1.58, 2.35, null, 2.29, 24.49, 19.03, 19.39, 17.41, 19.54, 20.78, 21.01, 21.0, 21.83, 24.54, 24.74, 25.25, 26.55, 26.21, 26.94, 29.29, 31.69, 32.21, 33.31, 29.73, 31.85, 31.69, 33.0, 32.98, 35.15, 31.65, null, 34.21, 31.99, 32.92, 32.15]",285.03
stable_cold,3,"[1.75, 1.72, 2.37]",734.95
hot_truck_transit,76,"[25.77, 18.94, 19.01, 17.76, 17.98, 19.61, 20.63, 21.02, 22.75, 23.03, 25.21, 24.75, 25.73, null, 26.06, 26.08, 25.84, 25.72, 27.18, 26.15, 23.47, 22.36, 19.94, 19.9, 19.22, 18.88, 18.38, 18.87, 19.45, 18.65, 21.02, 20.97, 22.37, 22.35, null, 25.06, 26.7, 26.68, 27.24, 26.27, null, 25.14, 25.07, 24.92, 22.81, 21.96, 20.92, 21.0, 19.74, 20.0, 20.34, 18.91, 18.42, 19.53, 19.15, 20.65, 23.63, 22.53, 23.97, 24.57, 25.2, null, 25.54, 26.56, 25.47, 27.4, null, 24.08, 22.25, 23.09, 21.63, 22.49, 20.99, 19.74, 18.41, 22.2]",340.51
market_display,37,"[28.96, 31.11, 29.31, 30.56, 29.81, 30.54, 30.0, 31.12, 31.26, 29.28, 28.18, 29.95, 29.41, 29.26, 28.03, null, 30.16, 29.4, 30.05, 30.89, 31.81, 31.95, 29.33, 29.21, 28.45, 31.09, 30.33, 31.81, 30.33, 29.44, 30.05, 29.85, 29.25, 30.21, 29.06, 31.78, 28.04]",319.4
market_display,68,"[29.67, 31.05, 31.18, 29.24, 30.37, 30.56, 30.92, 31.92, 29.63, 30.29, 32.35, 31.72, 29.63, 30.65, 31.28, 31.85, 31.17, 31.27, 31.3, 30.84, 28.88, 30.18, 32.27, 31.82, 30.76, 30.49, 29.89, 29.75, 31.92, 30.4, 31.14, 33.67, 30.9, 29.88, 31.83, 32.07, 28.45, 32.28, 29.7, 32.72, 32.31, 30.94, 29.77, 32.1, 31.29, 29.85, 31.41, 29.43, 31.1, 31.13, 31.36, 32.24, 30.19, 30.01, 30.81, 31.76, 30.53, 28.85, 30.47, null, 29.85, 27.96, 31.16, 29.21, 31.94, 33.55, 29.71, 31.2]",263.17
mixed_chain,68,"[1.97, 1.83, 2.49, 1.81, 2.29, null, null, 2.39, 2.64, 1.53, 1.96, 1.93, 2.07, null, 1.61, 1.98, 2.43, 1.94, 2.19, 2.64, 2.09, 2.42, 2.46, 2.52, null, 1.97, 2.39, 2.11, null, 2.19, 2.5, 1.82, 23.4, 20.23, 19.69, null, 20.14, 19.74, 22.8, 21.37, 21.06, 22.2, 24.81, 23.97, 26.19, 26.41, 28.61, 26.28, 27.88, 29.64, 34.17, 31.73, 31.27, 31.78, 31.13, null, 31.41, 30.41, null, 31.28, 32.64, 30.79, 33.06, null, 31.23, 32.09, 31.86, 32.41]",274.85
market_display,50,"[31.12, 31.05, 31.26, 33.15, 32.05, 30.15, 30.75, 32.1, 30.95, 31.89, 31.25, 31.53, 32.81, 31.76, 33.6, 30.48, null, 31.75, 31.02, 31.44, 31.71, 29.73, 28.66, 32.14, 29.56, 30.66, 31.07, 31.18, 32.21, 32.08, 31.56, 31.96, 30.04, 30.38, 35.59, 31.46, 32.33, 29.9, null, 30.97, 30.64, 33.39, 33.13, 31.24, 31.57, 30.82, 29.91, 31.39, 31.57, 32.54]",271.02
mixed_chain,73,"[4.7, 4.29, 3.54, 3.74, 3.88, 4.28, 4.67, 4.38, 3.88, 4.8, 4.2, 3.86, 4.18, 4.23, 3.88, 4.6, 4.08, 3.89, 4.47, 4.38, 4.54, 4.53, 3.96, 4.18, 3.32, 4.28, 4.32, 4.14, 28.01, null, 20.84, 19.09, null, 21.64, null, 22.72, 23.47, 26.8, 25.88, 29.18, 28.97, 27.84, 28.39, 30.21, 27.66, 29.5, 27.65, 24.93, 29.99, 25.57, 25.32, 24.41, 26.14, 28.02, 27.99, 27.64, 25.97, 27.65, 24.29, 26.93, 28.1, 27.08, 24.24, 25.11, 25.41, 24.89, 25.79, 26.07, 25.91, null, 27.52, 25.97, 24.48]",330.73
power_outage,16,"[11.8, 18.1, 24.16, 30.53, 6.5, 18.34, 30.95, 6.31, 5.65, 5.73, 6.21, 5.79, 6.19, 6.49, 5.55, 5.88]",643.65
stable_cold,20,"[5.24, 4.1, 5.22, 4.39, 4.76, 5.26, 4.75, 4.5, 4.91, 4.55, 4.83, 4.54, 4.97, 4.06, 4.22, null, 4.6, 4.01, 4.34, 4.18]",678.0
mixed_chain,11,"[4.99, 4.78, null, 5.28, 5.63, 33.82, 27.98, 26.28, 28.42, 27.73, 27.01]",359.04
market_display,9,"[29.45, 30.71, 34.0, 31.76, 30.01, 30.0, 30.25, 28.82, 30.01]",331.55
mixed_chain,54,"[5.24, 6.34, null, 5.65, 5.67, 5.65, 5.34, null, 5.48, 4.81, null, 5.44, 5.72, 5.72, 5.58, 5.51, null, null, 5.12, 5.52, 5.86, 30.68, 21.68, 20.24, 20.45, 20.05, 20.47, 22.65, 22.78, 23.23, 26.23, 26.05, 27.26, 28.66, 27.51, 28.08, 29.26, 31.82, 32.52, 31.92, 32.63, null, 32.46, 33.05, 33.46, 34.15, 31.06, 30.57, 30.56, 32.31, 29.86, 30.38, 32.7, 31.48]",287.3
stable_cold,93,"[4.25, 4.4, 4.63, 5.4, 4.97, 4.78, 4.56, 4.33, 5.33, 5.2, 5.42, 5.04, 3.82, 4.38, 5.06, 4.73, 4.66, 4.44, null, null, 5.08, 4.63, 4.95, 4.34, 4.83, 3.87, 4.25, 4.75, 5.83, 4.16, 4.38, 4.97, 5.59, 4.96, 5.16, 4.74, 4.67, 4.91, 4.62, 5.17, 4.24, 5.23, 4.89, 4.79, 4.22, 4.49, 5.36, 4.8, 4.99, null, 4.87, 4.33, 4.92, 5.03, 5.01, null, 4.74, 5.09, 4.79, 4.76, 5.64, 4.5, 5.31, 4.42, 5.14, 5.16, 4.67, 4.39, null, 4.63, 5.09, 4.45, 4.92, 4.29, 4.79, 4.42, 4.85, 4.68, 4.4, 4.62, 4.5, 4.35, null, 4.73, 4.0, 4.63, 5.24, 4.57, 5.48, 4.54, null, 5.29, 5.06]",587.65
stable_cold,95,"[5.32, 5.39, 5.68, 4.79, 6.23, 5.03, 5.09, 4.75, 4.76, 5.62, 6.14, 5.01, 5.37, 5.32, 5.63, 6.12, 5.84, 5.14, 5.45, 5.49, 5.23, 4.8, 4.92, 5.69, 5.74, 5.15, 5.34, 5.71, null, 5.06, 6.04, 5.35, 4.78, 5.28, 5.64, 4.22, 5.31, null, 4.58, 5.27, 5.18, 5.23, 5.1, 4.83, 4.65, 4.96, 5.58, 5.33, 5.21, 4.82, 5.09, 5.53, 5.44, 5.04, 4.19, 4.96, 5.04, 4.87, null, null, null, 5.63, 4.63, 5.11, 4.46, 5.06, null, 5.75, 5.4, null, 5.06, 4.83, 4.81, null, null, 5.4, 5.08, null, null, 6.05, 5.73, 5.34, 5.28, null, 5.43, 5.07, null, 5.65, 5.24, 5.61, 5.89, 5.44, 5.38, 6.51, 5.32]",579.73
mixed_chain,59,"[4.75, 4.94, 5.04, 4.79, 4.67, 5.74, 4.69, 5.01, 4.73, 4.87, 4.54, 4.6, 4.97, 4.98, 5.22, 5.95, 5.2, 4.91, 4.17, 28.62, 20.95, 19.17, 20.25, 19.92, 21.4, 21.02, 21.32, 23.18, 23.61, 25.48, 25.99, 27.58, 26.68, 29.08, 28.29, 32.48, 29.32, 29.26, 29.02, 29.34, 28.19, 29.19, 27.84, 27.53, 27.87, 26.41, 27.0, 28.09, 26.55, 28.01, 29.48, 28.09, 28.01, 28.28, null, 28.6, 29.32, 29.6, 27.89]",310.93
mixed_chain,32,"[2.76, 3.81, 3.5, 2.94, 3.78, 3.43, 3.49, 3.52, null, 3.88, 3.86, 3.88, 2.24, 3.18, 3.31, 29.55, 25.8, 24.71, 24.65, null, 26.44, 25.77, 31.22, 32.47, 29.93, 33.24, 29.69, 31.53, 30.12, null, 31.27, 32.54]",297.28
power_outage,59,"[3.55, 2.91, 3.06, 3.61, 2.48, 3.1, 2.84, 3.04, 2.68, 2.93, 3.04, 3.11, 3.31, null, 3.0, 2.98, 3.02, 3.05, 16.07, 29.13, null, 2.74, 3.16, 2.76, 3.25, null, 3.04, 2.96, 11.77, 20.67, 29.95, null, 2.84, null, 3.28, 3.44, 3.02, null, null, 2.95, 3.27, 2.96, 2.94, 3.16, 3.05, 2.91, 2.74, 3.32, 3.35, 2.72, 2.92, 3.24, 2.7, 3.15, null, 2.67, 3.57, 2.93, 3.19]",657.21
market_display,35,"[33.37, 31.87, 31.34, 29.55, 31.18, 31.43, 32.66, null, 34.0, 30.84, 32.43, 32.46, 31.07, 33.37, 34.32, 32.3, 31.7, 34.06, 32.8, 30.81, 32.04, 31.84, 31.26, 31.31, 31.47, 33.24, 31.92, 32.37, 33.43, 31.91, 30.83, 33.4, 31.81, 34.41, 33.48]",278.3
market_display,88,"[30.32, 29.9, 27.38, 27.75, 26.65, 29.84, 28.66, 30.41, 29.23, 27.96, 26.36, 28.86, 31.02, 29.52, 28.34, 29.51, 29.37, 30.02, 27.47, 29.02, 26.71, 26.25, 29.34, 29.99, 28.5, 28.39, 28.91, 29.88, 29.57, 28.89, 29.32, 29.48, 27.21, 29.14, 26.95, 29.79, 29.51, 28.57, 28.27, 29.88, 28.82, 28.8, 28.9, 28.99, 29.9, 26.56, 28.36, 26.07, null, 27.73, null, 27.57, null, 27.97, 28.59, 29.32, 27.61, 28.66, null, 27.91, 28.95, 26.94, 27.41, 29.77, 25.81, 28.09, null, 28.79, 28.83, 28.23, 28.04, null, 30.35, 29.42, 28.85, 28.41, 27.78, null, 27.34, 30.14, 27.44, 26.99, 32.06, 28.32, 27.46, 29.41, 26.89, 27.66]",271.77
mixed_chain,69,"[4.24, null, 4.22, 4.53, 4.65, 4.85, 3.93, 4.71, 4.04, 4.49, 4.82, 4.56, 3.83, 4.47, 5.28, 5.07, 5.63, 4.68, null, 4.5, 4.72, 4.54, 4.94, null, 4.08, 5.0, 4.72, 5.29, 5.06, 35.25, 26.74, 27.09, 25.22, 26.02, 26.18, 26.26, 26.29, 28.31, 28.97, 31.65, 31.89, 32.04, 34.03, 34.19, 33.74, 33.47, 32.32, 32.62, 31.5, 36.52, null, 33.37, 31.12, 31.29, null, 32.58, 32.32, 34.01, 32.53, 29.67, 32.08, 31.93, 30.77, 31.6, 30.25, 32.15, 31.68, 30.65, 31.23]",276.52
hot_truck_transit,75,"[31.9, 25.92, 26.44, 26.91, 24.38, 27.33, 26.65, 26.41, 28.79, 29.4, 31.22, 31.61, 32.61, 32.61, 32.54, 34.09, 32.94, 33.28, 33.51, 31.37, 31.09, null, null, 26.25, 26.64, 25.9, 24.93, null, null, 27.46, 26.7, 26.35, 27.98, null, 30.89, 31.31, 33.94, 34.61, 33.67, 33.2, 33.66, 31.9, 33.12, 31.63, 29.56, 29.03, 28.92, 26.16, 25.95, 25.66, 26.41, 26.87, 25.93, 23.5, 25.77, 30.29, 28.59, 27.41, 32.43, 30.43, 32.78, 32.04, 35.12, 32.36, 32.89, 33.8, 31.88, 31.88, 31.19, 29.64, 27.57, 26.87, 26.36, 26.5, 31.55]",256.32
hot_truck_transit,87,"[31.42, 23.06, 21.39, 20.79, 22.85, 22.82, 23.53, 25.31, 23.64, 27.41, 26.55, 28.62, 28.78, 29.15, 28.62, 29.43, 30.2, 29.71, 29.55, 27.41, 27.6, 26.02, 25.44, 24.38, null, 22.7, 22.47, 22.59, 23.31, 21.99, 22.2, 24.99, 23.9, 26.79, 26.27, 27.46, 28.73, 28.27, 29.05, 28.63, 30.36, 29.42, 28.8, 27.92, 26.99, 25.58, 25.69, 22.55, 21.98, 23.59, 22.31, 20.35, 22.36, 21.23, 24.18, 24.7, 26.61, 25.73, 26.03, 27.53, 28.38, 29.74, 28.36, 29.96, 29.02, 29.02, 29.9, 28.77, 27.58, 26.47, 24.72, 23.93, 21.88, 21.51, 22.2, 21.07, 22.65, 22.46, 22.9, 23.48, 25.29, 26.51, 26.3, 27.55, 28.64, 29.69, 35.77]",227.17
power_outage,83,"[null, 2.1, 2.86, null, 2.59, 2.14, 2.29, 2.34, 3.35, 2.45, 12.49, 12.6, 22.57, 33.26, 3.01, null, 2.73, 2.18, 2.39, 2.52, 2.24, 2.57, 2.64, 2.62, 2.41, 2.78, 2.38, 2.35, 2.89, 2.12, 1.94, 2.19, 2.57, 2.84, 2.26, 3.0, 2.46, 2.42, 2.2, 3.04, 2.41, 2.05, 3.19, null, 2.69, 2.96, null, 2.75, 2.47, 2.67, 2.44, 2.45, 2.49, 2.34, 2.61, 2.6, 2.7, 2.65, 3.05, null, 2.39, null, 2.88, 2.17, null, 2.22, 2.72, 2.46, 2.44, 2.06, 2.73, 2.07, 2.02, 2.8, null, 2.25, 2.76, 2.69, 2.43, 2.86, 2.41, 2.61, 2.08]",657.55
market_display,63,"[32.78, 31.96, 32.49, 32.78, 33.89, 31.55, 32.08, 33.9, 31.81, 31.91, 35.19, 31.97, 34.1, 31.35, 31.47, 29.61, 32.75, 32.88, 32.13, 32.57, 33.07, 30.24, 32.1, 34.01, 31.68, 30.37, 33.32, 32.2, 31.99, 31.53, 33.12, 31.36, 33.75, 32.12, 33.24, 33.1, 30.6, 32.59, 31.7, 32.81, 31.95, 29.76, 32.97, 29.34, 32.19, 34.29, 33.7, 32.5, 31.41, 31.94, 33.28, 31.07, 32.52, 31.0, 31.68, 31.45, 32.52, 32.68, 34.6, 31.84, 32.41, 33.43, 31.99]",260.6
stable_cold,17,"[3.17, 3.31, 2.73, 2.53, 3.28, 2.26, 2.68, 2.84, 2.31, 2.4, 2.37, 3.22, 3.42, 2.7, 2.55, null, 2.66]",714.38
hot_truck_transit,67,"[24.02, 21.13, 20.17, 21.96, 21.88, 21.55, 21.26, 22.27, 24.39, 24.68, 25.81, 27.17, 27.72, 27.29, 28.02, 28.18, null, 28.76, 28.09, 28.17, 25.13, 25.47, 23.56, 24.8, 22.31, 21.31, 21.58, 21.38, 21.06, 22.24, 23.6, 23.96, 24.07, 26.65, 26.65, 26.35, 28.1, 28.51, 28.65, 29.48, 27.58, 29.97, 28.54, 25.75, 26.74, 25.58, 25.36, 24.6, null, null, null, 20.84, 22.14, 20.03, 21.38, null, null, 25.36, 27.28, 26.7, 27.02, 28.38, 28.6, 29.67, 30.31, 29.84, 31.91]",268.09
power_outage,91,"[3.27, 3.13, 3.68, 2.57, 3.31, 3.31, 3.91, 3.28, 3.41, 3.32, null, 3.81, null, 3.08, 3.51, 3.36, null, 3.26, 3.55, 3.42, 11.56, 20.33, 28.74, 3.42, 3.18, 2.92, 3.48, null, 3.7, 2.88, 3.26, 3.21, 3.16, 2.82, 2.96, 3.36, null, 3.03, 3.71, 3.99, 3.26, 2.83, null, 2.65, 11.36, 20.38, 28.33, 3.19, 2.83, 3.3, 3.62, 3.1, null, 3.03, 3.06, 3.03, 3.52, null, 3.18, 3.4, 3.55, 3.41, 3.26, 3.11, 3.56, 3.02, 3.02, 3.69, 3.39, 3.4, 3.46, 3.25, 2.85, 3.35, null, 3.02, 2.95, 3.27, 2.87, 3.24, null, 3.24, 3.4, 3.47, 3.07, 3.54, 3.21, 3.81, 3.1, 2.8, 3.53]",618.05
stable_cold,32,"[5.26, 6.05, 5.59, null, 6.08, 6.07, 5.74, 5.39, 4.94, 5.59, 5.95, 5.65, 4.13, 5.86, 5.88, 5.39, 5.91, 5.76, 5.24, 6.02, 5.0, 5.49, 5.45, null, 5.63, 6.03, 6.01, 5.8, 4.83, 4.98, 5.58, 5.5]",638.9
power_outage,23,"[2.53, 2.37, 1.97, 2.49, 2.4, 1.93, 2.28, 2.48, 2.86, null, 2.6, 2.04, 1.98, 15.34, 29.21, null, 11.16, 20.28, 29.04, 2.4, 2.27, 2.06, 2.87]",700.35
power_outage,68,"[3.23, 3.31, 3.78, 3.67, 3.37, null, null, 4.17, 3.73, 3.79, 3.97, 3.86, 3.57, 3.5, 3.94, 3.56, null, 4.15, 3.28, 3.04, 3.85, 3.34, 3.69, null, 3.14, 3.54, 4.0, 3.76, 3.5, null, 3.53, 3.67, 4.05, 3.85, 3.95, 3.29, 3.92, 3.61, 9.04, 15.03, 9.32, 15.52, 20.78, 26.14, 31.77, null, 3.15, 3.34, 3.48, 3.43, 3.77, 3.33, 2.81, 3.05, 3.55, 3.38, 3.18, 4.14, 3.8, 3.54, 3.63, 3.48, 3.18, 3.87, 3.81, 2.96, 3.62, 3.66]",637.66
power_outage,70,"[2.1, 2.78, 2.53, 2.37, 2.6, 2.46, 2.49, 3.15, 2.73, 2.61, 3.17, 2.6, 2.32, null, 2.67, 2.2, 2.34, 2.58, 3.03, 3.08, 2.89, 2.69, 2.52, 2.81, 3.23, 2.74, 2.55, 2.65, 2.61, 2.86, null, 2.82, 2.86, 2.8, 2.37, 2.65, null, null, 2.49, 3.07, 2.75, 2.21, 2.29, 3.05, 2.64, 2.58, 3.03, 2.65, 2.33, 2.36, 2.88, 3.3, 2.95, 2.58, 2.63, 2.71, 2.09, 2.7, 2.87, 3.23, 16.11, 29.45, 3.2, 3.11, 2.7, 2.8, 2.19, 2.73, null, 2.61]",660.76
market_display,47,"[29.19, null, 28.5, 30.04, 29.08, 30.82, 31.54, null, 29.79, 29.66, 29.58, 28.41, null, 27.15, 29.22, 31.63, 27.74, 30.27, 30.61, 29.01, 28.44, 27.67, 29.13, 28.75, 27.96, 30.88, 28.65, 30.23, 28.65, 30.33, 29.94, 30.93, 27.77, 28.77, 30.8, 28.91, 29.22, 30.34, 29.33, 29.82, 29.54, 29.28, null, 29.13, 30.34, 29.31, 30.28]",292.27
hot_truck_transit,89,"[25.28, 21.55, 20.97, 22.37, null, 19.14, 21.65, 23.84, 22.96, 24.65, 25.75, 27.92, 26.64, 27.39, 28.92, 28.93, 28.93, 28.37, 27.38, 27.1, 25.85, 24.45, 23.56, 22.22, 21.25, 21.63, 19.74, 21.2, 20.57, 21.1, 21.68, 23.05, 24.8, null, 26.52, 26.71, 28.12, 26.5, 29.0, 28.96, 27.28, 27.65, 27.7, 26.95, 26.45, 25.99, 23.49, 21.74, 22.48, 22.22, 21.8, 21.03, 22.39, 20.97, 23.1, 21.72, 21.8, 23.71, 25.23, 26.65, 26.73, 28.22, 29.03, 28.93, 28.4, 29.08, 26.84, 26.46, 25.24, 25.17, 23.27, 22.97, 22.47, 20.78, 19.51, 20.47, 20.15, 20.67, 19.84, 21.35, 24.25, 23.9, 26.61, 26.08, 27.87, 27.91, 29.03, 28.45, 31.39]",254.01
mixed_chain,33,"[2.98, 2.99, 2.26, 2.7, 3.68, 2.32, 2.83, 2.84, 3.03, 3.08, 2.71, 3.27, 2.68, 3.16, 2.3, 29.57, 21.86, 21.99, null, 22.77, 22.9, 22.06, 22.69, 24.22, 30.4, 29.95, 30.71, 31.62, 30.74, 31.35, 32.41, 30.48, 32.31]",299.06
power_outage,24,"[12.74, 18.95, 26.1, 32.65, 4.95, 5.92, 5.67, 5.6, 14.55, 23.86, 32.29, 6.07, 5.28, 5.83, 5.97, 5.96, 5.79, 5.68, 5.57, 5.37, 5.53, 5.45, 5.4, 6.28]",627.31
stable_cold,38,"[2.99, 1.79, 2.25, 3.15, null, 2.64, 2.47, 2.0, 3.07, 2.68, 2.19, 2.81, 3.03, 2.71, 2.84, 2.81, 2.51, 2.82, 3.09, 3.21, 3.11, 2.53, 3.05, 2.98, 2.51, 2.61, 3.07, null, 2.07, 3.45, 3.26, 2.87, 2.7, 2.95, 2.54, 2.72, 2.21, 2.1]",705.35
hot_truck_transit,87,"[null, 19.02, 18.69, 19.41, 19.15, 19.86, 20.77, 19.49, 21.24, 21.98, 23.93, null, 23.47, 24.83, 24.84, null, 26.52, 27.38, 24.4, 26.53, 24.07, 23.06, 22.15, 19.48, null, 18.33, 19.26, 17.88, 18.57, 18.61, 20.92, 20.12, 20.69, 22.99, 23.59, 25.73, 25.68, 26.29, 27.17, 26.97, 27.1, 26.63, 25.17, 23.64, 23.5, 21.0, 20.98, 20.29, 20.81, 19.02, 20.14, 18.98, 17.44, 20.06, 20.61, null, 22.15, 23.76, 21.93, 23.74, 26.19, 25.93, 27.66, 27.37, 27.14, 27.01, 24.79, 24.37, 25.21, 22.34, 22.46, 20.46, null, 18.36, 19.2, 19.66, 19.14, 19.36, 18.87, 20.62, 21.73, 21.91, null, 24.07, 25.13, 26.7, 32.95]",249.6
hot_truck_transit,74,"[26.98, 16.57, 19.15, 19.05, 18.38, 17.93, null, 21.38, 21.22, 22.6, 23.35, 24.83, 24.36, 25.88, 27.32, 25.85, null, 26.89, 26.01, 24.94, 23.93, 22.88, 21.36, 21.46, 19.38, 18.32, 17.61, 18.09, 18.21, 18.55, 18.81, 20.88, null, 23.02, null, 26.64, 25.05, 25.92, 25.85, 25.64, 26.11, 25.43, 24.46, 24.77, 22.76, 23.03, 22.23, 19.89, 20.87, 19.44, 18.66, null, 17.35, 20.38, 20.81, 21.86, 23.03, 23.68, 23.81, 25.03, 24.86, 26.24, 27.04, 27.19, null, 24.42, 24.2, 24.96, 23.21, 23.11, 20.57, 21.67, 19.0, 24.4]",323.24
stable_cold,40,"[null, 4.58, 5.94, 5.0, 5.21, 5.1, 5.04, 4.8, null, 5.27, 5.7, 5.52, 4.65, 5.53, 5.33, 4.89, 5.21, 5.36, 5.15, 5.33, 4.79, null, 4.36, 5.37, null, 5.39, 4.85, 5.6, 5.09, 4.66, 4.7, 5.19, 4.5, 5.86, 5.56, 5.87, 5.82, 5.0, 4.79, 4.06]",659.31
mixed_chain,84,"[2.59, 3.64, null, 2.47, 2.21, 2.59, 3.34, 2.09, 3.1, 2.94, 2.64, 2.7, 2.83, 2.94, 3.56, 2.73, 2.86, 3.15, 2.5, 3.54, 2.57, 3.09, 2.79, 2.9, 3.7, 3.0, 2.62, 2.53, 3.41, 3.08, 2.7, 3.34, 2.57, null, 22.83, 23.29, 22.4, 22.81, 22.42, 24.1, 25.1, 26.79, 26.45, 27.53, 29.21, 29.41, 30.67, 31.15, 29.85, 29.67, 29.7, 31.72, 27.92, 30.83, 28.21, 30.74, 30.87, 27.37, 29.32, 31.5, 29.57, 30.53, 29.76, 30.52, 30.97, 29.23, 29.45, 29.07, 27.96, 30.29, 29.55, 30.96, 31.78, 28.8, 28.95, 28.71, 31.19, 27.8, 29.86, 27.67, 31.22, 30.32, 28.69, 31.61]",264.91
mixed_chain,91,"[3.14, 2.99, 2.68, 2.63, 2.12, 3.09, 2.5, null, 2.82, 2.61, 2.91, 1.86, 2.85, 3.1, 2.12, 2.55, 3.4, 2.8, 2.55, 3.14, 2.38, 2.41, 2.45, 3.4, 2.41, 2.8, 3.3, 2.42, 2.11, null, 2.89, 2.57, 2.77, 3.14, 2.2, 2.64, 3.16, 3.44, 22.53, 20.36, 17.69, 20.87, 20.2, 21.69, 20.38, 20.6, 23.32, 23.57, 25.63, 26.34, 26.28, 27.14, 27.38, 27.73, 27.16, 27.66, 27.5, 27.98, 27.77, 27.89, 30.01, 28.68, 29.45, 29.15, 30.34, 27.75, 29.21, 28.26, 27.19, 27.06, 28.26, 29.79, 27.82, 27.92, 27.69, 27.08, 27.94, 29.88, 28.84, null, 28.07, 28.92, 27.8, 29.59, 30.01, 27.14, 28.16, 29.01, 30.09, 25.4, 27.76]",290.31
hot_truck_transit,81,"[24.17, 21.34, 19.73, 19.73, 19.86, 20.56, 21.3, 21.59, 21.71, null, 24.65, 24.26, 24.71, 26.06, 25.87, 27.17, 26.81, 27.1, 26.96, 25.79, 24.95, 24.32, 22.27, 19.48, 19.34, 20.5, 19.86, 20.12, 21.97, 20.27, 20.66, 21.84, 21.57, 24.17, 24.46, 26.91, null, 27.03, 26.92, 26.71, 27.92, 26.77, 27.46, 25.14, 24.28, 25.17, 21.45, 20.94, 18.26, 19.74, 20.25, 19.89, 19.81, 19.4, null, 21.24, 22.52, 23.7, null, 25.58, 26.31, 26.49, 27.49, 26.54, 27.57, 26.14, 26.37, 25.93, 23.86, 24.39, 23.96, 21.04, 20.62, 21.07, 18.26, 19.59, 19.46, 20.82, 20.54, 21.92, 26.51]",298.38
hot_truck_transit,71,"[26.03, 21.38, 20.48, 21.01, 20.3, 20.41, 20.47, 23.61, 22.11, null, 24.73, 24.91, 27.52, 27.84, 28.04, 27.48, null, null, 27.19, 27.13, 23.06, 24.78, 24.84, 23.35, 21.77, 21.49, 19.43, 20.17, 19.99, 20.14, 21.94, 21.82, 21.46, 24.33, 24.99, 26.53, 26.48, 26.06, 27.06, 27.25, 27.02, 26.99, 27.39, 24.87, 25.72, 22.96, 22.64, 21.95, 20.91, 21.01, 20.03, 19.85, 18.21, 20.83, 22.65, 21.58, 23.47, 23.32, 25.8, 26.39, 26.51, 27.1, 28.36, 28.01, 26.86, 26.22, 27.28, 25.37, 25.04, 24.45, 24.47]",322.81
power_outage,31,"[3.17, 3.83, 3.77, 3.65, 3.35, 3.77, 3.2, 3.52, 3.17, 3.51, 3.25, 3.79, 3.69, 3.39, 3.89, 8.61, 14.21, 19.37, 25.11, 30.42, 3.95, 3.58, 2.67, 3.43, 17.36, 30.13, 2.98, 3.69, 3.72, 3.34, 3.49]",677.44
stable_cold,87,"[2.23, 1.84, null, 2.64, 2.12, 2.52, 2.48, 2.29, 2.22, 2.7, 2.45, 2.3, 2.19, 2.49, 2.91, 2.62, 2.44, 2.66, 3.09, 2.74, 2.64, 2.79, 2.48, 2.61, 2.34, null, 2.68, 2.68, 2.42, null, 2.25, 1.83, 2.26, 1.92, 2.67, 2.24, 2.93, 2.92, 2.17, 2.22, 2.75, 2.93, 1.73, 2.65, 1.66, 2.32, 2.98, 3.74, 2.44, 2.04, 2.33, 2.57, 2.27, 2.17, 2.37, 2.7, 2.47, 2.19, null, 2.37, 2.14, 2.26, 2.8, 2.45, 1.84, 2.95, 2.71, 1.99, 2.39, 2.22, 2.81, 2.39, 2.51, 2.46, 1.95, 3.1, 2.8, 2.24, 2.62, 2.93, 2.56, 3.16, 3.71, 2.49, 2.31, 2.14, 1.65]",665.16
market_display,22,"[30.36, 25.48, 26.76, null, 29.06, 27.46, 28.16, 28.24, 28.12, 28.18, 28.26, 30.21, 28.01, 29.78, 28.21, 27.42, 27.95, 26.2, 26.96, 27.39, 28.43, 30.25]",317.82
power_outage,66,"[null, 4.77, 4.62, 4.7, 3.97, 4.25, 4.96, 4.47, 5.22, 4.17, 5.02, 4.37, 4.81, 4.46, 4.58, 4.73, 4.37, null, 4.47, 4.6, null, null, 4.93, 4.76, 4.82, 4.57, 5.05, null, 4.35, 4.81, 4.83, 4.74, 4.43, 4.63, 4.97, 17.0, 28.73, 4.36, null, 4.32, 3.92, 5.12, 4.29, 4.31, null, 4.81, 4.52, 9.37, 14.31, 19.5, 24.1, 28.57, 4.16, 4.15, 4.63, 4.83, 4.99, 4.06, 4.74, 4.37, 5.43, null, 5.06, 4.79, 4.66, 4.43]",622.5
hot_truck_transit,42,"[29.61, 21.86, 21.1, 21.87, 22.01, 19.82, 21.21, null, 23.93, 24.91, null, 27.86, 27.98, 28.16, 29.04, 28.79, null, 29.41, 28.35, 28.34, 25.23, 23.89, 23.4, 23.5, 23.04, 21.95, 21.43, 21.87, 20.95, 22.56, null, 22.33, 23.94, null, 25.45, 27.5, 26.66, 28.02, 29.89, 29.36, 29.66, 33.38]",278.8
hot_truck_transit,75,"[23.81, 20.5, 20.4, 21.3, 22.1, 20.23, 20.2, 21.18, 21.91, 25.37, 22.31, 26.79, null, 26.65, 25.3, 28.34, null, 26.08, 27.21, 26.23, 24.11, 21.85, 22.28, 22.33, 19.94, 20.9, 18.94, 19.42, 19.04, 20.16, null, 22.8, 22.63, 22.25, null, 25.26, null, 27.04, 27.81, 27.16, 27.82, 27.28, 26.79, 26.2, 22.77, 23.18, 22.34, 21.3, 19.97, null, 20.05, 19.86, 19.66, 19.23, 21.35, 22.13, 23.35, 22.87, 27.43, null, 25.72, 28.86, 27.96, 27.66, 27.62, 27.99, null, 24.12, 24.52, 24.22, 22.42, 20.71, 20.64, 20.72, 25.62]",310.3
stable_cold,27,"[5.87, 6.99, 6.1, null, 5.49, 5.42, 6.23, 5.8, 6.38, 5.97, 7.34, 5.73, 6.07, 5.6, 6.37, 6.13, 5.57, 5.83, 6.5, 6.45, 5.39, 5.77, 6.68, 5.89, 6.03, 6.37, 5.42]",644.96
mixed_chain,61,"[4.05, 4.93, 4.3, 4.24, 4.02, 3.81, 3.87, 4.36, 3.86, 4.06, 4.03, 4.84, 4.23, 4.27, 3.82, 3.82, 3.75, 4.12, 3.5, 4.46, 4.35, 3.68, 4.07, 4.63, 4.15, 3.66, 27.89, 25.93, 23.32, 22.84, 23.28, 24.12, 25.32, 24.22, 25.6, 26.28, 26.62, 29.1, 30.48, 29.73, 30.24, 30.38, null, 29.95, 27.96, 28.97, 27.59, 26.05, 29.33, 26.61, 26.77, 24.93, 25.81, 27.33, 27.84, 26.04, 29.19, 26.71, 26.11, 27.17, 27.39]",316.06
mixed_chain,18,"[5.6, 5.44, 5.42, 5.56, 5.9, 5.44, 5.53, 29.43, 26.13, null, 24.84, 24.71, 28.08, 28.14, 26.46, 29.21, 28.67, 29.25]",333.27
power_outage,84,"[5.25, 4.77, 5.52, 5.26, 5.32, 5.46, 5.65, 5.29, 5.57, 5.49, 4.84, 5.69, 5.39, 5.15, 17.9, 30.77, 5.54, 5.72, null, 5.18, 4.64, 5.56, 5.72, 5.47, 5.73, 5.23, 5.42, 5.25, 5.74, 5.25, 6.15, 5.38, 5.77, 5.38, 5.93, 5.92, 5.43, 5.61, 5.91, 5.62, 5.25, 5.55, null, 5.57, 5.29, 5.64, 4.99, 5.19, 5.29, null, 5.07, 5.26, 5.76, 5.8, 4.77, 17.94, 31.09, 5.64, 5.65, 5.7, 5.24, 5.59, 5.67, 5.56, 5.41, 5.51, 5.19, 5.71, 5.1, 5.28, 5.73, 5.61, 5.38, null, null, 5.34, 5.67, 5.37, null, 5.11, 5.4, null, 5.18, 5.3]",587.7
power_outage,88,"[2.15, 2.45, 2.01, 2.4, 2.09, null, 2.03, 1.9, 1.77, 2.09, 1.86, null, 1.84, null, 2.27, 2.46, 2.32, 2.42, null, 2.08, null, 2.61, 2.31, 2.43, 2.36, 1.74, 2.09, 2.55, 2.32, 2.08, 2.55, 2.21, 2.33, 2.21, 2.26, 2.28, 2.49, 2.53, 1.96, 2.21, 2.48, 2.06, 1.71, 1.83, 1.85, 1.96, 1.88, 2.41, 2.02, 2.48, 1.76, 1.99, 2.13, 2.34, 2.44, null, 2.4, null, 2.36, 1.7, null, 2.44, 2.37, 1.61, 1.97, 2.32, null, null, 1.44, 2.46, 2.51, 2.15, 2.17, 2.25, 2.54, 2.18, 11.22, 20.57, 29.63, 2.1, null, 2.26, 2.45, 2.41, 2.39, 2.08, 2.14, 2.46]",646.51
hot_truck_transit,91,"[30.02, 22.35, 21.33, 21.1, 22.01, null, 20.15, 23.83, null, 26.78, 27.11, 27.77, 28.1, 28.34, 29.16, 30.29, 29.76, 29.73, 28.44, 26.8, 27.49, 26.38, 24.63, 23.97, 23.09, 21.68, 21.45, 20.79, 21.45, 22.88, 23.37, 23.97, 25.25, 25.23, 25.62, 27.4, 28.29, 29.53, 29.79, 30.33, 27.77, 28.35, 28.28, 27.91, null, 24.74, 23.92, null, 22.1, 21.35, 21.69, null, 21.75, 21.37, 22.54, 22.69, 25.27, 26.7, 25.28, null, 27.73, 29.04, 29.32, 28.45, 30.35, 28.86, 27.97, 27.61, 25.86, 25.37, 23.02, 21.64, 21.92, null, 20.25, 21.12, 21.23, 22.01, 23.18, 24.89, 24.83, 24.73, 27.09, 28.64, 27.45, 28.13, 28.25, 29.07, 29.68, 30.17, 31.18]",251.81
market_display,38,"[25.17, 27.08, 24.99, 26.94, 25.52, 26.19, 25.69, 29.13, 24.34, 26.92, 26.32, 25.4, 26.81, 25.18, 25.04, 24.96, 26.43, 25.61, 25.29, 26.74, 27.63, 24.63, 26.73, 26.96, 27.86, 25.99, 28.19, 27.03, 24.08, 26.69, 26.31, 27.51, 27.75, 25.17, 27.42, 26.18, 25.48, 28.07]",321.71
mixed_chain,8,"[6.44, 5.91, 5.41, 21.35, 30.29, 29.34, 29.72, 31.59]",321.23
mixed_chain,57,"[5.37, null, null, 5.36, 5.05, 4.82, 6.05, 5.22, 5.54, 4.68, 4.76, 4.93, 4.92, 4.9, 4.92, 5.61, 5.0, 4.43, 5.34, 5.1, 26.98, 23.02, 23.58, 21.97, 24.0, 23.19, 22.89, 25.38, 25.76, 26.0, 28.32, 28.56, 30.36, 30.32, 31.19, 30.73, 29.61, 31.12, 29.19, 31.73, 30.52, 32.43, 30.55, 31.21, 32.0, 31.41, 32.56, 32.61, 30.22, 31.78, 33.3, 30.32, null, 32.17, 30.44, 33.73, 30.93]",287.54
mixed_chain,21,"[4.15, 4.37, 4.53, 4.07, 4.46, 5.12, 5.26, 4.45, 4.51, 29.22, 21.92, 21.54, 21.05, 26.42, 31.05, 29.14, 30.37, 32.79, 31.46, null, 30.79]",318.43
market_display,11,"[25.71, 28.26, 26.4, 24.56, 26.08, 25.34, 27.39, 25.4, 26.26, 27.18, 25.35]",373.03
market_display,5,"[30.83, 31.47, 33.13, 31.55, 31.65]",321.91
stable_cold,42,"[5.09, 4.99, 4.86, 4.49, null, 5.19, 4.65, 5.38, 4.02, 3.98, 5.02, 4.29, 5.44, 5.16, 5.26, 4.98, 4.25, 3.96, 5.22, 4.02, 5.26, 4.89, 4.59, 4.8, 4.81, 4.54, null, 5.18, 4.68, 4.38, 5.14, 3.81, 4.8, 4.92, 4.29, 5.01, 4.61, 4.4, 5.01, 4.19, null, 3.83]",662.54
mixed_chain,52,"[2.51, 1.94, 2.49, 1.94, 2.53, 2.07, 1.72, 1.68, 3.1, 1.82, 2.62, null, 2.61, 1.83, 2.07, 1.85, 28.96, 23.29, 22.52, 22.63, 23.07, 21.9, 23.93, 24.42, null, 26.44, 28.36, 28.55, 28.47, 30.07, 30.21, 32.56, 29.08, 26.99, 27.03, 28.55, 28.35, 27.51, 26.21, null, 28.12, 29.06, 28.98, null, 27.38, 28.69, 31.17, 28.96, 30.45, 29.5, 27.6, 31.55]",287.99
hot_truck_transit,35,"[22.93, 19.84, 19.06, 19.83, 19.51, 18.65, 20.83, 20.25, 22.23, 22.55, 25.04, 25.53, 25.22, 26.1, 29.42, 25.93, 26.23, 25.87, 24.84, 24.1, 23.89, 23.32, 20.63, 20.54, 19.47, 18.54, 19.87, 18.33, 17.98, 20.18, 21.11, 21.13, 21.15, 22.72, 27.46]",333.07
market_display,16,"[28.47, null, 28.17, 28.31, 28.76, 27.89, 30.23, 27.61, 28.78, 26.53, 27.44, 28.94, 27.41, 26.93, 28.02, 27.66]",345.69
power_outage,7,"[8.68, 15.33, 21.97, 28.9, 2.7, 2.93, 2.59]",723.48
power_outage,33,"[5.31, null, 4.67, 4.97, 5.5, 5.26, 5.32, 6.07, 5.18, 4.43, 4.75, 5.17, 13.44, null, 30.09, 4.85, 5.19, 5.5, 5.6, 13.94, 21.5, 30.13, 4.99, 5.26, 5.06, 5.01, 5.52, 5.11, 5.12, 5.21, 5.28, 5.29, 5.55]",633.58
market_display,41,"[26.3, 24.35, 28.28, 27.74, 27.41, 26.42, 24.83, 25.31, 27.9, 25.36, 26.27, 25.97, 26.13, 26.16, 26.03, 25.77, 25.93, 26.06, 25.18, 24.63, 25.87, 25.26, 26.23, 25.03, 24.04, null, 25.55, 23.64, 27.21, 25.72, 26.23, 26.45, 27.42, 26.57, 24.52, 24.77, 24.48, 25.61, 26.67, 25.23, 25.39]",342.28
stable_cold,17,"[5.63, 4.55, null, 5.12, 5.76, 5.07, 5.39, 5.23, 5.74, 4.59, 5.52, null, 5.59, 4.89, 5.23, 5.18, 4.82]",667.58
stable_cold,2,"[2.72, 2.87]",724.66
mixed_chain,62,"[5.91, 5.91, 6.03, 5.92, 5.98, 5.28, 6.31, 6.0, 6.21, 5.71, 5.93, 5.36, 6.38, 5.89, 4.97, 5.79, 6.09, 6.52, 5.35, 6.46, 6.22, 5.75, 6.29, 6.06, 5.71, 6.38, 6.49, 25.59, 20.26, 21.33, 18.48, 20.26, 20.1, 20.97, null, 23.97, 22.86, 25.38, null, null, 27.92, 28.84, 26.92, null, 27.67, null, 26.66, 26.22, 27.99, 28.31, 26.22, 28.21, 27.58, 27.45, 28.49, 27.06, 31.58, 27.29, 26.75, 30.37, null, null]",324.4
hot_truck_transit,74,"[30.15, 23.2, 22.68, 22.73, 23.03, 23.1, 22.62, 26.14, 25.9, 26.94, 27.72, 29.45, 29.59, 29.94, null, 31.72, 30.75, 30.16, 29.2, 28.47, 28.62, 25.99, 26.22, 25.29, 24.07, 23.11, 21.67, 23.25, 21.58, 23.39, 23.94, 25.34, 24.97, 25.97, 28.19, 28.59, 27.94, 30.18, 32.03, 31.16, 29.64, 30.56, 30.34, 27.34, 27.53, 27.76, 24.47, 24.5, 23.72, 22.93, 23.96, 23.7, 22.62, 22.44, 24.91, 25.34, 25.67, 27.25, 28.28, 28.02, 29.08, 30.19, 29.04, 30.45, 29.95, 30.32, 28.65, 29.07, 27.94, 26.64, 26.06, null, 23.7, 27.98]",287.05
power_outage,47,"[5.45, 5.69, 5.41, 5.31, 5.14, 6.12, 5.08, 19.31, null, 5.28, 5.65, null, 4.98, 5.12, 5.08, 5.58, 5.47, 5.23, 5.41, 5.01, 5.12, 4.95, 5.39, 5.39, 10.75, 16.88, 22.77, 27.85, 33.76, 5.5, 5.34, 4.93, 5.21, null, 5.29, null, 5.81, 5.28, 4.83, 5.37, 5.87, 5.29, 5.21, 5.25, 5.52, 5.25, 4.89]",630.76
hot_truck_transit,48,"[30.89, 24.11, 24.35, 22.21, 23.69, 23.83, 24.49, 25.0, 26.27, 24.84, 29.21, 28.11, 31.43, 29.89, 30.25, 31.51, 31.26, 31.01, 30.3, 29.07, 27.92, 27.65, null, 25.28, null, 23.92, 23.4, 23.15, 24.68, 24.91, 25.08, 25.9, 26.23, 27.43, null, 29.66, 30.07, null, 31.1, 31.52, 31.78, 30.12, 30.12, 29.24, null, 28.29, 25.49, 28.62]",306.35
stable_cold,53,"[2.78, 3.24, 3.04, 3.0, 2.93, 2.63, 2.69, null, 2.75, 3.26, 2.85, 2.97, 2.25, 3.19, 2.58, 2.4, 3.47, 3.09, 3.21, 3.0, 2.78, 2.7, null, 3.27, 2.79, 3.64, 2.74, 2.26, 2.13, 2.14, 2.65, 2.72, 3.09, 2.8, 3.15, 2.83, 2.82, 2.58, 3.38, 2.2, 2.94, 2.74, 3.13, 2.81, 2.82, 2.71, 3.37, 2.82, 3.6, 2.92, null, 2.76, 3.04]",670.13
stable_cold,83,"[5.81, 6.17, 5.15, 5.66, 5.61, 5.83, 6.17, 5.14, 5.9, 6.09, 5.6, null, 5.84, 5.81, 5.91, 5.9, 5.28, 6.07, 6.14, 5.75, 5.08, null, 5.75, 5.22, 5.53, 5.11, 5.92, 5.74, 5.02, 5.81, 5.65, 5.88, 5.52, 5.35, 5.37, 5.46, 5.68, 5.73, 5.6, 5.5, 5.53, 6.68, 5.37, 5.45, 6.99, 5.84, 5.12, 6.01, 5.31, 6.04, 5.59, 5.5, 6.32, 5.9, 6.06, 5.85, 5.5, null, 6.16, 5.73, 6.39, 6.01, 5.76, 5.77, 5.73, 5.17, null, 5.76, 5.51, 5.81, 5.68, 5.98, 5.94, 5.74, 5.13, 6.39, 5.62, 5.64, 5.54, 5.48, 6.29, 6.23, 5.85]",581.14
power_outage,25,"[17.66, 30.79, 5.25, 4.93, 5.23, 4.66, 4.86, 4.73, 5.1, null, 5.46, 5.07, 4.8, 5.56, 4.21, 5.11, 17.66, 30.09, 5.25, 5.13, 5.25, 4.92, 4.66, null, 4.79]",657.33
mixed_chain,44,"[4.77, 4.45, 4.17, 4.46, 4.72, null, 5.08, 5.16, 5.02, 5.18, 4.66, 4.72, 4.55, 4.48, 5.35, 4.72, 4.34, 4.45, 5.64, 4.9, 4.98, 24.38, null, 19.65, 20.19, 19.68, null, 21.42, 22.68, 25.02, 31.1, 30.86, 30.06, 29.37, 30.34, 30.83, 31.82, 30.36, 29.13, null, 29.1, 30.42, 28.88, 29.59]",312.38
power_outage,66,"[2.65, 2.25, 2.54, 2.42, 2.91, 3.08, 2.28, 2.62, 15.32, 28.35, 2.65, 2.5, 2.65, null, 3.1, 2.38, 2.7, 2.77, 2.75, 2.53, 3.03, 1.99, 2.29, 2.82, 2.35, 2.34, 2.48, 2.38, 2.81, 2.89, 2.65, 2.94, 2.2, 2.64, 3.02, 2.91, 3.05, 2.44, 15.69, 28.08, 2.8, 3.01, null, 2.06, 3.17, 2.77, null, 2.57, 1.99, 2.68, 2.46, 2.63, 2.63, 1.61, 2.77, 2.68, 2.72, 2.56, 2.63, 2.67, 2.7, 2.76, 2.7, 3.17, 2.4, 2.51]",665.56
mixed_chain,60,"[2.65, 2.88, 3.01, 2.48, 1.79, 2.93, 2.4, 2.99, 2.04, 2.78, 2.57, 2.47, 3.23, 2.36, 3.2, 3.52, 2.15, 2.29, null, 2.56, 3.1, 3.09, null, 2.34, 2.52, 2.74, 2.19, null, 21.64, 22.51, 21.67, 22.9, 22.24, 24.15, 24.58, 26.82, 26.94, null, 28.67, 29.58, 29.7, 30.37, 30.31, 30.29, 29.81, 29.24, 28.68, null, 30.91, 29.29, 31.93, 33.58, 31.62, 30.59, 31.26, 31.17, 30.94, 29.91, 32.17, 30.04]",296.17
power_outage,66,"[2.68, 3.65, 2.19, 3.18, 3.28, 2.51, 3.34, 3.0, 3.13, 3.61, 3.25, 3.1, 3.15, 3.74, 3.33, 2.94, 3.06, 2.85, 3.07, 3.69, 3.16, null, 3.33, 3.09, 3.37, 3.13, 3.64, 2.93, 2.86, 3.49, 2.6, 3.15, 3.45, 2.55, 3.22, 2.76, 2.65, 2.89, 3.15, 2.99, 3.54, 3.23, 3.06, 2.81, 3.27, 3.82, 2.99, 3.03, 2.89, 13.55, 23.47, 33.05, 3.03, 2.92, 3.12, 3.51, 3.22, 3.59, 2.99, 2.51, 3.99, 3.27, 3.44, 2.97, 2.8, 3.25]",650.05
hot_truck_transit,43,"[26.97, 21.91, 22.0, 21.08, 21.59, null, 21.57, 24.47, 23.55, 24.81, 25.54, 27.51, 27.64, 29.87, 29.48, 28.97, 28.33, 28.57, 28.44, 27.15, 26.11, 24.37, 25.95, 23.03, 21.26, 20.87, null, 22.75, 21.19, 21.43, 23.04, 23.93, 24.68, 25.35, 25.34, 26.59, 26.75, null, 28.72, 28.77, 29.28, 28.13, 31.85]",288.79
stable_cold,13,"[2.05, 1.53, 2.48, 1.84, 1.78, 2.55, 2.5, 2.49, 1.9, 2.02, 2.02, 2.35, 2.66]",718.51
hot_truck_transit,43,"[27.22, 20.46, 20.34, 21.44, null, 20.11, 20.88, 21.98, 23.67, 23.27, 24.08, 27.71, 25.54, 27.76, 27.81, 27.87, 26.49, 29.24, 26.58, 25.2, 23.58, 22.0, 23.14, 20.94, 20.57, 19.66, 20.18, 19.92, 20.35, 20.78, 20.21, 20.53, 22.46, null, 24.73, 24.11, 26.48, null, 27.49, 28.38, 25.48, 28.28, 28.92]",312.53
mixed_chain,90,"[3.33, 3.27, 3.0, 2.48, 2.98, 3.37, 3.73, 2.95, 3.19, 3.12, 2.8, 3.56, 3.38, 4.27, 2.76, 3.17, 3.26, null, 3.7, 3.08, 2.95, 3.59, 2.83, 3.34, 2.88, 3.09, 3.23, 3.47, null, 3.01, 3.39, 29.66, 23.29, 21.5, 22.27, 23.01, 23.19, 22.94, 23.92, 25.07, 26.1, 26.73, 29.25, 29.88, 28.79, 31.83, 30.99, 29.75, 29.61, 29.04, 27.4, 25.97, 25.84, 26.04, 23.02, null, 27.53, 26.04, 27.31, 25.4, 25.96, 27.02, 25.41, 27.34, 27.99, 25.78, 27.84, null, 24.58, null, null, 26.71, 25.74, 25.32, 26.44, 29.01, 25.99, 27.74, 28.99, 26.29, 26.56, 26.1, 25.79, 25.82, null, 25.92, 25.56, 26.55, 29.42, 27.01]",293.86
market_display,23,"[27.58, 25.29, 26.24, 25.65, 25.77, 24.31, 26.78, 29.72, 26.78, 29.03, 27.83, 25.38, 26.79, 27.23, 27.16, 25.42, 26.54, 28.29, 24.42, 27.52, 27.7, 24.23, 25.53]",358.8
mixed_chain,48,"[3.96, 4.94, 4.74, 4.8, 4.35, 3.95, 3.58, 3.95, 3.7, 5.22, 4.07, 4.07, null, 3.59, 3.56, 4.93, 5.0, 4.76, 4.49, 25.58, 19.4, 19.39, null, 18.65, 20.0, 19.57, 21.44, 22.43, 21.28, 23.7, 22.91, 24.23, 26.15, 26.39, 26.42, 32.53, 28.35, 27.91, 27.76, 28.7, null, null, 29.96, 28.53, 30.76, 30.71, 29.23, 31.29]",295.67
market_display,25,"[33.65, 30.26, 32.75, 32.26, 32.77, 33.77, 33.66, 32.56, 31.66, 31.59, 31.69, 35.23, 32.0, 32.88, 32.45, 30.76, 32.52, 31.15, 30.81, 32.66, 30.43, 33.0, 32.63, 33.47, 32.53]",294.88
stable_cold,96,"[4.74, 5.18, 5.13, 5.27, 4.89, 4.72, null, 4.68, 5.52, 5.04, 4.96, 5.27, 5.06, 4.42, null, 5.51, 5.12, 4.42, 5.23, 4.86, 4.74, 4.63, 5.49, 4.3, 4.75, 5.14, 5.72, 5.31, 4.75, 5.7, 4.55, 5.19, 5.28, 4.74, 5.37, 4.88, 5.37, 4.35, 5.22, 4.92, 5.55, 5.07, 5.59, null, 5.04, 5.4, 5.41, 5.28, 4.17, 4.7, 5.64, 4.59, 5.44, 5.37, 4.8, 4.29, 4.86, 5.92, 4.74, 4.77, 4.69, 5.57, 4.99, 4.84, 5.65, 5.32, 4.72, 4.6, 5.55, 5.09, 4.47, 4.37, 4.64, 4.59, 4.27, 4.65, 4.72, 4.9, 5.77, 4.98, 5.02, 5.29, 4.99, null, 5.2, null, 6.19, 5.45, 4.66, 5.24, 4.77, 5.27, null, 4.65, 5.23, 5.49]",576.46
mixed_chain,57,"[5.49, 5.92, 5.38, 4.62, 5.26, 5.25, null, 5.04, 5.16, 4.85, 6.27, 6.12, 5.07, 5.47, 5.21, 5.39, 5.61, 5.53, 5.84, 5.25, 25.37, 20.53, 22.16, 22.03, 20.34, 22.92, 22.76, 23.39, 23.04, 26.46, 26.63, 26.37, 31.51, 26.91, 26.46, 28.51, 25.43, 27.09, 27.97, 25.14, 27.45, 26.7, 26.06, 24.08, 27.26, 25.91, 26.26, 28.4, 26.68, 27.01, 29.06, 26.92, 25.76, 28.24, 26.8, 26.1, 25.64]",332.78
hot_truck_transit,76,"[30.44, 24.62, 24.11, 23.87, 23.52, 23.58, 24.86, 25.46, 27.16, 26.96, 28.33, 29.71, 29.86, 29.98, 32.01, 30.59, 31.64, 31.52, 31.59, 31.47, 29.72, 27.06, 26.35, 25.87, 24.75, 24.29, 24.76, 23.73, null, 23.26, 25.18, 24.28, 27.48, 27.47, 27.55, 29.4, 30.83, 30.09, 30.78, 31.3, 32.15, 29.47, 30.81, 29.42, 29.51, 27.94, 27.67, 25.95, 23.82, 24.5, 24.15, 23.06, 23.32, 22.22, 25.37, 25.49, 26.11, 26.8, 28.24, 29.95, 30.57, 30.8, 30.48, 31.32, 30.79, 30.88, 30.91, 29.16, 29.96, 27.13, 25.18, 25.4, 24.27, 26.85, 23.35, 25.14]",305.42
power_outage,22,"[8.43, 13.52, 18.38, 24.81, 29.29, 22.93, 29.63, 3.02, 3.3, 2.93, 3.27, 3.25, 2.74, 3.23, 2.84, 2.81, 3.24, 3.03, 3.27, 3.27, 2.73, 3.38]",688.8
mixed_chain,56,"[5.11, 5.02, 4.49, 5.1, 5.38, null, 5.13, null, 4.62, 4.82, 4.72, 5.08, 4.63, 4.39, 5.24, 5.49, 4.95, 4.28, 4.6, 4.86, 25.06, 21.55, 19.0, 19.9, 19.75, 20.75, 20.17, 22.18, 22.6, 24.24, 24.65, 26.97, 26.89, 30.33, 26.06, 27.14, 26.46, 26.06, 27.27, 28.9, 25.59, 26.68, 25.43, 27.01, 27.95, 24.74, null, 24.4, 25.7, 26.29, null, 25.11, 24.93, 25.5, null, 24.62]",343.78
mixed_chain,74,"[2.88, 3.39, 3.22, 2.28, 2.92, null, 3.34, 2.56, null, 3.33, 3.13, 2.39, 2.3, 3.28, 2.89, 3.43, 3.14, 2.67, 2.98, 2.83, 3.11, 2.64, 2.39, 2.94, 2.66, 3.38, null, 3.1, null, 3.06, 3.24, 3.09, 2.34, 2.82, null, null, 31.71, null, 26.02, 24.51, 24.63, 26.01, 25.59, 26.63, 26.04, 28.22, null, 29.87, 31.32, 29.96, 32.41, 32.96, 30.69, 31.21, 29.91, 30.7, 28.92, 29.19, 30.55, 27.04, 28.06, 27.65, 28.89, 28.39, null, 27.93, 26.95, 28.78, 27.96, 27.73, 28.45, null, 30.18, 29.31]",292.37
power_outage,79,"[2.65, 2.95, 2.98, 3.14, 2.61, 2.79, 9.45, 16.53, 23.09, 30.04, 2.67, 2.88, 2.8, 2.95, 2.76, 2.62, 2.85, 2.52, null, 2.71, 2.86, 2.86, 3.28, 2.91, 2.82, 2.59, 8.51, 13.66, 18.76, 24.63, 30.22, 2.55, 2.76, 2.77, 2.78, 3.17, 2.4, 3.41, 2.79, 2.97, 2.83, 2.28, 2.48, 2.64, 3.09, 2.38, null, 2.85, 2.94, 2.93, 2.5, 2.32, 2.96, null, 2.69, 2.45, 2.67, 2.91, 2.73, 3.22, 3.07, 2.85, 2.21, 2.59, null, 2.57, 2.85, 2.86, 2.29, 3.04, 2.8, 2.9, 3.02, 2.57, 3.17, 2.75, null, 2.53, 3.23]",635.07
market_display,19,"[28.19, 26.81, 27.13, 26.05, 23.81, 27.23, 26.09, 26.72, 26.14, 23.55, 25.7, 25.23, 26.47, 26.77, 28.81, 26.78, 25.55, 25.71, 26.84]",350.87
power_outage,57,"[3.81, 3.46, 3.13, 3.59, 3.82, 3.5, 3.17, 3.49, 2.98, 3.11, 3.32, 3.42, 3.04, 3.47, 3.55, 3.33, 2.75, 3.43, 3.94, 3.54, 3.4, 3.29, 3.57, 3.46, 3.61, 3.07, 10.49, 17.37, 24.67, 31.03, 3.28, 3.56, 3.61, 3.39, 2.75, 3.59, 3.87, 3.15, 3.27, 3.64, 3.65, 3.73, 3.7, 2.94, 3.25, 3.59, 3.37, 3.51, 3.36, 3.27, 3.33, 3.06, 3.18, 3.38, 3.38, 3.57, 3.31]",657.03
market_display,44,"[25.19, 27.94, 27.04, 23.33, 25.95, 28.77, 26.65, 25.35, 26.99, 23.68, 26.54, 25.62, 26.27, 24.62, 25.7, 23.08, 25.48, 26.36, 27.55, 29.18, 25.24, 26.83, 25.82, 25.86, 26.33, 26.03, 28.46, 25.86, 24.85, 26.44, 24.93, 25.78, 27.49, 25.92, 26.84, 25.97, 26.53, 25.38, null, 24.64, 25.26, 26.32, 27.21, 26.47]",329.55
hot_truck_transit,56,"[26.33, 22.81, 22.08, 21.15, 22.75, 23.09, 22.88, 23.5, 26.08, 26.99, 25.53, 28.66, 29.91, 29.7, 29.2, 29.43, 30.94, 29.84, 28.97, 29.57, 25.94, 25.63, 24.82, 23.54, 21.41, 23.05, 21.24, 21.09, 21.56, 22.06, 22.78, 24.48, 25.61, 25.5, 26.26, 27.6, 27.82, 29.15, 28.81, 31.41, 29.67, 28.74, 29.1, 26.72, 26.17, 26.05, 24.78, 24.55, 20.69, 22.9, 21.41, 20.77, 20.46, 21.8, 24.15, 28.8]",299.87
mixed_chain,81,"[3.56, 2.82, 3.07, 2.91, 3.2, 2.56, 2.9, 2.79, 3.37, 2.43, 3.26, 3.48, 2.54, 2.86, 2.78, 3.76, null, 3.5, 3.3, 3.49, 3.37, 3.77, 3.15, 2.15, 2.94, 3.36, 33.34, 24.11, 25.15, 24.1, 23.81, 25.23, 24.94, 27.36, 27.42, 28.82, null, 31.2, 31.02, 33.1, 34.24, 31.86, 33.88, 31.77, 31.17, 31.42, 28.9, 29.22, 28.15, 26.69, 25.83, 24.85, 25.46, 24.43, 25.77, 30.92, 26.06, null, 26.52, 26.82, 26.67, 29.96, 29.02, 26.63, 25.33, 26.96, null, 28.5, 27.72, 26.95, 27.54, 26.26, 27.36, 29.6, 26.82, 27.76, 26.7, null, 28.64, 26.16, 27.43]",295.12
market_display,36,"[null, 30.4, 32.07, 33.31, 29.82, 29.01, 30.98, 30.4, 32.68, null, 33.54, 32.56, 31.39, 31.44, 31.73, 30.17, null, null, 30.5, 30.97, 32.05, 33.06, 30.37, 31.56, 31.22, 30.93, 29.03, 30.37, 29.79, 31.1, 30.72, 29.83, 30.94, 33.5, 30.47, 30.8]",297.59
power_outage,42,"[4.45, 4.69, 4.92, 4.8, 4.45, 5.04, 5.14, 4.73, 5.06, 5.43, 5.27, null, 16.16, 28.23, 5.52, 5.22, 4.81, 5.29, 5.17, 4.25, 5.14, null, 4.56, 4.84, 4.94, 4.58, null, 20.28, 28.4, 4.73, 4.31, 4.68, 4.53, 4.43, 5.17, null, 4.53, 4.44, 4.79, 4.42, 4.74, 4.84]",639.39
mixed_chain,55,"[1.83, 2.26, 1.85, 1.29, 1.94, 2.51, 2.68, 2.47, 2.09, 2.56, 2.92, 2.35, 2.16, 2.84, 1.89, 2.45, 0.91, 1.99, 26.84, 20.04, 19.71, 19.43, 20.55, 20.78, 20.43, 21.9, 22.38, 23.59, 24.62, 25.52, 27.35, 27.98, 26.58, 27.78, 29.92, 32.81, 31.76, 32.51, 31.93, 32.98, 33.27, 33.57, 32.41, 32.16, 31.88, 32.76, null, 33.85, 34.48, 33.39, 33.9, 31.24, 34.18, 34.32, 35.08]",261.0
hot_truck_transit,53,"[27.21, 24.85, 24.49, 22.84, 24.06, 23.67, 25.81, 28.52, 26.76, 29.07, 29.74, 29.83, 31.14, 30.34, 31.86, null, 32.84, 30.85, 29.87, 29.07, 29.61, 27.74, 25.5, 26.7, 23.85, 23.98, 23.85, 23.01, 22.67, 25.07, 25.58, 25.93, 27.14, 26.53, 29.34, 30.22, 31.07, 31.7, 32.55, null, 31.8, 30.28, 31.26, 29.35, null, 27.56, 25.99, 25.8, 25.72, null, 24.01, 24.42, 24.57]",334.76
hot_truck_transit,43,"[24.91, 20.45, null, 20.35, 20.06, 17.43, 19.99, 21.61, 22.66, 24.04, 25.75, 25.94, 24.63, null, 28.31, 27.56, 27.5, 26.54, 27.06, 25.19, 24.98, 23.81, 22.48, 21.86, 20.8, 21.03, null, 20.3, 19.0, 19.35, null, 22.07, 22.86, 22.87, 25.13, 24.97, 26.84, 27.16, 27.15, 27.04, 27.44, null, 30.92]",297.11
power_outage,59,"[5.27, 5.37, 5.75, 5.56, 5.56, 10.85, 16.06, 21.5, 27.38, 33.23, 5.13, 5.46, 5.05, 5.09, 5.71, null, null, 5.04, 5.57, 5.55, 5.48, 5.23, 4.96, 5.28, 5.71, 5.01, 5.3, 5.78, 5.19, 5.25, 4.88, 5.47, null, 4.82, 5.0, 5.35, 4.81, 4.87, 5.45, null, 5.01, null, 5.81, null, 5.25, 5.53, 5.32, 4.75, 18.56, 32.74, 4.81, 5.37, null, 5.41, 5.42, 5.49, 5.01, 5.44, null]",616.83
mixed_chain,49,"[3.7, 3.44, 4.34, 3.18, 3.1, 3.09, 3.15, 3.19, 2.88, 3.07, 2.91, 3.16, 3.83, 3.63, null, 3.22, null, 3.05, 28.52, 23.64, 23.96, 23.22, 25.4, 24.41, 26.43, 25.79, 26.76, 27.82, null, 30.14, 34.72, 29.24, 28.86, 28.6, 27.3, 27.57, 28.76, 28.81, 30.88, 28.48, 27.37, 27.64, 29.04, 30.11, 30.33, 28.94, 31.51, 28.53, 27.7]",321.02
mixed_chain,86,"[4.51, 4.42, 5.4, null, 4.54, 5.18, 3.58, 4.97, 4.13, 3.8, 4.5, 4.46, 4.63, 4.68, 4.34, 5.08, 4.94, 4.56, 4.52, 4.85, 4.4, 3.89, 4.34, 4.25, 4.44, 3.91, 3.96, 4.84, 4.41, 4.27, null, 4.32, 4.45, 3.72, 4.23, 4.47, 4.33, 30.12, 23.78, 24.28, 24.07, 24.49, 26.18, 25.61, 25.4, 27.95, 27.78, null, 29.26, 31.27, 31.21, 32.56, 32.46, 31.18, 30.69, 31.02, 30.99, 29.88, null, 27.2, 27.48, 28.53, 26.61, 25.67, 27.52, 24.54, 27.43, 27.75, 27.36, 25.01, 26.41, 27.45, 26.78, 26.19, 26.4, 29.84, 24.95, null, 25.01, 28.7, 27.01, 25.47, 28.82, 24.78, 25.43, 24.72]",316.98
hot_truck_transit,26,"[24.88, 18.15, 19.33, 16.74, 17.66, 19.21, 19.01, 20.67, 21.51, 21.37, 24.05, 24.49, 23.7, 25.58, 26.42, 25.95, 25.93, 25.88, 23.55, 23.87, 22.76, 22.63, 20.54, 21.59, 18.73, 20.14]",414.12
market_display,2,"[29.01, 29.6]",342.28
power_outage,6,"[8.74, 14.8, 20.52, 25.69, 31.57, 3.43]",705.0
stable_cold,64,"[3.95, 4.86, 4.67, 4.21, 4.45, 4.64, 4.36, 4.58, 3.88, 5.12, 4.59, 4.14, 3.6, 4.99, null, 4.67, 4.93, 4.93, 4.66, 4.48, 4.42, 4.75, 5.14, 4.54, 5.17, 4.73, 4.74, 5.55, 5.24, null, null, 5.46, 4.55, 4.49, null, 4.71, null, null, 4.12, 5.3, 4.8, 5.5, 4.17, null, 3.86, 4.67, 4.33, 4.4, 4.38, 4.22, 4.08, 4.41, 4.63, 5.05, 4.7, 5.05, 3.99, 4.41, 4.87, 4.72, 4.24, 4.96, 4.37, 4.27]",631.59
market_display,47,"[27.4, 28.43, 26.34, 28.4, 29.27, 26.95, 27.21, 27.18, 27.18, 29.36, 27.9, 26.61, 26.79, 25.31, 26.85, 26.26, 26.32, 27.26, 26.47, 27.57, 28.2, 28.12, 28.02, null, 27.15, 29.25, 30.28, 28.69, 27.79, 26.72, 29.22, 27.53, 27.42, 29.1, 24.02, 27.63, 25.95, 28.38, 29.66, null, 30.08, 27.97, 29.45, 25.81, 27.97, 26.13, 28.18]",310.72
stable_cold,50,"[2.83, 3.11, 3.5, 3.11, 3.79, 2.86, 3.22, 3.0, 3.38, 2.83, 3.91, 2.47, 3.83, 3.18, 3.36, 3.68, 3.49, 2.85, 3.38, 3.89, 2.79, 3.99, null, 2.97, 2.79, 3.05, 2.36, 2.98, 3.04, 2.71, 3.44, null, 2.89, 3.01, 3.29, null, 2.86, 3.19, 3.12, 2.69, null, 3.37, 3.37, 3.05, null, 2.75, 2.76, 3.04, 3.74, 3.21]",669.25
stable_cold,14,"[4.11, 4.19, 4.04, 3.71, 3.74, 3.63, 4.86, 4.03, 3.62, 3.99, 3.4, 4.41, 3.54, 4.01]",687.94
power_outage,92,"[2.36, 2.25, 3.03, 1.84, 2.42, 2.55, 2.92, 2.38, 3.29, 2.72, 1.79, 2.06, 2.57, 2.15, 2.66, 2.36, 2.14, 2.21, 2.75, 1.89, 2.81, 2.82, 2.4, 2.08, 2.66, 2.35, 2.04, 3.07, 2.23, null, 2.58, 2.48, 2.94, 2.38, 2.39, 2.6, 2.56, null, 2.58, 2.55, 2.37, 2.75, 2.39, 2.74, 2.91, 2.29, 3.22, 2.28, 2.28, 2.66, 2.63, 2.52, 2.74, 2.57, 3.12, 2.48, 2.24, 2.33, 2.64, 2.64, 2.56, 2.24, 2.83, 3.08, 2.51, 3.04, 2.76, 3.16, 2.64, 2.54, 2.75, 2.37, 2.62, 2.9, 2.74, 2.49, 2.56, 2.72, 16.25, 29.8, 2.6, 2.25, 2.3, 2.63, 2.75, 2.71, 2.29, null, 2.14, 2.08, 2.52, 2.9]",633.32
hot_truck_transit,17,"[25.25, 19.82, 18.86, 20.4, 20.07, 20.45, 21.81, 21.85, 21.67, 23.84, 25.37, 26.25, 26.79, 29.5, 29.3, 27.15, 32.35]",307.4
hot_truck_transit,76,"[29.66, 23.31, 24.0, 21.26, 23.11, 21.34, 23.39, 24.08, 23.79, null, 27.35, 27.45, 29.28, 30.38, 28.64, 27.67, 30.02, 29.04, 30.09, 27.9, 27.47, 26.04, 23.92, 24.22, 22.3, 21.63, 21.45, 21.24, 22.16, 22.41, 23.59, 22.93, 24.96, 25.81, 27.39, 28.39, 29.15, 28.86, 30.08, 29.78, 31.11, 29.74, 29.08, 27.17, 26.76, 26.4, 25.09, 24.12, 21.96, 22.08, 22.11, 23.15, 20.82, 21.89, 21.85, 24.45, 26.11, 26.48, 27.69, 27.37, 29.32, 29.04, 30.1, 30.59, 29.82, 30.31, 28.89, 28.41, 28.74, 26.59, 24.56, 23.81, 24.06, 23.56, 22.3, 25.77]",303.47
power_outage,30,"[4.94, 4.78, 5.09, 4.95, 4.63, null, 4.7, 4.59, 9.95, 14.77, 13.57, 22.47, null, 5.09, 4.85, 4.5, 5.41, 4.08, 4.81, 4.58, 5.28, 4.87, 5.57, 4.82, null, 4.29, 5.14, null, 4.68, 5.17]",645.36
market_display,66,"[34.84, 31.47, 32.56, 32.66, 32.55, 32.76, 34.79, 32.72, 33.14, 32.18, 32.31, 33.11, 34.23, null, 28.75, 30.53, 35.04, 31.91, 32.08, 31.85, 30.98, 31.62, 31.89, 31.94, 31.37, 33.65, 32.43, 32.72, 32.65, 31.92, null, 30.77, 33.41, 32.37, 34.02, 33.0, 34.44, 32.09, 31.38, 34.78, 33.93, 30.31, 33.09, 33.39, 32.28, 31.0, 32.32, 32.78, 31.7, 33.41, 30.62, 32.76, 34.87, 33.26, 34.28, 32.38, 32.79, 32.03, 32.07, 33.15, 31.42, 33.54, 33.13, 31.09, 33.71, 35.07]",238.08
mixed_chain,28,"[2.17, 2.87, null, 2.47, null, 2.72, 3.05, 2.8, 2.3, 29.43, 25.4, 24.57, null, 24.36, 25.35, 25.73, 26.79, 29.6, 31.04, 30.71, 29.9, 32.53, 29.66, 32.21, 33.17, 30.43, 28.37, 30.46]",314.54
power_outage,29,"[4.41, 4.76, 4.83, 4.47, 4.69, 5.27, 4.7, 4.78, 5.25, 4.48, 4.46, 4.55, 4.53, null, 23.23, 32.5, 13.88, 23.26, 32.51, 4.29, 4.77, 4.85, null, 5.13, 4.32, 4.35, 4.75, 4.85, 4.92]",649.68
stable_cold,51,"[3.64, 3.07, 3.34, 3.86, 3.11, 3.74, 3.3, 4.51, 4.72, 3.43, 3.96, 3.47, 3.73, 4.58, 3.67, 3.74, 3.48, 4.31, 2.55, 3.68, 3.84, 3.59, 4.2, 4.34, 3.29, 4.69, 3.29, 4.37, 3.92, 3.65, 3.69, 3.84, 3.94, 3.49, 3.76, 3.55, 3.37, 3.53, 3.4, null, 4.03, 3.9, 4.65, 2.97, 4.04, 3.86, 4.18, 4.14, 3.79, 3.92, 3.56]",660.2
power_outage,33,"[4.57, 5.36, 4.63, 4.79, 4.63, null, 5.0, 4.95, 4.24, 4.51, 4.98, null, 4.78, 5.08, 4.47, 4.72, 5.06, 4.71, 5.0, 4.56, 14.35, null, 33.37, 4.76, 5.04, 10.69, 16.89, 22.24, 27.54, 34.09, 4.58, 4.94, 4.22]",658.16
power_outage,14,"[null, 3.33, 3.46, 3.24, 3.88, 3.12, 11.59, 18.61, 25.94, 32.84, 3.6, 3.5, 2.69, 2.9]",708.78
stable_cold,38,"[6.33, 5.31, 6.05, 5.78, 5.86, 5.47, 5.63, 5.76, 5.56, 5.9, 5.95, 6.63, 5.88, 5.0, 6.23, 5.68, 6.57, 6.35, 5.56, 6.05, 5.53, 5.77, 6.04, 6.21, 6.12, 5.8, 6.76, 5.62, 5.12, 5.2, 6.36, 5.74, 5.83, 5.55, 5.58, 5.45, 5.95, 5.73]",628.2
market_display,10,"[27.81, 28.57, 29.95, 29.63, 29.15, null, 29.85, 28.34, 29.45, 29.06]",339.09
market_display,94,"[29.53, 29.31, 30.01, 28.51, 31.3, 30.76, 31.1, 31.67, 29.06, 30.03, 29.9, 31.91, 29.51, 27.86, 29.46, 31.07, 30.65, 29.9, 29.56, 30.42, 30.69, 30.27, 29.59, 29.97, 29.36, 31.25, 29.85, 28.89, 32.72, 29.14, 28.94, 28.57, 29.19, 30.91, 28.11, 30.21, 29.31, 29.04, 27.93, 29.96, 27.96, 29.67, 30.42, 27.3, 30.84, 27.64, 32.19, 29.78, 28.98, 30.26, 28.93, 27.1, 31.38, 29.59, 30.1, 29.81, 29.02, 28.67, 30.89, 30.63, 29.96, 31.24, 29.92, 31.35, 31.78, 31.31, 30.5, 28.8, 30.54, 29.44, 30.88, 31.95, 29.9, 28.67, 30.85, 30.0, 31.86, 30.08, 29.93, 30.13, 30.38, 27.63, 29.04, 31.34, 29.23, 29.98, 29.74, 29.19, 29.82, 28.79, 28.23, 30.26, 31.95, 30.91]",241.35
hot_truck_transit,34,"[34.02, 25.54, 24.6, 24.26, 26.58, 25.79, 26.87, 28.68, null, 28.86, 32.14, 31.57, 32.59, 32.7, 32.78, 33.99, 32.52, 33.2, 33.9, 32.41, null, 28.93, 28.72, 27.17, 28.13, 25.96, 25.31, 25.63, 25.32, 26.53, 28.44, 27.81, 28.03, 33.28]",283.1
stable_cold,39,"[6.09, 4.52, 4.93, 5.03, 5.36, 5.4, 4.9, 5.11, 5.16, 6.48, 6.22, null, 5.35, 5.04, 4.74, 5.45, 5.1, 5.47, 4.86, 5.2, 5.56, 5.65, 5.67, 4.97, 5.84, 5.18, 5.75, 5.5, 4.95, 5.37, 5.65, 5.75, 5.44, 6.11, 5.9, 5.4, 5.8, 6.27, 6.28]",617.25
mixed_chain,77,"[4.58, 4.24, 5.54, 4.81, 5.4, 4.92, 5.48, 5.07, 4.74, 4.69, 4.65, 4.81, 4.86, 5.03, 4.73, 5.59, 5.53, 5.0, 5.63, 5.47, 4.77, 5.08, 4.87, 5.47, 4.54, 4.32, 4.88, 4.55, 31.44, 24.94, 24.6, 24.86, 24.25, 24.72, 26.51, 27.58, 29.03, 28.67, 30.57, 30.39, 31.83, 32.18, 33.89, 32.14, 31.84, 32.13, 29.92, 32.71, 29.08, 30.12, 28.15, 30.43, 27.5, 30.03, 31.01, 31.52, 31.96, 29.06, 29.63, 29.29, 31.15, 30.37, 30.11, 30.04, 30.8, 29.09, 31.07, 30.52, 31.38, 29.69, 30.18, 31.44, 28.74, 31.58, 29.81, 31.06, 31.1]",270.38
stable_cold,7,"[4.67, 4.97, 5.65, 5.37, 5.1, 5.4, 5.2]",669.98
stable_cold,51,"[5.66, 5.27, 4.73, 5.03, null, 5.14, 4.98, 4.98, 5.48, 5.93, 4.37, 6.35, 5.31, 5.46, 5.05, 5.23, 5.3, 4.81, 4.9, 5.7, null, 5.4, 5.08, 4.84, 6.02, null, 4.77, 5.15, 4.92, 5.23, 5.29, 5.32, 5.18, null, 5.48, 5.18, 5.03, null, 5.18, 5.66, 5.72, 5.74, 5.5, 5.23, 5.2, 5.13, null, 5.51, 5.32, 5.56, 5.18]",626.28
stable_cold,64,"[null, 4.38, 5.02, 4.04, 4.16, 4.46, 4.97, 5.19, 5.25, 4.91, 4.66, 5.01, 4.24, 3.96, 4.87, 4.29, 4.67, 4.74, null, 5.07, 5.03, 4.77, 4.52, 4.74, null, null, 5.74, 4.77, 4.88, 4.41, 5.1, 5.0, 5.0, 4.78, 5.11, 5.21, 4.81, null, 5.05, 4.33, 4.41, 4.68, 4.0, 5.03, 4.31, 4.51, 4.61, 4.71, 4.56, 4.67, 4.67, 4.52, null, 5.13, null, 4.61, 4.51, 4.86, 4.11, 4.5, 4.66, 5.12, 4.83, 4.22]",632.38
power_outage,61,"[2.86, 2.31, 2.61, 2.6, 2.02, 2.89, null, 23.09, 32.77, 3.27, 2.57, 3.23, 2.6, 2.64, 3.12, 2.38, null, 2.81, null, 2.67, 2.62, 2.91, 2.71, 2.94, null, 2.85, 2.99, 2.56, 2.99, null, 2.23, 2.55, 2.44, 2.77, 2.57, 2.69, 2.96, 3.1, 2.74, 2.98, 2.6, 2.18, 2.3, 2.59, null, 2.6, 3.01, 3.2, 2.39, 3.29, 2.16, 13.32, 22.87, 32.93, null, 2.41, null, 2.45, 2.48, 2.24, 2.43]",670.05
mixed_chain,76,"[5.5, 5.57, 5.41, 5.78, 5.68, 5.56, 5.19, 5.56, 5.09, 5.43, 5.36, 5.59, null, 5.62, 5.45, 5.58, 5.75, 5.86, 6.22, 6.64, 6.27, 5.68, 5.31, 5.54, 5.77, 5.52, 5.56, 5.95, 5.61, 5.82, 5.6, 4.88, null, 5.84, 5.65, 5.74, 30.67, 24.23, 23.85, 23.11, 22.73, 25.79, 25.35, 25.72, 26.3, 28.02, 28.15, 30.08, 31.54, 30.92, 32.62, 31.31, 29.96, 31.64, 30.27, 30.18, 27.66, 27.13, 27.56, 31.29, 28.57, 32.16, 32.06, 30.23, 29.51, 29.85, null, 29.63, 28.91, 28.09, 26.72, 28.97, 26.85, 29.14, 31.2, 29.24]",289.24
hot_truck_transit,30,"[32.06, null, 25.35, 24.16, 25.23, 25.77, 26.15, 26.42, 26.76, null, 29.23, 31.86, 30.67, 32.41, 33.8, 33.34, 33.82, 31.82, 32.15, 31.74, 30.61, 29.53, 26.83, 27.35, 26.38, 25.24, 24.47, 25.18, 24.17, 28.85]",321.08
stable_cold,11,"[5.25, 4.54, 4.39, 5.14, 5.21, 4.57, 5.25, 5.71, 5.43, 5.37, null]",669.76
power_outage,61,"[3.05, 2.76, 3.24, 2.64, 2.75, 2.9, 3.03, 2.84, 3.31, 3.03, 2.96, 3.02, 3.16, 3.01, 2.4, 3.27, 2.98, 3.15, 2.82, 2.39, 2.26, 2.66, 3.1, 3.33, 3.03, 2.63, 2.71, 3.35, 2.55, 3.57, 3.51, 3.58, 3.06, 2.84, 3.05, 3.21, 2.75, 2.61, 2.86, 2.71, 3.31, 2.76, 2.97, 3.24, 3.33, 3.0, 3.06, 2.64, 3.25, 12.19, 20.13, 30.09, 2.73, 3.12, 2.97, 2.92, 2.88, 2.64, 3.1, 2.86, 2.55]",669.97
market_display,47,"[29.22, 27.39, 30.79, 29.77, null, 31.3, 28.96, 31.97, 27.88, 30.7, 31.85, 28.92, 32.68, 30.34, 30.59, 31.55, 30.64, 28.55, 26.28, 28.97, 29.08, null, 29.38, 26.72, 28.71, 30.8, 31.39, 29.27, 30.97, 27.03, 30.47, 31.56, 30.76, 30.11, 27.08, 32.41, 32.47, 30.98, 31.74, 30.14, 31.05, 31.15, 30.06, 29.15, 31.19, 32.4, 31.63]",281.74
hot_truck_transit,2,"[21.61, 22.19]",415.86
stable_cold,69,"[2.08, 2.36, 2.51, 1.78, 2.69, 3.0, 2.72, 2.22, 2.17, 2.61, 2.43, 2.67, 2.73, 2.92, 2.04, 2.58, 2.34, 2.45, 2.83, 2.88, 3.05, null, 2.44, 2.39, 1.79, null, 2.36, 2.69, 2.76, 1.99, 2.12, 3.11, 2.6, 2.26, 2.44, 2.92, 2.86, 1.9, null, 2.87, 2.43, 2.01, 2.91, null, null, 2.4, 3.74, 2.49, 2.19, 2.08, 3.2, 2.83, 3.05, 2.59, 2.99, 2.15, 2.55, 2.6, 3.04, 2.62, 2.24, 2.51, 1.82, null, 2.82, 2.34, 2.38, 2.82, null]",654.8
power_outage,54,"[null, 15.13, 22.37, 27.66, 33.42, 3.59, 3.8, 3.46, 3.64, 4.18, 3.61, 4.44, 3.93, 3.56, null, null, 3.62, 3.71, null, 3.13, 3.94, 3.84, 3.12, null, 3.85, 3.82, 3.34, 3.84, 3.55, 3.66, 3.27, 2.27, 3.31, 3.71, 3.48, 3.74, 3.88, 3.45, 3.42, 2.89, 3.08, 3.14, 3.71, 3.45, null, 3.35, 3.31, 3.82, 3.57, 3.84, 2.89, null, 3.4, 3.46]",655.93
hot_truck_transit,80,"[25.01, 19.86, 19.26, 20.12, 19.37, 18.55, 20.02, null, 22.69, null, 25.32, 24.33, 27.92, 27.24, 27.85, 28.03, 27.12, 27.85, 25.2, 27.01, 25.12, 24.22, 23.32, 21.58, 22.12, 19.89, 19.27, 20.05, 18.97, 20.02, 21.31, 22.52, null, 23.21, 24.7, 25.4, null, 26.9, 27.02, 27.05, 26.33, 28.26, 27.33, 24.95, null, 23.97, 21.86, 21.09, 20.99, 21.06, 20.55, 19.5, 20.44, 20.34, 20.52, 22.7, 23.02, 24.34, 24.09, null, 27.42, 27.17, 27.62, 27.08, null, 26.53, 27.05, 25.14, 24.8, 25.19, null, 21.66, 21.79, 19.89, 19.28, null, 20.95, 21.3, 20.71, 27.11]",293.96
mixed_chain,67,"[3.78, 3.73, 3.88, 3.87, 4.01, 2.97, 3.58, 3.82, 4.09, 3.75, null, 3.73, 4.32, 4.11, 4.06, 4.31, 4.21, 3.76, 3.66, null, 4.76, 4.46, 4.45, null, 28.74, 23.97, 23.58, 22.43, 22.71, 23.86, 24.31, 24.68, 25.96, 26.11, 28.73, null, 29.65, null, 31.87, 31.17, 30.53, 30.95, 30.04, 29.42, 28.85, 27.02, 31.55, 31.89, 33.79, 33.25, 32.53, null, 32.36, 32.48, 31.24, 31.79, 32.53, 30.84, 30.13, 30.78, 34.13, 35.02, 33.05, 32.5, 34.09, 31.4, 33.08]",264.8
mixed_chain,28,"[2.91, 2.54, 2.71, 2.84, 3.07, 2.72, 3.48, 2.9, 28.16, 21.83, 23.69, 22.17, 22.27, 23.72, 23.34, 29.04, 25.74, 26.05, 26.28, 26.67, 25.88, 26.1, 26.2, 29.01, 26.69, null, 25.94, 24.59]",367.28
power_outage,42,"[4.56, 4.25, null, 4.61, 3.69, null, 4.57, 4.58, 11.69, 19.13, 26.67, 34.06, 4.13, 4.51, 4.12, 4.29, 4.28, 3.96, 4.0, 4.89, 3.95, 4.33, 4.4, 4.2, null, 4.32, 3.96, 4.38, 4.06, null, 4.35, 4.01, 4.32, 3.94, 4.3, 4.15, 3.97, 3.97, 4.95, null, 4.09, 4.04]",655.96
stable_cold,79,"[4.25, 3.99, 3.31, 3.29, 3.9, 3.64, 3.7, 4.14, 4.01, 4.24, 2.94, 3.81, 3.99, 3.1, 3.45, 3.37, 3.72, 4.36, 4.52, 3.38, 3.92, 3.93, 3.86, 3.87, 3.83, 4.38, 4.15, 3.28, 4.03, 4.06, 3.83, 4.16, 3.78, 3.79, 3.76, 2.9, 3.68, 3.44, null, 4.28, 3.91, 3.7, 3.48, 3.83, 4.1, 3.38, 3.71, 4.05, 2.93, 3.68, 3.54, null, 3.51, 3.76, 4.48, 3.58, 3.82, 4.51, 3.49, 4.43, 3.71, 4.42, 4.01, 3.83, 3.68, 3.46, 3.74, 4.07, 3.7, 3.58, 3.61, 4.1, 4.2, 3.44, 3.44, 3.86, 4.32, 4.17, 3.21]",638.79
mixed_chain,85,"[5.49, 4.26, 4.57, 4.81, 4.55, 4.41, 4.76, 5.54, 4.48, 4.09, 4.96, 4.59, 4.32, 4.99, 4.93, 4.47, 4.07, 5.11, 4.47, 4.85, 4.69, 4.94, 4.84, 5.27, 5.01, 3.96, 4.6, 25.87, 17.06, 17.88, 18.06, 17.54, 19.13, 19.66, 20.36, 21.6, 23.12, 23.75, 24.69, 24.86, 25.05, 27.55, 26.38, 25.14, 25.45, 24.6, 24.71, 22.83, 20.82, 21.48, 19.62, 22.26, 28.7, 29.09, 30.37, 30.44, 29.62, 30.71, 31.28, 29.17, 30.36, 30.43, 31.71, 30.52, 28.06, 33.04, 30.4, 30.57, 30.13, 30.59, 30.77, 31.19, 30.07, 27.39, 29.73, 30.0, 29.43, 28.95, 29.68, 31.28, 30.63, 28.63, 28.15, 28.13, 30.54]",270.12
stable_cold,65,"[6.46, 5.74, 5.5, 5.35, 5.71, 6.37, 6.04, 5.84, 6.4, 6.32, 5.9, 6.87, 5.67, 6.2, 5.61, 6.13, 5.66, 5.95, 6.72, 6.14, 5.95, 5.45, 5.84, null, 6.12, 6.11, 5.69, 6.43, 6.37, null, 5.99, 5.53, 5.66, 5.33, 5.57, 5.72, 5.1, 5.99, 6.17, 5.76, 4.69, 5.66, 5.21, null, 6.34, 4.79, 5.44, 6.1, 5.48, 5.45, 6.58, 5.92, 6.14, null, 5.83, 6.27, 6.53, null, null, 5.75, 5.59, 6.16, 5.87, 6.53, null]",592.52
mixed_chain,88,"[null, 3.01, null, 2.31, 3.15, 3.67, 1.67, 3.25, 3.3, 2.87, 3.22, 2.77, 3.64, 3.33, 3.08, 2.4, 2.65, 2.04, 2.92, 3.06, 2.82, 2.81, 2.77, 2.58, 2.82, 3.03, 2.24, 3.53, 2.77, 2.66, 3.28, 3.38, 3.64, 3.48, 2.39, 3.09, 3.31, 24.76, 21.72, 20.3, null, 20.55, 21.73, 21.94, 22.86, 22.05, 23.88, 26.18, 26.35, 26.56, 26.88, 27.04, 28.93, 30.04, 26.65, 27.72, 26.32, 25.48, 24.74, 22.31, 22.63, 23.15, 21.33, 20.81, 20.68, 20.57, 21.74, 22.69, 22.35, 27.74, 30.9, 30.77, 32.19, 30.8, 32.39, 32.59, 32.38, 31.58, 31.07, 30.56, 29.81, 32.61, 31.12, 30.39, 31.74, 32.78, 31.23, 32.26]",261.11
stable_cold,89,"[5.54, 5.84, 5.02, 5.68, 5.43, 6.76, 5.67, 5.37, 5.06, 6.13, 5.47, 5.29, 5.75, 5.87, 5.86, 5.62, 5.67, 5.7, 5.75, 5.78, 6.05, 5.63, 5.28, 5.55, 5.91, 4.9, 4.9, 5.98, 6.22, 5.11, 5.65, 5.45, 5.51, 5.73, 5.09, 5.17, 5.49, 5.55, 5.16, 5.93, 5.44, 5.44, 5.72, 5.56, null, 5.24, 5.05, 5.49, 5.64, 5.11, 5.06, 5.68, 5.31, 5.03, 6.0, 5.36, 6.07, 5.62, 5.73, 5.53, 4.55, 5.16, 5.56, 5.76, 4.9, 5.59, 5.16, 5.7, 5.6, 5.91, 6.04, 5.79, 5.96, 5.47, 6.74, 5.12, 5.4, 5.97, 5.91, 5.81, 5.88, 4.78, 6.25, 5.53, 6.11, 4.8, 5.71, 5.39, 5.84]",575.79
mixed_chain,24,"[4.54, 4.49, 4.55, 3.91, null, 3.73, 4.46, 4.71, null, 4.64, 23.6, 17.49, 17.15, 17.36, 18.88, 19.21, 22.15, 24.63, 24.71, 26.73, 25.72, 25.83, 27.04, 26.77]",352.37
market_display,48,"[27.88, 27.66, 27.78, 26.71, 28.22, 27.43, 26.31, 26.7, 27.99, 28.82, 24.94, 27.34, 25.09, 26.12, 27.58, 27.16, 26.04, 26.49, 28.13, 27.11, 27.02, 28.24, 27.95, 26.56, 27.75, 26.71, 27.13, 24.96, 26.34, 27.2, 25.67, 26.62, 25.09, null, 28.69, 25.81, 25.12, 27.67, 27.31, 27.55, 27.86, 27.18, 28.66, 28.79, 29.31, 29.49, 26.16, 28.3]",309.28
mixed_chain,81,"[2.93, 2.51, null, 3.46, 2.41, 2.51, 2.52, 2.93, 2.6, 1.87, 1.79, 2.91, 2.59, 2.36, null, 3.19, 2.59, 2.7, 2.82, 2.66, 2.32, 2.41, 2.75, null, 2.92, 2.17, 2.57, 2.17, 2.45, 2.39, null, 2.86, 2.15, 3.28, 29.44, 25.76, 23.94, null, 26.04, 25.1, 26.25, 25.92, 27.46, 28.81, 28.72, 32.24, null, 33.39, null, 32.37, 32.88, null, 31.22, 31.14, 29.49, 27.22, 27.61, 27.03, 26.1, 25.24, 25.14, 24.41, 25.46, 25.11, 26.75, 29.55, 31.84, 32.75, null, null, 31.78, 33.32, 29.48, null, 31.2, 31.44, 32.29, null, 31.64, 29.32, 30.79]",273.21
stable_cold,64,"[5.05, 4.09, null, 4.51, 4.95, 4.54, 5.1, 5.25, 5.34, 5.5, 4.18, 4.38, 6.03, 5.26, 4.94, 4.87, 4.83, 4.08, 4.55, 4.81, null, 4.62, 5.88, 4.75, 4.97, 4.95, 5.09, 4.66, 5.35, 5.03, 4.34, 4.81, 4.79, 4.77, 5.06, null, 5.06, 4.99, 4.89, null, 5.17, 5.05, 4.46, 4.97, 5.11, 5.32, 5.06, 4.98, 5.23, null, null, null, 5.3, 4.21, 5.18, 4.86, 5.24, null, 4.89, 4.88, 5.03, 4.44, 5.11, 4.12]",634.05
hot_truck_transit,24,"[31.96, 25.75, 23.83, 23.94, 24.71, 25.35, 26.99, 27.78, 27.32, 28.1, 28.93, 31.04, 32.22, null, 32.39, 34.21, 32.93, 30.34, 31.32, 30.68, 29.34, 29.53, 27.22, 27.96]",334.35
hot_truck_transit,83,"[32.49, 22.24, 21.92, 22.74, 21.57, 22.05, 23.44, 24.29, 24.58, 26.64, 27.47, 26.69, 29.72, 29.27, 30.77, 31.93, 30.07, 29.21, 30.2, 27.59, 28.81, 25.89, 24.73, 26.16, 23.73, 24.1, null, 22.19, 20.06, 23.61, 23.74, 24.17, 25.7, 26.29, 26.54, 28.55, 28.94, 30.32, 29.9, 29.89, 29.69, 29.02, 28.67, 28.61, 26.7, 25.32, 25.86, 24.15, 24.05, 22.62, 21.94, 20.87, 21.5, null, 23.66, 24.18, 24.41, 24.04, 27.67, 28.97, 29.86, 28.96, 30.95, 30.72, null, 29.24, 28.99, 29.73, 28.64, 26.23, 25.38, 22.51, 24.4, 23.4, 22.68, 21.78, 22.45, 23.97, null, 26.37, 25.88, null, 29.56]",268.55
market_display,30,"[27.36, null, 26.61, 29.79, 24.92, 26.35, 28.56, 26.39, 27.28, 25.92, 25.37, 26.45, 27.98, 26.35, 26.96, 26.47, 27.89, 25.15, 26.93, 26.65, 25.98, 28.53, null, 27.5, null, 26.6, 29.4, 27.59, 26.21, 27.81]",331.09
power_outage,8,"[5.39, 10.01, 14.56, 19.2, 24.26, 29.16, 4.65, 5.63]",657.76
power_outage,15,"[4.98, 4.83, 4.82, 5.11, 5.19, 10.07, null, 20.03, 24.94, 29.69, 30.03, 5.7, 5.12, 4.72, 5.6]",650.37
market_display,65,"[25.66, 26.2, 25.58, 25.61, 27.43, 26.24, 27.31, 26.35, null, 27.67, 25.86, 26.75, null, 26.12, 26.04, 25.4, null, 25.42, 26.01, 25.91, 25.66, 26.66, 27.71, 27.27, 24.01, 26.39, 29.0, 26.45, 25.94, 27.87, null, 27.74, null, 26.84, 25.58, 27.54, 26.28, 26.5, 27.46, 26.89, 26.14, 24.67, 26.21, 25.91, 26.36, 26.09, 27.85, 26.98, 25.92, 27.17, 28.07, 25.58, null, null, 26.78, 28.84, 27.76, 25.96, 27.11, 27.82, null, 25.15, 27.46, 24.58, 26.43]",308.5
power_outage,28,"[2.42, 2.43, 2.09, 1.97, 1.96, 1.58, 15.72, 29.32, 1.85, 1.54, 2.16, 2.19, 2.21, 1.8, 2.21, 2.04, 2.35, 15.4, 29.64, 2.55, 2.13, 2.22, 2.33, 1.79, 1.95, 2.15, 2.7, 1.74]",720.86
hot_truck_transit,9,"[26.17, 21.18, 21.69, 22.01, 21.8, 21.76, null, 24.85, 28.91]",342.61
market_display,42,"[27.0, 28.52, 26.64, 26.96, 27.42, 27.64, 28.09, 28.11, 27.14, 28.17, null, 27.88, 26.03, 28.41, 28.56, 28.76, 28.03, 29.13, 28.43, 27.35, 27.77, 27.15, 26.65, 28.68, 27.53, 28.67, 30.07, 29.09, 26.68, 27.16, 28.52, 28.34, 29.43, 27.4, 26.32, 26.72, 29.26, 28.03, 28.84, 27.43, 26.96, 28.63]",311.73
stable_cold,31,"[5.72, 5.55, 6.63, 6.17, 5.36, 5.54, 5.57, null, 5.37, null, null, null, 5.2, 5.46, 5.48, 6.45, 6.05, 6.03, 5.55, 5.54, 5.07, 5.96, 5.85, 6.17, 5.57, 5.59, 5.72, 6.01, 5.06, 5.95, 5.64]",636.96
hot_truck_transit,40,"[28.82, 19.83, 20.49, 19.85, 20.94, 20.74, 20.43, 22.45, 23.43, 23.51, 23.98, 26.74, null, 27.81, 28.97, 26.96, 28.43, 28.51, 27.2, 25.38, 25.02, 24.15, 22.22, 22.81, 21.69, 20.54, 21.44, 20.1, 21.83, 20.83, 20.92, 21.77, 23.55, 23.66, 25.66, 26.19, 27.0, 27.94, 29.18, 32.43]",288.02
mixed_chain,43,"[5.96, 5.87, 5.66, 5.07, 5.63, 6.5, 5.93, 5.71, 5.44, 6.05, 6.45, 6.03, 5.31, 5.41, 5.33, 6.64, 34.83, null, 25.05, 24.79, 25.84, null, 26.47, 27.8, 27.36, 28.73, 31.64, 34.93, 31.54, null, 33.21, 29.99, null, 32.39, 31.55, 33.2, 32.0, 30.42, 31.4, 30.8, 33.14, 32.85, null]",284.66
hot_truck_transit,69,"[28.7, 21.13, 22.84, 22.38, 22.32, 21.66, 22.57, 23.49, 24.56, 25.67, 26.15, 29.78, 30.09, 29.75, 29.9, 31.52, 31.23, 28.94, 29.09, 27.92, 26.88, 25.93, 24.96, 24.23, 23.41, 23.75, 21.55, 22.84, 21.34, 22.79, 24.07, 24.52, 24.77, 26.29, 28.42, null, 29.34, 30.3, 29.62, 31.45, 31.59, 30.4, 29.77, 26.68, 26.04, 26.0, 24.5, 24.56, 20.96, 23.09, 22.06, 21.63, 23.72, 22.35, 21.94, 24.43, 25.33, 25.92, 28.98, 28.23, 29.7, 29.79, 30.94, 29.8, 29.08, 30.14, 29.13, 28.7, 29.27]",282.99
market_display,24,"[27.69, 30.45, 29.94, 30.03, 28.28, 31.45, 29.1, 31.34, 27.09, 29.11, 31.45, 29.45, 26.67, 28.47, 29.96, 31.34, 29.27, 30.93, 30.09, 29.12, 30.56, 30.77, 29.27, 28.76]",327.26
hot_truck_transit,95,"[null, 24.06, 22.86, 22.52, 21.57, 22.76, 22.53, 25.47, 25.31, 26.49, 27.1, null, 29.96, null, 31.17, 29.16, 31.48, 29.92, 30.01, 26.45, 27.92, 26.5, 25.35, 24.48, 23.25, 21.96, 21.68, 22.58, 23.74, 23.98, 23.91, 24.17, null, 27.1, 28.07, 27.49, 29.59, null, 32.09, 29.89, 29.94, 29.5, 29.09, 29.09, 27.6, 26.59, null, 23.34, 24.33, 23.2, 22.13, 22.66, 22.79, null, 24.83, 25.53, 24.48, 25.95, 28.68, 29.09, 29.7, 30.37, 30.72, 29.71, 29.97, null, 29.91, 28.79, 27.08, 27.35, 24.75, 25.74, 23.15, 22.4, 22.72, 22.73, 22.77, 22.04, 24.07, 25.34, 25.46, 25.32, 27.42, 27.65, 27.84, 29.58, 31.72, 30.49, 30.2, 30.59, 29.88, 27.39, 29.09, 26.72, 29.93]",253.92
stable_cold,82,"[6.02, 5.82, 6.02, 5.88, 5.91, null, 4.81, 6.32, null, 5.82, 5.1, 5.71, 4.35, 5.16, 5.28, 5.51, 5.75, 4.89, 5.59, 5.81, 6.26, 5.61, 5.14, 4.82, 6.06, 5.62, 5.32, 4.68, 4.95, 5.58, 5.47, 4.55, 5.58, 4.7, 5.87, 5.41, 5.14, 5.72, 5.47, null, 5.36, 5.38, null, 5.43, 6.0, 5.12, null, 4.97, 4.5, 5.41, 5.47, 5.28, 4.73, 5.45, 5.43, null, null, 5.22, 5.59, 5.49, 4.97, 5.38, 5.68, 4.86, 5.35, 5.86, 4.81, 5.79, 5.97, null, 5.19, 5.74, 5.25, 4.38, 5.28, 5.51, 5.62, 4.97, 5.22, null, 5.3, 4.71]",603.37
hot_truck_transit,88,"[28.72, 19.95, 19.1, 19.09, 20.42, 22.49, null, 22.04, 23.7, 23.66, 25.04, 25.85, 28.53, 27.65, 28.59, 27.56, null, 28.12, 27.16, 26.95, 24.45, 24.05, 22.06, 21.73, 20.14, 20.43, 21.31, 19.44, 19.56, 20.53, 21.15, 22.74, 22.05, 22.12, 25.21, 27.48, 26.8, 27.91, 27.93, 28.72, 27.75, 27.53, 28.26, 27.04, 24.61, 23.59, 22.61, 21.23, 20.85, 20.56, 19.64, 20.53, 18.92, 19.72, 21.82, 23.65, 23.29, 23.46, 24.27, 25.82, 27.97, 28.0, 27.0, 28.41, 29.14, 28.53, 28.02, 26.77, 24.13, 23.48, 24.48, 21.85, 19.78, 21.15, 21.11, 20.06, 20.7, 20.0, 20.93, 20.68, 22.23, 25.27, 22.51, 25.82, 26.53, 28.06, 26.28, 32.82]",247.02
power_outage,42,"[4.99, 4.69, 5.04, 4.52, 4.34, null, 4.84, 4.96, 5.14, 4.79, 4.93, 5.11, 4.47, 4.64, 5.53, 10.57, 16.08, 21.8, null, 32.57, 4.4, 4.83, null, 4.73, 4.61, 4.21, 4.97, 4.17, 4.48, 4.31, 4.44, 4.76, 5.07, 4.23, 13.89, 22.88, 32.58, 4.72, 4.93, 4.06, 4.86, 4.41]",645.63
market_display,48,"[31.42, 32.71, 30.03, 30.79, null, 30.03, 32.93, 31.96, 31.39, 31.71, 31.98, 32.33, 29.09, 33.06, 31.83, 32.92, 32.07, 34.16, 30.68, 33.48, 30.5, 32.19, 32.81, 31.56, 29.2, 31.7, 30.97, 32.62, 30.47, 30.88, 30.73, 31.16, 31.64, 32.22, 32.13, 30.0, 30.5, 30.83, 31.12, 30.5, 30.64, 33.09, 31.91, 30.21, 32.02, 31.04, 33.75, 30.78]",285.16
hot_truck_transit,68,"[24.65, null, 18.54, 20.2, 19.84, 21.1, 20.14, 20.4, 23.59, null, 24.96, 24.31, 26.35, 26.72, 26.11, 28.9, null, 26.1, 25.69, 23.64, 24.16, null, 23.14, 21.63, 19.54, 19.4, 21.24, 18.65, null, 19.37, null, 20.95, 23.52, 22.21, 24.94, 26.36, 25.77, 27.64, 27.92, 26.74, 26.49, 26.72, 26.3, null, 24.87, 22.76, 21.62, 21.39, 20.74, 20.97, 19.88, 19.95, 19.24, 19.65, 20.04, 21.53, 22.46, 23.46, 24.26, 25.35, 27.54, 27.07, 27.71, 27.76, 27.11, 27.28, 26.23, null]",308.02
power_outage,30,"[3.21, 2.92, 2.78, 2.5, 3.25, 3.05, 2.99, 2.9, null, 2.57, 2.98, 2.74, 2.77, null, 2.89, 2.16, 2.74, 2.6, 2.86, null, null, 2.81, 12.12, 21.67, 30.97, 2.86, 2.83, 2.89, 3.0, 2.97]",692.43
power_outage,93,"[9.56, 14.6, 20.06, 25.64, 31.7, 3.5, 3.88, 4.01, 4.37, 4.6, 3.89, 4.18, 9.44, 14.9, 20.46, 25.36, 31.28, 4.15, 3.76, null, 3.5, 4.05, 4.42, 3.95, 3.72, 3.59, 4.13, 4.3, 4.0, 3.88, 3.44, 4.05, 3.81, 3.83, 4.5, 3.48, 3.52, 4.09, 3.9, 3.86, 4.1, 4.09, 3.73, 3.84, 4.03, 4.07, 4.16, 3.84, 4.12, null, null, 3.99, 3.95, 3.83, 3.74, 3.93, 4.15, 3.75, 4.0, 3.96, 4.55, 4.23, 4.23, 4.29, 3.85, 4.43, 4.07, 4.0, 3.65, 3.9, 3.49, 3.94, 3.84, 3.9, 3.6, 4.23, 4.2, 4.52, 4.52, 4.06, 4.32, 4.1, 3.89, 3.93, 4.21, 5.24, 4.37, 4.09, 4.16, 4.16, 3.99, 4.24, 3.97]",603.25
mixed_chain,24,"[3.19, 3.43, 2.18, null, 2.9, 3.0, null, 3.61, 3.1, 2.71, 3.11, 29.07, 21.65, 21.89, 22.54, null, 22.58, 23.05, 22.86, 30.31, 33.18, 32.09, 32.06, 33.46]",296.68
market_display,25,"[30.74, 29.62, 28.44, 29.07, 29.38, 29.48, null, 28.71, 29.08, 28.08, 27.76, 28.29, 29.4, 29.76, 30.69, 30.63, 30.88, null, 30.92, 27.56, 30.86, 30.08, 31.29, 26.92, 31.23]",306.43
stable_cold,31,"[2.66, 3.07, 2.45, 2.34, 2.99, 2.77, 2.25, 2.38, 2.46, 2.53, 1.84, 1.76, 2.03, 2.0, 2.12, 2.64, 2.31, 2.46, 1.89, 2.2, 2.62, null, null, 2.45, 3.26, 2.37, null, 2.31, 2.42, 2.32, 2.37]",706.9
mixed_chain,10,"[5.69, 5.2, 4.79, 5.52, 26.73, 21.7, 24.15, 29.9, 29.91, 28.48]",346.39
stable_cold,62,"[3.08, 3.13, 2.83, 3.31, 4.26, 2.39, 3.23, 2.79, 3.33, 3.12, 3.4, null, 3.17, null, null, 3.73, 3.25, null, 2.61, null, 3.15, 3.09, 3.21, 3.53, 2.39, 3.49, 3.1, 3.02, 2.51, 3.3, 2.13, 3.36, 2.5, 3.12, 3.05, 3.56, null, 2.82, 2.89, 3.61, null, 2.94, 3.0, 2.47, 3.25, 2.39, 3.4, 3.15, 4.05, 2.66, 3.06, 3.82, 3.57, 2.82, 3.19, 3.1, 3.21, 2.82, 3.06, 2.46, 3.15, 3.28]",656.01
market_display,70,"[27.35, 28.46, 26.0, 27.38, 26.27, 25.55, 26.89, 26.69, 27.63, 29.39, 27.55, 27.02, 27.68, 26.13, 27.96, 26.22, 27.4, null, 26.69, 28.92, 25.94, 27.59, 26.49, 28.09, 25.42, 26.61, 25.9, 28.9, 28.56, 26.16, 25.63, 26.47, 27.98, 27.36, 26.56, 28.39, 27.45, 26.01, 24.55, 29.51, 26.7, 24.19, 27.41, 25.05, 28.59, 28.52, 26.78, 25.73, 27.64, 28.52, 26.94, 26.61, 26.16, 26.65, 26.87, 26.47, 25.9, 29.05, 26.77, 26.43, 27.3, 27.35, 26.99, 25.7, 27.06, 27.24, null, 27.38, 27.29, 25.78]",307.67
hot_truck_transit,70,"[31.98, 26.46, 26.05, 25.69, 25.75, 24.08, 26.29, null, 29.06, 28.86, 31.11, 31.27, 29.79, 32.41, 32.22, 32.54, null, null, 31.44, 30.49, 30.41, 28.88, 28.55, 26.37, 25.89, 24.67, 24.72, 26.77, 24.57, 25.18, null, 26.88, 27.93, 30.0, 29.74, 31.12, 30.36, 31.8, 33.76, 32.34, 33.51, 31.75, 31.72, null, 30.66, 27.47, 30.57, 26.2, 27.69, null, 24.18, 24.67, 24.64, 25.12, 26.25, 27.41, null, 29.2, 30.12, 30.45, null, 32.09, 31.79, 35.07, 33.08, null, null, 28.96, 31.85, 30.85]",266.28
market_display,42,"[24.1, 25.39, 26.46, 28.01, 26.7, 25.96, 26.34, 27.56, 27.32, 27.51, 28.75, 26.71, 27.5, 24.08, 26.87, 25.03, 25.9, 26.1, 26.65, 25.95, 26.2, 27.43, 26.76, 26.57, 26.65, 26.38, 27.84, 26.54, 29.37, 27.2, 27.55, 26.27, 27.32, 27.88, 26.91, 26.19, 27.97, 29.01, 24.87, 26.08, 26.6, 26.22]",333.02
stable_cold,44,"[6.04, 5.44, 6.02, 6.15, 5.62, null, 6.39, 6.13, null, 6.36, 5.81, 5.53, null, 5.73, 6.09, 6.33, 5.79, 6.26, 5.69, 5.46, 5.25, 5.57, 5.27, 6.58, 5.95, 5.74, 6.47, 5.26, 5.72, 6.58, 5.72, null, 6.09, 6.3, 6.31, 5.78, 5.58, 5.73, 5.38, 5.75, null, 6.45, 6.01, 6.72]",603.85
stable_cold,87,"[4.11, 3.68, 3.35, 4.14, 3.41, 4.21, 4.2, 3.66, 3.04, 4.56, 3.8, 3.51, 4.02, 3.92, 4.17, 3.38, 3.77, 3.17, 3.91, 3.63, 3.75, 3.58, 3.54, 3.29, 3.96, 4.24, 3.42, 3.86, 3.81, 3.64, 3.03, 3.12, 3.33, 2.79, 4.2, 3.79, 3.63, 2.77, 2.91, 3.64, 4.43, 3.36, 3.99, 3.45, 3.66, 4.13, 3.5, 3.37, 4.21, 3.66, 4.08, 3.37, 4.2, 3.75, 3.82, 3.69, 3.44, 3.64, 3.46, 4.02, 3.56, 3.04, 2.97, 2.95, 3.89, 3.18, 3.76, 3.7, 3.62, 3.82, 3.7, 2.56, 3.51, 3.81, 4.3, 4.32, 3.1, 3.5, 3.01, 4.25, 4.05, 3.78, 3.71, 4.19, 4.13, 4.1, 3.82]",619.2
stable_cold,43,"[4.2, 5.04, 5.28, null, 4.96, 4.64, 4.63, 5.76, 5.78, 5.03, 5.14, 4.64, 5.29, 5.73, 4.42, 5.21, 5.24, 5.24, 5.69, 5.84, 4.94, 5.3, 5.06, 4.78, 5.14, 5.3, 5.12, null, 4.84, null, 4.69, 5.15, 5.2, 5.42, 4.69, 4.8, 5.65, 4.96, 5.04, 4.96, 5.48, 5.5, 5.47]",628.89
hot_truck_transit,33,"[27.26, 21.16, 19.63, 20.74, 20.55, 19.46, 21.81, 23.72, 24.39, 25.42, 27.27, 26.63, 27.01, 28.95, 29.24, 28.08, 28.82, 28.99, 28.14, 27.68, 25.59, 23.96, 23.33, 23.79, 23.09, 21.5, 22.44, 20.96, 20.82, 20.5, 22.21, 23.94, 29.75]",314.13
market_display,82,"[29.97, null, 30.48, 30.34, 30.57, 30.8, 32.6, 31.12, 28.46, null, 30.09, 29.58, 28.53, 29.91, 30.5, 31.17, 28.94, 29.77, 29.67, 29.58, 28.44, 28.99, 29.9, 31.02, 29.99, null, 29.95, 28.78, 31.16, 32.07, 30.38, 31.08, 29.41, 30.54, 30.19, 31.42, 29.51, 30.13, 28.9, 30.99, 29.45, 29.83, 29.14, 29.98, 31.07, null, 31.74, 29.42, 30.22, 31.59, 29.08, 31.65, 32.05, 28.89, 33.14, 29.89, 28.19, 28.9, 30.03, 29.73, 29.27, 28.73, 28.53, 32.2, 30.65, 31.42, 29.1, 29.75, 29.01, 29.63, 31.5, 29.71, 30.11, 29.43, 31.16, 29.55, 31.76, 29.82, 33.19, 31.72, 30.22, null]",255.96
mixed_chain,72,"[1.85, 1.98, 1.75, 2.59, 2.2, 1.66, 1.8, 2.38, 2.65, 1.97, 2.49, 2.37, 2.97, 1.82, 2.94, 2.53, 1.86, 2.49, 1.91, 2.31, 2.46, 1.97, 2.95, 2.21, 2.24, 2.54, 2.52, 2.58, 30.12, 25.11, 23.64, 22.57, 23.24, 23.64, 26.03, 24.88, 25.51, 28.19, 30.17, 28.36, 32.01, 30.2, null, 35.91, 29.02, 29.42, 28.87, 27.94, 30.33, 28.88, 30.88, 30.34, 29.1, 28.89, 26.96, 30.53, 29.74, 30.1, 28.42, null, 28.03, 28.28, 31.11, 29.1, 29.35, 27.74, null, 28.15, 29.16, 28.76, 29.11, 30.16]",284.31
power_outage,83,"[2.5, 3.16, 2.99, 2.68, 2.75, 3.02, 2.67, 2.95, 3.16, 2.57, 3.21, null, 2.8, 2.59, 2.79, 2.65, 2.48, 2.88, 9.87, 17.53, null, 32.13, 2.92, 2.65, 3.11, 2.65, 2.6, 2.45, 2.73, 2.73, 2.94, 2.74, 3.35, 2.86, 2.42, 2.4, null, 2.42, 2.9, 2.99, 3.0, 2.46, 3.0, 2.82, null, 2.67, 2.86, null, 2.81, 3.15, 3.01, 2.75, 2.79, 2.56, 2.57, 2.26, 2.8, 2.93, 2.7, 2.46, 2.74, null, 2.99, 2.71, null, 3.53, 2.58, 2.65, 2.93, 2.45, 2.98, 2.75, 2.83, 2.55, 2.48, 2.13, 3.17, 3.0, null, 2.83, 2.03, 2.5, 2.64]",645.47
mixed_chain,77,"[null, 4.4, 3.3, 3.67, 3.41, 2.93, 3.63, 2.34, 3.59, 3.54, null, 3.47, 3.39, 2.87, null, 3.54, 3.54, 3.9, 3.37, 3.13, 3.43, 2.68, 3.63, 3.79, 4.09, 3.67, 3.11, null, 3.48, 3.28, 3.09, 3.31, 3.95, 3.71, 3.9, 3.24, 30.42, null, 25.99, 24.99, 24.07, 26.94, 25.93, 26.45, 26.93, 28.24, 28.5, 30.39, 31.47, 32.65, 31.16, 32.1, null, 32.94, 32.12, 29.22, 29.56, null, null, 26.47, 26.26, 29.99, 26.3, 28.45, 26.16, 26.1, 26.6, 27.01, 27.73, 26.71, 26.21, 25.79, 27.53, 26.87, 27.18, 27.29, null]",295.69
mixed_chain,53,"[4.59, 4.81, 4.07, 4.0, 4.11, 4.54, null, 3.78, 4.28, 4.44, 4.56, null, 4.78, 3.88, 5.16, 3.62, 4.86, 4.96, 4.03, 5.19, 4.37, 4.36, 29.45, 24.34, 23.3, 24.07, 23.37, 23.81, null, 24.05, 26.37, 27.97, 30.01, 30.85, 30.47, 31.09, 30.95, 32.24, 30.49, 30.39, 32.93, 31.54, null, 30.16, 31.99, 31.01, 30.17, 30.56, 32.14, 32.0, 31.14, 30.03, 29.78]",301.35
mixed_chain,22,"[2.5, 3.09, 2.46, 2.93, 3.07, 2.89, 27.92, 20.21, 21.16, 20.84, 18.74, 19.83, 21.71, null, 30.87, 28.99, 31.21, 30.73, 25.39, 28.74, 28.5, null]",340.71
power_outage,32,"[3.13, 2.78, 2.89, 3.15, 8.94, 13.67, 19.26, 25.33, 30.22, 2.77, 3.45, 3.04, 3.02, 3.52, 2.79, 2.73, 3.59, 3.18, 3.31, 3.01, 3.07, 2.89, 3.2, 3.36, 3.16, 3.42, 3.3, 2.79, 3.06, 2.97, 3.33, 3.24]",683.37
power_outage,64,"[5.81, 5.77, 5.62, 5.64, 5.95, 5.89, 5.63, 6.19, 5.36, 5.19, 5.55, 5.44, 4.81, 5.35, 5.65, 5.53, 5.32, 5.56, 5.59, 5.76, 5.36, 5.81, 5.22, 5.4, 6.06, null, 5.35, 5.17, 5.3, 5.59, 5.76, 5.54, 5.45, 5.18, 5.33, 5.09, 5.77, 5.79, 5.54, 5.68, 5.81, 5.58, 5.97, 19.08, 33.12, 5.41, 5.74, null, 5.98, 5.72, 19.91, 33.21, 5.38, 5.75, 5.86, 5.33, 4.95, 5.0, 5.63, 6.01, 5.16, 5.47, null, 6.13]",592.34
market_display,35,"[30.84, 30.15, 28.94, null, 28.18, 29.68, 26.2, 30.18, 29.29, 29.53, 31.25, 28.9, 28.96, 28.02, 29.86, 29.72, 30.68, 29.76, null, 30.43, 30.24, 29.65, null, 30.58, 31.01, 32.54, 28.6, 30.42, 29.78, 30.04, 30.71, 30.07, null, 29.18, 30.49]",302.17
stable_cold,92,"[4.59, 4.14, 4.7, 4.63, 4.29, 5.13, 5.33, 4.81, 4.7, 5.0, 4.81, 4.39, 4.56, 4.7, 4.92, 4.82, 4.91, 4.21, 5.09, 4.82, 5.84, 4.67, 4.95, 5.95, 4.9, 4.79, 4.43, 5.43, 4.36, 4.99, 4.63, 4.75, 4.25, 5.36, 4.71, 4.33, 5.32, 4.62, 4.95, 5.16, 5.01, 3.94, 5.1, 4.78, 4.69, 4.78, 4.18, 4.9, 4.28, 4.71, 4.88, 5.25, 4.49, 5.4, 5.2, 4.65, 4.38, 4.24, 4.93, 4.53, 5.3, 4.55, 4.46, 4.91, 4.55, 4.82, 5.22, 4.87, 4.87, 4.9, 4.14, 4.98, 4.89, 5.18, 5.06, 4.74, 5.23, 4.7, 4.92, 4.7, 5.01, 4.67, 5.48, 5.63, 5.17, 5.44, 4.21, 4.25, 4.69, 4.84, 4.74, 4.16]",604.71
mixed_chain,86,"[4.3, 3.68, 4.03, 3.94, 3.67, null, null, 3.49, 4.3, null, 4.71, 3.44, 4.64, 4.39, 3.39, 4.04, 3.46, 3.7, 3.84, 3.2, 3.74, 3.93, 3.93, 3.46, 3.83, 4.1, null, 5.03, null, null, 3.81, 4.17, 4.54, null, 3.34, null, 3.51, 3.91, 4.42, null, 30.37, 21.29, 21.06, null, 22.75, 22.98, 22.58, 24.19, 26.03, 26.11, 26.54, 28.31, 29.45, 29.42, 30.35, 30.09, null, 29.44, 29.87, 27.93, 28.89, 24.74, 25.54, 24.72, 22.53, 28.54, 32.97, 32.37, 33.33, 33.6, 32.66, 31.52, 31.28, 31.54, 33.27, 33.24, 30.21, 35.09, 33.26, 32.31, 32.0, 32.38, 34.33, 33.87, 32.78, 34.12]",249.13
market_display,27,"[30.67, 30.0, 30.76, 31.18, 30.47, 32.61, null, 31.55, 29.39, 31.1, 30.05, 30.05, 32.51, 29.87, 30.04, 28.59, 29.6, 28.62, 32.08, 31.1, 31.63, 31.22, 29.51, 31.64, 30.43, null, 27.38]",335.17
power_outage,30,"[4.51, 12.91, 21.7, 30.07, 4.36, 4.6, 3.95, 4.73, 4.42, 4.05, 4.29, 4.72, 4.18, 4.53, 4.68, 4.42, 16.88, 29.85, null, 4.27, 4.08, 4.4, 4.03, 4.44, 4.75, 4.77, null, 4.21, 4.67, null]",655.7
market_display,12,"[null, 31.04, 30.99, 30.25, 30.01, 31.04, 28.65, 29.53, 28.22, 28.75, 30.14, 30.82]",322.04
market_display,3,"[25.52, 24.14, 26.8]",367.08
stable_cold,78,"[4.54, 3.71, 3.87, 3.97, 4.12, 3.72, 3.69, 3.93, 4.3, 3.79, 4.21, 4.68, 3.74, null, 4.67, 4.09, 4.03, 4.73, 4.14, 4.7, 4.43, 4.12, null, 4.39, 4.67, null, 4.28, 4.24, 4.54, null, 4.67, 4.45, 3.73, 4.74, 5.15, 4.66, 4.83, 4.3, 3.6, 3.52, 4.36, 4.02, 3.9, 4.24, 4.51, 3.68, 4.08, 4.87, 3.83, 4.61, 4.07, 4.48, 4.7, 4.56, 4.62, 3.8, null, 3.92, 4.37, 4.36, 4.46, 4.4, 3.92, null, 4.61, 4.34, 4.72, 4.24, 3.7, 4.65, 4.11, 4.4, 4.0, 4.92, 3.91, 4.13, 4.3, 3.82]",626.77
stable_cold,63,"[3.76, null, 4.67, 3.89, 3.96, 3.75, 4.08, 4.36, 5.07, null, 4.2, 4.57, 4.5, 3.99, 5.14, 4.21, 4.32, 4.44, 4.36, 4.83, 3.99, 4.54, 4.29, 4.62, 4.14, 4.08, 4.52, 4.37, 3.89, null, 4.52, 4.19, 4.04, 4.37, 4.49, 3.58, 4.37, 4.48, 3.28, 4.3, 4.5, 4.45, 4.54, 4.09, 3.81, 3.5, 4.66, 4.5, 4.69, 3.93, 4.54, null, 3.87, 4.27, null, 4.89, null, 3.88, 3.86, 3.95, 5.11, 4.53, 4.67]",625.68
mixed_chain,55,"[6.12, 4.53, 5.25, 5.48, 5.43, 4.55, 4.99, 4.37, 5.27, 4.77, 5.08, 5.5, 5.05, 5.04, 4.86, 5.46, 4.73, 5.13, 5.19, 5.26, 5.08, 4.56, 30.03, 24.3, 22.6, 24.61, 21.88, 23.88, 24.6, 25.44, 26.26, 27.05, 29.37, 28.15, 29.55, 30.54, 35.93, 30.56, 30.13, 31.85, 30.81, 31.14, 31.09, 28.63, 29.45, 29.48, 31.2, 30.07, 29.91, 29.83, 31.2, 28.72, 29.96, 31.71, 30.53]",293.68
stable_cold,34,"[5.69, 4.94, 4.27, 4.83, 4.3, 4.05, 4.46, 4.63, 3.85, 4.14, 4.6, 4.43, 4.75, 4.11, 4.88, 4.12, 5.25, 3.91, 4.16, null, 5.26, 4.72, 4.82, 4.6, 4.19, 4.4, 4.11, 4.08, 4.76, 4.15, 4.72, 4.08, 4.71, 4.4]",659.42
stable_cold,66,"[4.13, 3.63, 4.57, 4.23, 4.31, 4.59, 4.18, 4.26, 4.33, 4.95, 4.38, 3.87, null, 4.42, 3.91, 3.74, 4.62, 4.64, 4.22, 4.48, 4.44, 4.61, 4.61, 3.32, 4.27, 4.57, 4.2, 4.38, 4.67, 4.4, 4.97, 4.82, 4.32, 4.29, 3.23, 4.24, 3.82, 4.45, 4.43, 4.64, 4.92, 4.36, 5.28, 4.46, 3.84, 4.14, 4.22, 4.6, 3.99, 4.25, 4.3, 4.19, null, 4.62, 4.83, 4.23, 4.85, 3.82, 3.81, 3.88, 4.37, 4.85, 4.13, 4.18, 4.28, 4.6]",623.99
market_display,35,"[31.01, 32.95, 31.38, 32.14, 31.42, 30.92, 29.51, 30.26, 31.48, 32.36, 34.04, 31.2, 31.05, 30.23, 32.85, 32.5, 32.36, 32.23, 31.37, 33.45, 30.89, 31.25, null, null, 30.89, 31.06, null, 30.67, 29.89, 32.25, null, 33.75, 32.96, 31.9, 32.5]",285.74
market_display,45,"[30.63, 31.87, null, null, 32.25, 30.54, null, 30.9, 32.28, 34.41, 30.8, 32.27, 31.57, 30.79, 32.24, 31.09, 33.09, 32.9, 34.23, 33.07, 32.92, 29.57, 33.23, 33.06, 31.15, 34.33, 33.25, 32.36, 33.03, 32.68, 32.33, 31.84, 33.63, 30.31, 32.34, 33.92, 32.23, 33.06, 32.09, 30.84, 33.21, 33.9, 31.4, 32.77, 32.44]",275.61
market_display,85,"[31.74, 31.32, 32.73, 33.35, 31.29, 31.65, 31.83, 33.44, 29.44, 30.45, 29.48, 30.38, 30.67, 30.08, 31.63, 31.74, 31.12, 31.52, 33.26, 31.56, 29.53, 30.18, 30.09, 32.83, 30.53, 29.9, 29.76, 30.44, 30.39, 30.22, 32.18, 30.78, 31.04, 32.03, null, 30.4, 32.58, 31.1, 30.42, 32.23, 31.6, 31.48, 30.7, 31.13, 30.26, 30.88, 30.63, 31.43, 32.98, 30.92, 32.07, 31.29, 32.51, 33.18, 30.52, 29.08, 29.64, 32.31, 31.51, 29.96, 33.06, 30.75, 30.7, 30.78, 32.65, 30.21, 32.67, 31.81, 32.77, 32.05, 31.55, 31.97, 31.24, 30.29, 31.93, 31.05, 32.65, 32.61, 31.83, 32.32, 31.72, 31.74, 30.37, 31.44, 31.67]",242.43
mixed_chain,29,"[3.02, 3.89, 3.55, 3.79, 3.7, 2.6, 3.69, 3.83, 3.16, 3.5, 3.37, 3.66, 3.44, 27.6, 23.33, 21.04, null, 22.18, 22.25, 21.44, 28.96, 28.66, 30.07, 29.01, 27.97, 29.5, 30.5, 29.65, 28.94]",328.77
power_outage,18,"[5.59, 4.71, 5.43, null, null, 12.27, 19.85, 26.86, 33.38, 5.33, 5.58, 5.74, 5.11, 5.04, 5.44, 5.02, 4.77, 5.11]",658.05
stable_cold,32,"[6.57, 6.59, 5.74, 5.46, 5.96, 6.02, null, 4.84, 7.11, 6.3, 5.77, 5.56, null, 6.04, 5.88, 6.03, 5.8, 6.01, 6.14, 5.98, 5.96, 6.4, 5.21, 5.53, 5.86, 5.55, 5.69, 6.36, 5.79, 5.12, 5.68, 5.87]",631.44
stable_cold,91,"[null, 3.39, 3.26, 2.97, 2.96, 3.46, null, 3.3, null, 3.58, 2.96, 3.65, 3.68, 4.39, 3.2, 3.17, null, 3.68, 3.14, 3.19, 3.57, 3.02, 3.19, 3.39, 3.75, 3.11, 2.62, 2.59, 2.85, null, null, 2.88, 3.07, 3.04, 3.18, 3.88, 3.62, 3.36, 3.17, null, 3.48, 3.59, 2.99, 3.37, 2.54, 3.44, 3.66, 3.24, 4.08, 3.0, 3.44, 3.34, null, 3.31, 3.4, 3.69, 3.9, 3.35, 3.68, 3.07, null, 3.05, 3.79, 4.24, 3.3, 2.48, 3.13, 3.85, 3.57, 3.45, 3.76, 3.55, 3.84, 3.72, 3.96, 3.5, 3.72, 3.23, null, 4.04, 3.44, 3.68, 3.4, 3.12, 3.36, 3.93, 3.58, 2.67, 3.27, 4.07, null]",626.55
mixed_chain,47,"[2.44, 2.93, 3.86, 3.35, 3.84, 3.19, 3.37, 3.12, 3.81, 3.29, 3.75, null, 3.34, 3.39, 3.22, 4.22, 3.38, 3.33, 2.98, 3.2, 28.92, 22.54, 21.55, 20.53, 22.77, 21.49, 22.79, 23.75, 22.6, 25.13, 25.96, 26.44, 28.13, 28.95, 29.69, 29.48, 31.88, 32.46, 30.86, 31.9, 34.23, 32.63, 31.82, 33.74, 34.75, 32.65, 33.66]",278.56
mixed_chain,35,"[3.91, 3.82, null, 4.19, 4.07, 3.71, 3.36, 3.06, 3.88, null, 3.99, null, 3.43, 3.61, 3.59, 29.95, 23.54, 21.37, null, 20.4, 22.44, 23.13, 23.59, 25.46, 26.98, 26.18, 32.96, 30.94, 30.11, 30.35, null, 31.45, 30.54, 33.23, 30.73]",309.09
power_outage,70,"[6.14, 5.6, 5.67, 5.77, 5.9, 6.17, 5.87, 5.98, 6.64, 5.68, 5.77, null, 6.26, 6.09, 6.51, 6.06, 5.37, 5.99, 5.79, 6.38, 6.25, null, 6.37, 6.25, 5.87, 17.04, 28.58, 5.37, 6.1, 6.29, 5.94, 6.16, 6.0, 5.73, 5.72, 6.18, null, 5.51, 6.0, 5.81, 5.61, null, 6.2, 5.97, 5.65, 6.11, 6.28, null, 6.4, 5.66, 6.22, 6.04, 5.62, 6.05, 12.09, 17.42, 22.31, 28.17, 6.11, 5.45, 5.46, 6.01, 6.02, 5.41, 6.08, 6.29, 5.9, 5.98, 6.14, 6.1]",585.99
power_outage,93,"[1.89, null, 2.27, 2.22, 2.14, 2.74, 7.74, 12.65, 17.92, 23.52, 28.15, 1.95, 2.31, 2.37, null, 2.49, 2.02, 1.82, 2.07, 2.42, 1.97, 1.66, 2.29, 2.07, 1.73, 2.27, 2.13, 2.75, 2.27, 2.42, 2.24, 2.06, 2.1, 2.57, null, 1.8, null, 1.89, 2.56, null, 2.48, 2.36, 2.29, 2.1, 2.6, 2.28, 1.81, 1.88, 8.27, 15.64, 22.23, 28.65, 2.2, 1.82, 1.93, 1.95, 2.23, 2.66, 2.66, 2.1, 1.57, 1.89, 2.6, 2.31, 2.14, 2.12, 2.02, null, 2.87, 2.76, 2.0, 1.72, 2.29, null, 2.43, 2.5, 1.89, 2.63, 2.14, 2.43, 2.17, 2.52, 1.54, 2.47, 1.99, 2.27, 2.62, 2.0, 1.96, 2.13, null, 1.93, 2.28]",641.7
stable_cold,22,"[2.58, 2.78, 2.99, 2.48, 3.02, 1.71, 2.47, 2.48, 2.21, 3.45, 2.47, 2.33, null, 1.69, 2.19, 2.89, 2.24, 2.16, 3.02, 3.03, 2.7, 2.31]",717.03
mixed_chain,81,"[null, 4.86, 4.43, null, 3.75, 4.75, 3.84, 3.8, 4.29, 4.75, 4.3, 4.14, 3.97, 4.42, null, 3.7, 3.95, 3.96, 4.03, 4.65, 4.79, 3.9, 4.16, null, 4.03, 4.48, null, 4.77, 4.29, 32.6, 24.84, null, null, 24.08, 25.1, 26.04, 25.65, 28.42, 29.77, 30.39, null, 31.72, 32.56, 33.64, 33.69, 33.01, null, 29.57, 31.89, 35.03, 27.8, 23.84, 27.29, 26.92, 25.65, 28.8, 26.13, 27.56, 28.68, null, 27.5, 26.39, 26.83, 25.28, 26.61, 26.65, 26.58, 27.84, 26.78, 25.21, 27.09, 25.74, 26.67, 26.6, 27.3, 26.68, 27.17, null, 29.21, 26.04, 25.81]",308.87
market_display,21,"[30.37, 31.56, 31.61, 31.81, 29.24, 30.86, 30.89, 29.98, 31.21, null, 28.18, 31.49, 29.24, 27.86, 33.8, 28.67, 30.74, 28.7, 29.46, 29.13, 28.78]",329.85
power_outage,16,"[4.55, 3.82, 4.57, 10.77, 15.68, 22.17, 28.29, 28.4, 3.61, 4.36, 4.19, 4.17, 4.88, 4.19, 4.39, 4.22]",678.09
mixed_chain,36,"[2.1, 2.8, 2.2, 1.86, 2.41, 1.93, 1.98, 1.95, 2.75, 2.86, 1.81, null, 2.56, 2.08, 2.03, 25.11, 22.16, 20.75, 18.45, 18.86, 19.69, 25.75, 28.84, 28.73, 27.9, 29.82, 29.12, 29.85, 31.56, 27.33, 29.05, 27.73, 29.28, 27.94, 27.99, 27.17]",338.44
hot_truck_transit,21,"[26.16, 19.86, 19.2, 16.71, 17.74, 17.63, 20.71, 20.96, 21.57, 21.83, 22.96, 23.6, 25.64, 25.84, 26.71, 26.62, 26.81, 26.17, 26.0, 24.88, 26.41]",354.52
market_display,77,"[32.16, 32.54, 33.9, 31.29, 31.19, 32.25, 32.55, 33.21, 32.57, 31.53, 32.09, 32.75, 33.33, 33.74, 32.21, 31.69, 31.46, 33.94, 32.02, 31.63, 32.74, 34.48, 31.43, 33.25, 32.0, 32.68, 33.52, 34.0, 31.91, 33.44, 32.83, 33.03, 34.02, 31.69, 33.47, 32.73, 33.96, 33.03, 32.36, 33.59, 31.86, 32.06, 31.64, 31.79, 29.26, 31.93, 32.45, 33.45, 31.44, 31.94, 32.33, 33.46, 32.76, 32.99, 33.6, 33.15, 31.82, 34.59, 30.26, 33.62, 33.07, 34.04, 32.26, 31.95, 31.22, 31.27, 32.34, 31.53, 31.69, 31.27, 33.78, 31.67, 33.02, 32.39, 32.96, 32.23, 33.47]",237.1
hot_truck_transit,66,"[30.89, 23.56, 22.79, 22.97, 23.15, 23.31, 23.18, 24.09, 26.75, 27.54, 29.33, 28.56, 29.32, 29.42, 31.59, 30.16, 30.72, 30.59, null, 29.5, 28.72, 27.1, 25.77, 24.85, 25.17, 23.46, 23.0, 22.33, 20.77, 24.29, 24.05, null, 27.53, 27.23, 27.75, 29.69, 30.0, 30.62, 30.25, null, 31.49, 29.86, 28.19, 29.64, 28.41, 27.55, 25.88, 25.65, 23.53, 23.26, 22.18, 23.8, null, 23.6, 24.39, 24.69, null, null, 28.7, 27.5, 29.79, 30.46, 31.73, 30.44, 29.91, 35.2]",245.39
stable_cold,57,"[4.2, 4.1, 4.37, 3.51, 4.78, 3.59, 4.28, 3.3, 3.61, 4.58, 3.87, 4.31, 4.07, 3.94, 4.52, 3.88, 3.26, 3.66, 4.2, 4.14, 3.35, 3.69, 3.74, 3.83, 3.43, 3.73, 3.69, null, 4.3, 3.92, 3.82, 4.03, 3.65, 3.52, 3.6, 3.72, 3.51, 4.04, 4.27, 3.34, 3.99, 3.89, 4.11, 3.97, 3.4, 3.47, 3.99, 4.39, 3.09, 4.12, 4.45, 3.92, 4.2, 3.7, 3.93, 3.33, 3.04]",664.44
hot_truck_transit,65,"[22.96, 19.51, 18.21, 18.42, 18.94, 18.54, 18.77, 21.56, 20.39, 24.12, null, 25.22, 26.1, 25.35, 27.0, 26.91, 27.14, 27.2, 26.25, 24.07, 23.7, 22.11, 21.27, 21.16, 20.43, 19.77, 19.14, 19.12, 18.54, 20.39, 20.48, 20.75, 22.64, 22.36, 23.9, 25.49, 24.62, 28.01, 26.16, 26.41, 26.65, 26.83, 26.27, 25.97, 23.75, 23.03, 20.5, 19.91, 19.87, null, 18.87, 19.19, 18.86, 19.12, 21.86, 20.56, null, 21.72, 23.9, 24.23, 27.18, 25.79, 26.61, 26.11, 29.66]",289.18
mixed_chain,30,"[3.47, 2.99, 2.74, 2.11, 3.14, 3.06, 2.75, 3.01, 3.42, 2.35, null, 23.28, 21.16, 21.53, 20.6, 22.6, 22.13, 25.71, 27.49, 28.82, 28.69, 28.6, null, 28.52, 28.09, 27.98, 29.17, null, 27.52, 28.29]",332.13
market_display,65,"[28.24, 27.5, 28.78, 31.3, null, 29.46, 29.96, 28.87, 28.86, 30.85, 29.53, 30.66, 32.17, 28.26, 29.12, 29.11, 28.71, 28.79, null, 29.43, 32.29, 28.82, 31.11, 31.42, 29.21, null, 30.37, 28.64, 31.3, 28.33, 28.68, 28.69, 29.58, 29.7, 28.54, 29.17, 27.97, 30.7, 30.14, 28.89, 29.08, 28.51, 28.19, 28.01, 28.2, 30.46, 30.55, 27.66, 30.14, 27.84, 30.22, 29.41, 28.68, 29.84, 30.92, 27.06, 30.67, 28.35, 31.01, 30.35, 27.96, 28.61, 29.88, 30.44, 29.88]",277.54
hot_truck_transit,65,"[25.11, 19.3, 18.37, 19.28, 19.55, 19.97, 19.98, 20.98, 22.15, 24.1, 23.94, 24.1, 26.02, 26.56, 26.02, 27.12, 26.6, 26.85, 26.61, 25.01, 24.89, 23.2, 22.2, 21.2, 20.46, 18.88, 18.12, 20.34, 19.75, 19.55, 21.47, 23.74, 21.21, 23.41, 25.01, 24.14, 25.05, 27.67, 27.26, 26.89, 25.99, 27.17, 25.15, 24.63, 23.71, 23.17, 21.53, 20.68, 21.37, 20.11, 19.59, 19.79, 18.73, 20.27, 20.96, 20.62, 22.89, 23.63, 24.69, 26.78, 26.37, 26.17, 27.41, 27.45, 29.3]",291.33
hot_truck_transit,17,"[33.12, 24.89, 24.66, 24.96, 24.33, 23.95, 25.58, 26.09, 27.56, 28.21, 30.09, 30.41, 30.23, 31.66, 31.6, 34.23, 36.6]",275.23
power_outage,81,"[3.06, 2.97, null, 2.83, 2.83, 2.53, 15.19, 28.13, 2.72, 2.89, 2.49, null, 3.6, 3.28, 3.31, 3.16, 3.06, 3.0, 2.7, null, 3.16, 2.84, 3.13, null, 2.79, 3.21, null, 2.91, 2.87, 3.03, 2.42, 2.75, 2.6, 2.98, 3.3, 3.12, 2.82, 2.76, 2.75, null, 3.0, 3.04, 2.34, null, 2.96, 2.83, 3.02, 3.01, 3.16, 2.41, 2.64, 2.95, 2.78, null, 3.01, 2.75, 3.03, 3.14, 2.99, 3.19, 2.32, null, 28.46, 2.72, 2.68, 2.94, 2.97, 2.82, 3.53, 3.06, 2.7, 2.54, 3.1, 2.7, 3.62, 3.1, 3.14, 3.05, 3.31, 2.26, 2.61]",647.63
market_display,34,"[32.64, 31.16, 33.02, 31.29, 29.63, 31.1, 30.73, 30.99, 29.03, 31.65, 29.34, 31.64, 28.89, 30.47, 32.45, 32.63, 30.83, 32.44, 29.6, 32.96, 33.2, 31.53, 31.26, 28.97, 31.71, 32.58, 32.22, 31.97, 30.07, 31.94, 30.75, 33.49, 32.51, 32.11]",289.76
market_display,29,"[25.92, 28.89, 27.75, 28.52, 27.31, null, 30.99, 27.61, 28.03, 28.38, 26.27, 26.74, 29.48, 28.11, 30.98, 27.7, 31.05, 26.72, 28.62, 27.74, 29.74, 28.03, 28.17, 28.69, 31.89, 30.48, 28.26, 27.66, 27.75]",331.4
mixed_chain,88,"[4.3, 3.78, 3.28, null, null, null, 3.66, 3.46, 3.76, 3.75, 3.63, 3.71, 4.68, 4.25, 3.9, 3.27, 4.17, 4.69, 4.65, 3.9, 4.09, null, 4.06, 4.23, 4.16, 4.42, 4.22, 3.3, 3.8, 4.35, 3.3, 3.98, 3.78, 3.46, 31.01, 26.23, 26.31, 25.09, 25.03, null, 27.33, 27.09, 27.24, 27.68, 30.14, null, 32.4, 33.3, null, 32.78, 33.19, 32.32, 31.45, 30.48, 29.96, 28.85, 28.79, 27.29, 24.94, 25.77, 25.04, null, 28.37, 30.3, null, 27.56, 27.48, 27.04, 29.05, 29.73, 27.61, 28.96, 29.57, 28.59, 28.34, 27.53, null, 28.04, 29.04, 27.71, 28.71, 29.63, 28.9, 27.56, 27.0, null, null, 29.27]",277.16
market_display,72,"[29.89, 30.54, 31.02, 30.89, 28.56, 27.5, 30.12, 30.95, null, 27.02, 31.99, 28.9, 30.56, null, 31.21, 30.73, 29.02, 31.08, 29.75, 30.54, 29.4, 28.69, 31.71, 30.11, 27.88, 29.72, 30.38, 30.88, null, 30.29, 28.67, 29.28, 31.11, 28.71, 29.79, 28.97, 29.17, 29.27, 29.82, 29.38, 27.61, 31.02, 30.88, 29.8, 31.05, 30.44, null, 29.94, 30.46, 28.32, 29.16, 27.8, 28.13, 31.05, null, 28.95, 28.39, 27.89, 28.09, 28.8, 26.14, 30.63, 29.92, 30.05, 30.31, 29.51, 29.81, null, 31.29, 28.46, 30.54, 28.25]",281.7
stable_cold,82,"[2.37, 1.66, 1.97, 1.77, 2.64, 2.34, 2.3, 2.29, 2.03, 2.12, 1.57, 1.17, 2.1, 2.17, 2.53, 2.67, 2.67, 1.64, 1.9, 2.24, 3.06, 2.64, 2.49, 1.89, 1.69, 2.36, 1.6, 1.95, null, 2.68, 1.9, null, 2.25, 1.76, 2.06, 2.01, 1.93, 2.36, 1.43, 1.84, 2.32, 1.8, 1.4, 2.31, 2.49, 2.03, 1.26, 2.33, 1.38, 2.17, 1.69, 1.58, 1.87, 1.97, 1.79, 2.28, 1.87, 2.44, 2.16, 1.76, 1.7, 1.38, 2.16, 1.9, 1.09, 1.83, 1.68, 2.67, 1.36, 1.47, 2.49, 2.59, 1.75, null, 2.29, 1.11, null, 1.93, 2.66, 1.87, 2.08, 2.5]",654.28
mixed_chain,23,"[2.91, 2.92, 3.78, 3.35, 3.5, 3.61, 3.02, 3.22, 3.16, 28.92, 20.72, 18.65, null, 23.58, 30.88, 30.57, 33.08, 32.19, 32.35, 31.92, 30.18, 32.38, 34.53]",288.33
stable_cold,20,"[3.53, 4.58, 2.99, 3.73, 3.71, 4.34, 4.4, 4.26, 3.34, 4.23, 4.08, 3.21, 3.05, 4.3, 3.81, 3.37, 3.8, 4.03, 3.85, null]",697.73
stable_cold,22,"[3.38, 2.98, 3.27, 3.5, 2.61, 2.89, 3.2, 3.38, null, 3.29, null, 2.82, 3.19, 3.32, null, 3.45, 3.57, 3.67, 3.15, 2.77, 3.91, 3.55]",689.82
hot_truck_transit,44,"[27.44, 20.19, 18.72, 17.85, 19.51, 19.19, 22.01, 20.65, 22.87, 22.72, 24.31, 24.4, 25.15, 26.98, 26.84, 27.89, 28.15, 25.48, 26.96, 24.49, 24.03, 22.14, 21.12, 19.7, 20.1, 19.84, 19.1, 17.82, 17.83, 19.8, 21.06, 21.45, null, 23.23, null, 25.24, 25.46, 26.59, 27.79, 27.96, 27.41, 27.99, 26.45, 28.21]",317.84
power_outage,49,"[4.43, 3.57, 4.05, 3.47, 4.05, 3.33, 3.49, 3.47, 3.93, 3.96, 11.33, 17.32, 24.33, 30.89, 4.06, 3.89, 4.18, null, 3.12, null, 3.31, 4.24, null, 3.54, 4.66, 3.84, 10.54, 17.57, 24.34, 31.19, 3.45, null, 3.76, 3.57, 3.86, 3.31, 4.13, null, 3.71, 3.81, 3.8, 4.19, null, 3.74, 3.79, 3.53, 3.9, 3.63, 3.43]",659.48
mixed_chain,93,"[4.57, null, 5.44, 4.84, null, 5.02, 4.93, 4.56, 4.79, null, 4.86, 4.4, 5.08, 4.67, 4.63, 4.1, 5.3, 4.97, 4.6, 5.01, 5.2, 5.11, 4.62, 4.38, 4.53, 4.9, 4.24, 5.48, 4.89, 5.19, 4.4, null, 25.63, null, 24.32, 23.89, 25.34, 24.69, 25.61, 26.99, null, 28.41, 31.3, 30.21, 32.01, null, 31.96, 32.23, null, 30.24, 30.79, 29.21, 26.72, 27.77, 26.14, 25.12, 24.82, 22.87, 23.43, 24.36, 23.82, 25.81, 25.06, 26.92, 29.17, 30.87, 27.54, 26.79, 29.38, null, 28.73, 29.0, null, 27.19, 28.86, 30.42, 29.02, 26.95, 32.17, 27.16, 26.45, 30.75, 27.67, 28.05, 30.03, 30.64, 28.43, 29.53, 30.82, 27.23, 28.99, 28.18, 27.19]",286.24
power_outage,47,"[3.79, null, 3.44, 3.23, 3.71, 3.87, 2.95, 3.31, 3.73, 3.41, 3.24, 3.44, 3.5, 3.05, 10.69, 18.06, 25.08, 32.27, 3.22, 3.09, 3.64, 3.09, 3.44, 3.27, 3.17, 3.8, 3.34, 3.18, 3.15, 3.49, 3.63, 3.77, 3.33, 3.32, 3.42, 3.43, 3.15, 3.82, 3.39, 3.54, 3.51, 3.51, 3.08, 3.38, 4.07, 3.86, 3.43]",664.45
mixed_chain,44,"[3.43, null, 3.73, 2.99, 3.21, 3.63, 3.31, 3.3, 3.61, 2.89, 3.64, 2.9, 3.12, 2.64, 3.08, 3.49, 27.73, 22.79, 24.12, 23.58, 22.09, 24.95, 24.06, 24.26, 30.65, 32.14, null, 31.37, 32.33, 34.54, 31.88, 32.32, null, 34.88, null, 33.26, 33.73, 33.3, 30.72, 31.79, 33.56, 32.07, null, 32.39]",287.17
power_outage,47,"[4.51, 4.18, 4.39, 4.62, 13.44, 23.08, 32.72, null, 4.5, 4.76, 5.28, 4.18, 5.04, 4.83, 5.1, 5.01, 4.52, 4.72, 4.28, 10.17, 15.94, 21.62, 27.37, 33.22, 4.59, 5.06, 4.8, 4.33, null, 4.75, 4.47, 4.41, 4.4, null, 4.46, 5.09, 3.98, 4.75, 4.88, 4.43, 4.65, 4.62, null, 4.92, 4.89, 4.54, 4.27]",643.33
power_outage,44,"[2.71, 2.76, 2.88, 2.91, 2.63, 2.49, 2.94, 1.87, 2.9, 2.65, 3.16, 3.24, 3.25, 2.83, 8.99, 15.48, 22.21, 28.02, 3.35, 2.83, 3.08, 2.4, 2.65, 2.36, 3.24, 2.88, 3.1, 2.95, 3.07, 2.83, 2.87, 2.9, 3.05, 3.06, 3.77, 3.43, 2.4, 2.89, 2.81, 3.31, 2.83, 3.07, 2.23, 2.48]",688.53
power_outage,17,"[2.87, 3.24, null, 2.17, 2.71, 2.54, 1.98, 3.41, null, 13.77, 18.82, 24.37, 29.46, 3.13, 2.94, 2.87, 2.9]",706.04
market_display,62,"[29.92, 29.51, 30.12, 31.51, 28.49, 31.7, 29.61, 30.1, 29.9, 30.2, 31.31, 28.49, 29.01, 30.62, 28.91, 27.63, 30.64, 28.94, 30.92, 29.33, 31.24, 30.17, 29.03, 28.4, 29.59, 29.94, 29.1, 28.32, 29.59, 31.71, 30.17, null, 30.04, 30.62, 28.76, 29.56, 29.69, 29.39, 28.39, null, 27.34, 29.08, null, 29.2, 31.62, 29.5, 31.15, 30.03, 30.41, 29.51, 30.74, 29.13, 29.33, 29.24, 28.61, 29.84, 30.91, 29.46, 28.91, 32.21, 29.4, 30.75]",273.92
power_outage,3,"[15.47, 28.0, 2.59]",728.5
stable_cold,72,"[3.18, 3.4, 2.44, 3.33, 3.3, 2.67, 2.14, 2.5, 2.69, 3.55, 2.88, 2.53, 2.99, 2.41, 3.14, 2.54, 2.6, 3.08, 3.63, 3.81, 2.51, 2.69, 3.14, 3.4, 2.06, 2.96, 2.73, 2.16, 2.39, 2.7, 2.95, 3.33, 3.07, 3.31, 2.94, 2.65, 2.86, 3.21, 3.34, 2.87, 2.56, 3.06, 3.12, 3.42, 2.66, 2.66, 3.23, 2.77, 2.75, 3.43, 2.38, 3.75, 2.68, 3.28, 2.89, 3.04, 2.82, 3.27, 2.79, 2.7, 3.65, 2.94, 2.66, 2.33, 3.68, 2.71, 3.75, 3.09, 2.99, 3.0, 3.82, 2.05]",671.16
mixed_chain,4,"[2.2, 23.02, 29.04, 29.56]",341.34
stable_cold,22,"[3.74, 3.62, 3.27, 3.78, 3.27, 3.56, 3.7, 4.01, 3.31, 3.19, 3.85, 3.88, 3.11, 2.89, 3.82, 2.67, 2.65, 3.22, 3.33, 2.87, 3.38, 3.4]",693.05
stable_cold,41,"[2.51, 3.22, 3.11, 3.48, 3.65, 3.18, 3.12, 3.43, 3.12, null, 3.63, 3.72, 3.65, 3.15, 2.36, 3.16, 2.92, 3.17, 2.95, 3.21, 2.8, 2.71, 3.71, 2.83, null, null, 3.58, 3.54, 3.34, 3.51, 3.77, 3.39, 2.48, null, 3.5, 2.97, 3.87, 3.19, 3.25, 3.67, 3.15]",679.43
hot_truck_transit,50,"[31.27, 25.6, 24.57, 26.67, 25.6, 24.63, 25.72, 27.1, 29.26, 29.07, 30.74, 30.65, 32.56, 33.72, 33.71, 31.25, 32.96, 31.84, 32.58, 31.27, 31.62, 28.95, 28.24, 27.12, 26.96, 24.98, 24.55, 24.77, null, null, 26.32, 27.69, 28.59, 29.17, 30.19, 31.83, 33.58, 33.47, 34.04, 34.85, 32.52, 33.24, 33.21, 31.97, 29.77, 28.58, 29.49, 27.55, 26.63, 30.65]",286.62
mixed_chain,24,"[3.82, 4.4, 3.76, 4.42, 3.98, 3.75, 4.45, 25.69, 20.69, 19.51, 20.14, 19.29, 19.82, 25.18, 31.85, 29.33, 29.58, 28.96, 30.54, 28.8, 31.91, 27.93, 29.88, 29.19]",328.56
market_display,78,"[31.93, 33.44, 30.02, 31.6, 30.48, 30.83, 31.73, 29.12, 30.03, 31.29, 29.14, 30.8, 29.42, 29.48, 32.35, 31.36, 30.98, 30.71, 31.62, 30.67, 30.34, 32.5, 30.5, 32.85, 30.58, 32.14, 31.55, 31.92, 31.59, 32.1, 32.99, 30.18, 33.03, 30.88, 29.07, 32.06, 32.24, 31.84, 30.83, 30.11, 30.61, 31.44, 30.91, 29.99, 30.93, 30.24, 30.43, 32.11, 29.81, 31.64, 30.59, 31.57, 30.13, 30.98, 30.21, 31.59, 29.05, null, 29.65, 30.45, 30.83, 32.09, 29.2, 28.98, 32.57, 30.81, 29.13, 30.72, 30.65, 30.53, 31.5, 29.19, 31.27, 30.66, 31.14, 32.28, 32.42, 33.11]",241.16
stable_cold,17,"[4.37, 5.27, 5.63, 5.54, 5.02, 4.65, 4.73, 4.92, 4.59, 5.29, 3.95, 4.64, 5.08, 4.42, 4.66, 5.0, 5.37]",656.83
mixed_chain,17,"[5.97, 5.39, 6.49, 6.01, 6.27, 6.3, 5.66, 33.63, 25.34, null, 28.22, 27.15, 30.06, null, 28.28, 29.34, 28.84]",337.39
hot_truck_transit,93,"[35.09, 25.36, 26.48, 26.95, 25.26, 23.49, 25.9, 27.16, 29.16, 29.29, null, 31.26, 32.47, 33.15, 33.1, 34.4, 34.71, 32.29, 32.75, 30.6, 29.38, 30.57, 30.31, 27.48, 28.38, 25.76, 25.69, 27.08, 25.15, 27.01, 26.64, 27.17, 28.3, 28.01, 31.79, 31.92, 32.45, 32.65, 33.86, 34.45, 33.39, 33.98, 32.79, 31.67, 31.51, null, 27.71, null, 26.94, 26.1, 26.83, null, 25.79, 26.28, 26.98, 28.16, 28.75, 29.62, 29.71, null, 32.79, 33.36, 32.42, 33.29, 32.86, 34.3, 32.77, 32.09, 30.73, null, 28.35, 28.14, 26.71, 26.68, 25.99, 25.98, 26.16, 25.86, 26.67, 28.47, 30.17, 30.48, 28.55, 31.14, null, 32.33, 32.69, 33.41, 33.88, 33.7, 32.28, 31.39, 35.58]",215.72
power_outage,31,"[3.3, 3.64, 3.34, 3.31, 3.21, 3.8, 3.51, 3.16, 3.28, 3.72, 2.55, 3.49, 3.56, 3.18, 3.45, 3.55, 3.03, 3.65, 16.83, 30.04, 3.43, 3.61, 4.1, 10.25, 16.99, 23.47, 30.65, 2.96, 2.88, 3.45, 3.6]",675.68
mixed_chain,64,"[3.38, 4.34, 4.48, 4.32, 3.91, 4.19, 4.21, 3.93, 4.51, 4.38, 4.45, 4.18, 3.44, 3.16, 3.85, 3.71, 4.02, 3.58, 3.59, 3.23, 3.49, 3.87, 3.81, 4.46, 3.91, 3.4, 3.93, 4.23, null, 4.53, 32.07, 25.88, 25.14, 26.05, 24.9, 26.2, 27.48, 27.58, 28.42, 29.73, null, 29.66, 31.43, 32.24, 33.53, 32.68, 32.64, 33.47, 35.72, 27.6, 25.89, 30.29, 28.46, 27.02, 28.77, 27.97, 29.19, 28.01, 27.23, 28.06, 28.9, 26.78, 27.8, 26.29]",322.53
stable_cold,14,"[4.1, 5.19, 4.93, 4.38, 4.66, 5.44, 4.87, 4.57, 5.63, 4.52, 4.71, 4.1, 3.8, 4.36]",680.29
mixed_chain,34,"[5.27, 5.12, null, 5.45, 5.31, 5.43, null, 5.55, 5.71, 4.83, 29.1, 21.48, 20.79, 21.26, null, 23.65, 23.19, 24.21, 26.06, 26.07, 29.98, 31.26, 31.46, 31.16, 30.93, 32.15, 31.37, 31.47, 30.17, 33.98, 32.78, 32.41, 33.11, 31.38]",301.83
market_display,94,"[26.1, 27.96, 26.85, 28.32, 29.39, 27.71, 28.26, 25.89, 27.88, null, 29.02, 27.41, 27.0, 28.32, 28.96, 27.43, 28.12, 26.03, 29.33, 27.32, 29.11, 28.77, 28.9, 28.04, 30.32, 27.57, 30.34, 28.65, 28.5, 28.07, 28.48, 28.36, 30.44, 26.89, 28.12, 27.21, 27.66, 28.37, 30.16, 28.93, 27.2, 28.0, 29.73, 27.65, 28.51, null, 28.09, 27.25, 28.65, 31.12, 27.79, 27.71, 29.24, 31.21, 27.33, 26.93, 29.31, 29.33, 27.18, 27.99, 26.96, 27.91, 28.0, 29.49, 29.82, 28.23, 30.15, 29.5, 26.77, 29.71, 29.32, null, 28.67, 30.48, 26.27, 27.82, 25.97, 27.98, 28.55, 28.32, 29.47, 31.32, 27.92, 29.88, 29.2, 28.8, 29.38, 27.94, null, 26.62, 28.54, 27.98, 31.34, 27.06]",270.02
hot_truck_transit,44,"[29.52, 21.86, 20.61, 20.05, null, 20.4, 21.8, 22.51, 22.82, 24.19, 25.29, 27.1, 26.64, 27.33, 28.07, 28.96, 28.96, 28.18, 27.91, 27.44, 25.67, 23.87, 23.41, 21.42, 22.0, 20.65, 20.74, 20.44, 20.34, 21.23, 21.58, null, 22.6, 24.79, 24.58, 27.95, 28.37, 26.7, 28.88, 29.42, null, 28.25, 27.24, 29.59]",305.41
stable_cold,89,"[null, 4.45, 4.35, 3.99, null, 4.19, 4.1, 4.41, 4.8, 4.58, 4.3, 4.28, null, null, 4.83, 3.76, 3.94, 4.3, 5.38, null, 4.79, 4.65, 3.77, 4.57, null, 4.18, 4.57, 4.32, 4.86, 3.74, 4.54, 4.16, 4.35, 4.63, null, 4.58, 4.43, 4.25, null, 4.45, 4.2, 4.51, 4.4, 4.27, 5.15, 4.68, 4.36, 4.57, 4.1, 4.34, 4.38, 4.01, 4.67, 4.31, 4.37, 4.28, 5.69, 4.25, 3.68, 3.87, 4.81, 5.04, 4.24, 5.02, 4.81, 4.43, 4.41, 4.58, 4.86, 4.67, 4.24, 4.44, 5.3, 4.61, 4.86, 4.73, 4.62, 4.55, 4.87, 4.8, 4.62, 4.23, 4.66, 4.48, 4.39, 5.58, 3.89, 4.89, 4.17]",608.66
power_outage,18,"[4.06, 4.32, 3.61, 12.46, null, 29.24, 4.37, 3.5, 16.14, 29.45, 3.93, 4.28, 3.69, 3.95, 4.14, 3.99, 3.39, 4.78]",664.82
market_display,64,"[26.19, 26.66, 27.21, 29.67, null, 26.8, 26.12, 28.29, null, null, 26.36, 25.96, 24.92, 27.29, 24.5, null, 24.95, 24.48, 26.62, 27.82, 26.53, 27.59, 27.05, 27.49, 28.56, 25.83, 26.86, 24.33, 28.31, 26.26, 26.74, 26.28, 25.86, 27.58, null, 26.01, 28.75, 27.7, 28.61, 24.43, 25.92, 27.84, 25.21, 26.18, null, 27.16, 26.27, 25.47, 28.76, 27.47, 27.44, 26.93, 27.72, 27.36, 24.51, 29.04, 28.84, 26.19, 24.75, null, null, 27.11, 26.26, 26.02]",312.31
mixed_chain,70,"[5.63, 6.05, 5.53, 5.41, 5.67, 5.77, 5.78, 5.77, 5.99, 5.6, 6.0, 5.65, 5.83, 5.63, 5.16, 6.0, 6.31, 5.98, 5.39, 5.35, 6.22, 6.05, 5.94, 6.22, 6.15, 5.93, 6.44, 6.57, null, 6.19, 5.93, 5.9, 6.18, 5.66, 25.66, 20.39, 19.85, 20.88, 21.09, 21.02, 20.02, 22.51, 23.69, 23.76, 25.68, 26.78, 25.56, 28.26, 27.72, 26.93, 30.57, null, 26.93, 26.84, 25.25, 25.72, 25.82, 26.97, 27.84, 26.85, 25.19, 25.68, 26.68, 27.58, 26.06, 27.0, 24.32, 25.53, 27.06, 23.31]",346.73
stable_cold,83,"[2.57, null, null, 3.05, 2.07, null, 2.87, null, 2.2, 2.59, 2.03, 2.51, 2.91, 2.4, 2.48, 2.13, 2.32, 3.28, 2.61, 2.18, 2.45, 1.94, 2.17, 3.12, null, 3.33, 2.54, 2.56, 2.83, 1.51, 2.66, 2.56, 3.17, 2.96, 2.12, 3.08, 2.47, 2.22, 2.66, 2.5, 3.19, 2.71, 2.66, 2.94, 3.02, 2.89, 3.15, 2.82, 2.65, 3.07, 2.54, 2.59, 3.27, 3.23, 2.58, 2.4, 3.16, 2.9, 2.7, 2.45, 2.71, 2.57, 2.31, 2.63, 2.68, 2.43, 2.94, 3.09, 2.97, 2.47, 2.88, 2.61, 2.08, 2.85, 2.64, 3.62, 3.16, null, 2.68, 2.64, 2.18, 1.88, null]",657.01
power_outage,86,"[2.48, 2.04, null, 2.26, 2.05, 2.57, 2.4, 2.18, 2.15, 2.21, 1.72, 1.93, 2.32, 1.7, 1.95, 2.06, 3.05, null, 2.51, 1.94, null, 1.65, null, 2.33, 1.75, 2.3, 2.32, null, 1.93, 1.96, 2.08, 2.08, 2.33, 2.02, 2.66, 2.66, 2.25, 2.08, 2.02, 2.27, 2.33, null, 9.82, 17.8, 25.47, 33.03, 2.21, 2.0, 1.95, 2.18, 2.01, 1.96, 2.49, 2.06, 2.73, 2.37, 1.93, null, 1.96, 2.77, 2.25, null, 2.19, 2.26, 2.11, 1.9, 2.28, 2.49, 1.82, 2.64, 2.36, 2.05, 2.04, 13.08, 23.14, 33.55, 2.1, 2.35, 2.28, 2.13, 2.21, null, 2.66, 2.1, 1.79, 2.67]",640.69
mixed_chain,49,"[5.67, 6.71, 6.5, 5.95, 6.08, 6.0, 6.12, 5.91, 5.3, 5.37, 6.09, 5.5, 6.24, 5.99, 5.23, 5.24, 5.18, 6.02, 6.17, 5.55, 26.86, 19.89, 19.08, 17.76, 20.24, 19.79, 20.02, 20.4, 21.4, 25.6, 28.79, null, 31.5, 30.63, 28.81, 28.0, null, 31.65, 30.71, 29.7, 29.9, 31.29, 29.89, 32.63, 30.01, 28.8, null, 30.45, null]",306.25
mixed_chain,36,"[3.79, 3.31, 2.7, 3.95, 3.69, 3.26, 3.24, null, 3.78, 3.89, 3.0, 3.82, 3.18, 3.04, 3.59, 3.8, 3.62, 28.73, 23.81, 22.82, 22.72, 23.29, 23.28, 24.81, 28.14, null, 28.72, 29.31, 25.53, 28.91, 27.06, 29.5, 30.07, 25.93, 29.8, 28.86]",324.39
market_display,16,"[29.22, 28.45, 27.86, 27.55, 28.88, 27.15, 27.16, 28.76, 29.06, 28.16, 28.92, 27.84, 27.98, 28.6, 27.22, 29.02]",333.72
hot_truck_transit,22,"[31.98, 25.78, 23.89, 24.8, 25.12, 26.41, 25.55, 26.51, 28.01, 29.53, 29.87, 30.69, 30.89, 31.72, 32.26, 33.08, 32.74, 31.43, 32.02, 30.38, 29.43, 31.75]",305.37
power_outage,30,"[5.91, 5.31, 5.55, 6.05, 5.24, 5.23, 5.13, null, 5.24, 5.17, 4.96, 5.27, 5.47, 5.07, 5.29, null, 4.91, 11.14, 15.58, 21.06, 26.61, 31.92, 5.48, 5.13, 5.1, 5.16, 5.9, null, 5.43, 5.02]",647.32
stable_cold,56,"[4.81, 4.5, 3.46, 3.44, 3.89, 4.31, 4.21, 4.43, 4.15, 4.78, 4.53, 4.25, null, 3.56, 4.19, 4.28, 4.46, null, 4.12, 4.38, null, 4.7, 4.53, 4.2, 4.49, 4.14, 4.28, 4.54, 4.2, 4.37, 4.61, 4.51, 4.71, 5.15, 4.5, 4.04, 4.43, 4.41, 4.47, 4.82, 3.55, 4.83, 4.96, 4.45, 4.46, 4.12, 4.22, null, 4.47, 4.51, 4.47, 4.58, 4.54, 3.81, null, 4.96]",626.82
power_outage,57,"[1.47, 2.61, null, 1.99, 2.45, 2.29, 2.04, 2.4, 2.59, 2.47, 2.48, 2.55, 1.91, 2.41, 2.49, 2.31, 2.17, 2.2, 2.33, 2.7, 2.88, 2.82, 1.95, 2.14, 2.62, 2.81, 2.13, 2.48, 2.08, 2.5, 2.23, 2.48, 2.06, 1.93, 3.35, 2.44, null, 2.87, 1.93, 2.53, 2.03, 2.33, 1.86, 11.44, null, null, 2.43, null, 2.47, 2.76, 2.5, 2.4, 2.52, 1.99, 2.71, 2.06, 2.89]",667.96
stable_cold,84,"[3.41, 3.61, 4.23, 3.84, 3.63, 4.21, 4.3, 3.91, null, 4.03, 3.83, 3.83, 3.72, 4.29, 4.02, 4.34, 4.46, 4.11, 3.72, 4.34, 4.11, 4.96, 4.05, 4.2, 4.04, 3.88, 3.82, 4.04, 4.13, 4.38, 4.05, 3.74, 3.79, 3.39, 4.59, 3.71, 4.31, 4.03, 4.04, 3.87, null, 3.53, 4.61, 3.97, 4.37, 4.48, 3.76, 4.09, 3.94, 3.46, 3.85, 4.16, 3.72, 3.79, 3.85, 4.77, 3.19, 4.12, 3.82, 3.67, 3.81, 4.19, null, 4.0, 4.36, 4.43, 4.25, 3.7, 4.12, 4.12, 3.6, 3.29, null, 3.95, 4.04, 3.45, 4.34, 3.98, 4.46, 4.07, 3.5, 4.11, 4.19, 3.7]",623.69
power_outage,14,"[5.32, 5.96, 5.23, 5.69, 5.41, 12.62, 19.29, 19.03, 32.97, 5.5, 5.82, 5.34, 5.68, 5.28]",658.92
power_outage,89,"[null, 5.54, null, 4.99, 5.49, 5.55, 5.5, 4.88, 6.06, 5.16, 5.34, 5.21, 5.98, 5.72, 5.45, 5.43, null, 5.22, 5.7, 5.43, 5.75, 5.74, 5.41, 4.97, 5.52, 5.16, 5.61, 5.51, 5.41, 11.84, 19.23, 25.38, null, 5.6, 5.7, 5.6, null, null, 5.92, 5.06, 5.85, null, null, 6.1, 6.12, 5.86, 5.43, 5.23, 5.82, 6.0, 4.98, null, 5.51, 5.05, 5.73, 5.86, null, 5.27, 6.1, 5.39, 5.94, null, 5.71, 5.71, 5.85, 6.04, 5.35, 5.75, 5.18, 5.18, 5.42, 5.71, 6.09, 6.15, 5.48, 5.68, 5.87, 14.68, 23.25, 32.18, 5.56, 5.53, null, null, 5.47, 5.25, 5.85, 5.74, 6.15]",565.93
mixed_chain,67,"[5.33, 6.14, 5.01, 4.48, 5.7, 5.72, 5.68, 5.83, 5.8, null, 5.5, 5.5, 5.4, 5.77, 5.06, 5.29, 4.92, 5.6, 6.0, 5.01, 4.68, 5.31, 5.46, 5.27, 4.86, 5.78, 5.47, 27.74, 21.9, 22.33, 20.43, 20.03, 21.45, 21.9, 22.71, 24.12, 22.64, 25.02, 26.99, 27.65, 29.95, 28.76, 27.8, 28.2, 29.15, 31.72, 32.66, 33.24, 31.74, 31.21, 32.89, 29.47, 32.77, 31.91, 32.93, 30.51, 31.8, 33.03, 32.52, 28.87, 32.89, 33.14, 32.37, 31.95, 33.07, 32.01, 29.73]",290.15
stable_cold,90,"[4.95, 4.82, 4.92, 5.23, 4.51, 5.98, 5.05, 5.46, 4.81, 5.27, 5.08, 5.38, 4.96, 5.66, 4.44, 5.42, 5.09, 4.63, 5.82, 5.78, null, 5.11, 5.32, 5.22, 5.65, 5.56, 5.15, 5.95, 5.42, 4.9, 4.82, 5.54, 4.72, 4.88, 4.95, 5.18, 4.96, 4.51, 5.51, 4.88, 5.85, 5.16, null, 5.29, 5.57, 5.27, 5.14, 5.48, 6.04, 4.93, 5.36, 5.04, 5.24, 5.06, 4.18, 4.96, 5.44, 4.74, 5.41, 5.11, 4.96, 5.4, 5.31, 5.21, 5.45, 5.12, 4.38, 4.89, 4.32, 5.3, 5.4, 5.42, 5.24, 5.43, 4.41, null, 4.48, 4.9, 5.69, null, 5.31, 4.97, 4.64, 5.12, 5.49, 5.21, 4.41, 5.08, null, 5.36]",584.28
hot_truck_transit,14,"[null, 23.0, 22.55, 22.48, 21.34, 21.64, 20.77, 22.87, 24.92, 23.91, 25.4, 27.14, 26.55, 35.94]",283.32
stable_cold,77,"[1.76, 2.0, 2.75, 1.99, 1.61, 1.48, 2.08, 1.72, 2.13, 1.38, 2.3, 1.6, 2.04, 1.89, 2.71, 2.1, 2.8, 2.25, 2.6, 1.94, 2.16, 2.51, 2.39, 2.24, 1.9, 1.96, 2.48, null, 1.79, 1.73, 1.66, 2.36, 1.65, null, null, 1.81, 2.65, 1.44, 2.69, null, null, 2.66, 2.42, 1.86, 1.64, 1.4, 2.99, 1.66, 1.52, 2.13, 1.37, 1.63, 2.42, 2.21, 1.87, 2.03, 1.85, 2.0, 1.72, 1.79, null, 1.74, 2.44, 2.33, 1.65, 1.55, 1.96, 2.89, 1.62, 1.96, null, 1.98, 1.84, 2.49, null, null, 2.26]",663.87
market_display,32,"[32.8, 30.64, null, 31.63, 31.21, 30.31, 30.01, 31.44, 31.74, 32.16, 30.81, 31.08, 29.93, 32.21, 29.97, 31.69, null, 32.18, 29.35, 29.13, 29.88, 29.72, 33.52, 31.43, 29.47, 29.79, 32.86, 32.54, 29.4, 31.92, 30.61, 30.74]",302.19
mixed_chain,9,"[2.8, 2.46, 2.37, 3.1, 22.47, 30.98, 31.93, 32.04, 32.28]",315.24
stable_cold,34,"[null, 3.26, 3.27, 2.27, 2.5, 3.84, 2.63, 3.29, 2.77, 3.08, 2.79, 3.27, 3.1, 2.87, 2.63, 3.15, 2.56, 3.22, 4.1, 3.59, 3.33, 3.01, 2.27, 2.52, 3.56, 2.73, 2.77, 2.98, 2.62, 2.56, 3.03, 2.69, 2.75, 2.73]",695.45
mixed_chain,59,"[5.16, 4.99, 5.89, 5.39, 5.21, 5.09, 5.38, null, 4.44, 4.58, 5.18, 5.59, 4.9, 5.44, 5.26, 5.55, 4.62, 4.61, 5.79, 4.37, null, 5.72, 5.25, 5.65, 5.62, 5.41, null, 22.22, 23.8, 25.14, 23.35, 24.02, 23.38, 25.08, 26.2, 26.98, 28.55, 32.98, 32.81, 33.92, 32.34, 31.51, 32.06, 32.8, 31.12, 31.35, 32.39, 29.77, 32.07, 31.69, 32.93, 31.16, 31.7, 32.18, null, null, 31.42, 29.66, 31.01]",287.43
market_display,87,"[31.63, 31.12, 34.74, 31.15, 31.87, 29.46, 33.99, 30.96, 33.74, 30.68, 30.77, 32.93, 30.08, 32.45, 31.02, 34.52, 34.1, null, 34.73, 31.19, 32.87, 30.8, 32.99, 32.35, 30.46, 31.87, 32.05, null, 34.09, 30.65, 31.12, 28.37, 32.74, 32.91, 32.99, 31.88, 31.04, null, 32.6, 30.94, null, 33.17, 31.49, 32.13, 27.86, 31.88, 31.64, 34.16, 31.63, 28.29, 31.64, 31.94, 33.51, 31.87, null, 31.75, 35.46, 32.56, 31.56, null, 30.49, 30.98, 31.24, 29.69, 33.17, 30.92, 32.08, 31.2, 32.34, 34.35, 31.47, 31.31, 30.31, 31.55, 29.49, 33.78, 31.08, null, 31.68, null, 31.6, null, 31.34, 30.91, 31.84, 31.71, 33.11]",230.83
market_display,65,"[27.57, 26.49, 26.75, 26.11, 25.63, null, 28.39, 25.28, 25.98, null, 27.04, 27.52, 24.35, 25.59, null, 26.03, 27.12, 26.42, 26.45, 24.74, 26.4, 27.6, 26.58, 24.05, 27.98, 28.08, 27.14, 27.57, 27.03, 27.25, 25.77, 27.4, 23.77, 26.26, 27.55, 28.21, 26.96, 27.9, 26.39, 27.22, 27.31, 23.62, 27.39, 26.6, 26.72, 27.53, 25.81, 26.49, 26.54, 26.92, 23.87, 27.26, 27.31, 24.89, 25.57, 27.82, 25.28, 28.24, 25.34, 27.62, 25.3, 27.45, 26.73, 26.75, 25.22]",318.44
power_outage,41,"[5.78, 5.76, 5.45, 5.79, 5.15, 5.99, null, null, 5.86, 5.24, 14.52, 23.22, 33.27, 6.0, 5.92, 5.48, 5.75, 5.44, 5.79, 5.33, 5.93, 5.32, 5.35, 5.31, 5.51, 5.34, 5.6, null, 5.69, null, 5.48, 6.12, 5.79, 6.1, 5.44, 4.96, 5.24, 5.27, 5.17, 4.8, 5.76]",622.86
mixed_chain,80,"[2.38, 3.15, 2.35, 2.21, 3.12, 2.49, 2.8, 2.12, 2.64, 2.57, 2.55, 2.56, 2.78, 2.75, 2.91, 1.91, 3.3, 2.61, 2.49, 2.84, 2.63, 2.75, 2.55, 2.93, 2.06, 2.8, 2.5, 1.97, 3.14, 2.55, 3.11, 2.99, 2.41, 3.17, 2.61, 2.43, 2.3, 2.38, 2.85, 33.04, 25.01, 24.77, 24.68, 25.07, 25.35, 25.19, 28.31, 28.27, 29.53, 30.76, 30.62, 32.28, 33.33, 33.79, 33.54, 32.47, 33.33, 30.59, 30.27, 27.98, 28.59, 27.42, 26.41, 25.78, 28.17, 30.43, 30.3, 29.09, 29.47, 29.57, 31.26, 34.01, 30.98, 31.63, 31.72, 28.74, 32.08, 31.0, 31.98, 29.46]",285.8
mixed_chain,28,"[3.36, 3.64, 3.37, 3.49, 3.71, 3.41, 3.22, 4.09, 4.37, 26.36, 19.46, 18.89, 17.63, 17.87, 18.84, 20.11, 20.35, 21.42, 26.35, 30.89, 31.38, 30.82, 30.18, 33.26, 28.53, 31.5, 29.85, 28.46]",332.32
market_display,17,"[28.13, 29.47, 29.84, 30.59, 30.36, 30.1, 30.77, 32.43, 29.83, 31.42, 32.29, 32.02, 30.98, 30.97, 30.7, 32.21, 29.72]",325.8
market_display,54,"[25.15, 26.25, 26.91, 27.01, null, 26.16, 27.21, 26.56, 28.49, null, 26.27, null, 25.71, 26.44, 25.66, 26.61, 28.56, 27.14, 24.84, 26.45, 27.23, 27.26, 26.71, 27.84, 27.62, 26.73, 27.2, 26.75, 26.98, 27.14, 28.13, 27.48, 26.92, 26.43, null, null, 26.8, 26.55, 26.99, 26.11, 25.18, 28.8, 28.84, 27.1, 27.56, null, 27.54, 27.06, 27.17, 25.76, 29.08, 25.61, 27.95, 25.98]",322.56
hot_truck_transit,62,"[33.1, 25.33, 25.27, 26.28, 26.22, 25.14, 27.17, 27.34, 28.88, 29.57, 29.41, 31.01, 30.48, 33.19, 33.76, 33.02, 33.35, 32.27, 33.42, 30.55, 30.37, 28.54, 28.73, 28.41, 25.09, 26.64, 27.02, 25.69, 25.18, 26.09, 26.32, 29.15, 29.21, 30.3, 32.34, 32.66, 32.31, 33.07, 35.33, 32.99, 33.31, 32.24, 30.96, 30.88, 29.93, 29.08, 29.04, 27.57, 27.56, 26.24, 25.86, 25.35, 27.28, 25.78, 27.49, 26.64, 28.35, 31.19, 31.17, 30.46, 31.59, 37.66]",231.2
power_outage,5,"[19.93, 33.81, 6.39, 5.69, 5.94]",655.38
mixed_chain,63,"[4.47, 4.71, 3.68, 3.31, 3.76, 3.28, 3.8, 3.58, 4.4, 3.11, 3.41, 4.29, 3.7, 4.55, 3.96, 4.03, 4.07, 4.1, 3.86, null, null, 3.65, 4.02, 26.22, 18.28, 18.07, 19.27, 18.87, 19.01, 19.55, null, 22.19, null, null, 24.51, 25.57, 25.63, 25.88, 26.48, 27.36, 25.63, 24.98, 25.87, 26.03, 25.03, 26.96, null, 27.69, 26.97, null, 25.83, null, 27.86, 27.26, 28.51, 26.46, 28.14, 26.22, 28.83, 26.13, null, 25.3, 28.41]",306.66
market_display,18,"[27.03, 28.89, 29.35, 28.84, 26.86, 29.67, 28.75, 27.16, 28.26, null, 26.85, 26.81, 27.77, 26.24, 28.05, 28.8, 28.13, null]",349.13
power_outage,18,"[4.17, 4.86, null, 12.59, 20.76, 28.4, null, 4.74, 4.89, 4.52, 4.93, 4.83, 5.25, 4.77, 4.83, 4.76, 4.97, 5.56]",650.38
power_outage,16,"[3.25, 3.65, 2.97, 2.93, 3.4, 12.75, 21.37, 30.25, 19.69, 24.64, 30.27, 3.26, 3.34, 3.38, 3.27, 3.42]",693.98
market_display,21,"[30.09, 32.56, 32.49, 30.61, 29.82, 31.42, 30.62, 34.08, 29.61, 32.73, 30.36, 30.57, 29.84, 30.99, 29.8, 30.57, 29.34, 28.45, 30.58, 32.41, 31.14]",310.22
power_outage,45,"[null, 5.14, 5.61, 5.49, 5.2, null, 5.51, 5.26, 5.44, 5.18, 5.09, null, 5.32, 5.2, 5.81, 5.21, 5.16, 5.08, 5.05, 12.11, 18.24, 24.73, 31.19, 5.34, 5.88, 5.25, 5.11, 5.55, 5.48, 5.48, 5.74, null, 5.53, 5.85, 5.52, 5.59, 5.01, 6.55, 4.96, 5.28, null, 6.07, 5.26, null, 5.27]",627.9
market_display,66,"[26.9, 25.9, 26.05, 27.84, 26.66, 26.76, 26.69, 26.33, 25.84, 24.8, 27.26, 27.16, 28.17, 27.28, 26.26, 26.61, 27.49, 28.12, 26.32, 28.13, 26.71, 26.01, 26.03, 26.46, null, 28.18, null, 26.54, 25.14, 26.09, 26.44, 27.14, 24.65, 28.07, 25.72, 27.17, 26.65, 26.0, 28.41, 26.26, 25.66, 27.44, null, 26.56, 27.02, 27.96, null, 26.51, 27.75, 26.62, 25.87, 26.8, 25.65, 26.72, 27.96, 25.34, 26.75, 27.52, 26.73, 28.47, 26.87, null, 28.46, 27.42, 26.78, 26.28]",308.02
mixed_chain,96,"[1.91, 2.66, 2.18, 1.11, 2.1, 2.75, 2.07, 1.72, null, 2.49, 2.16, 1.88, 2.49, 2.71, 2.84, 2.33, 2.18, 2.43, 2.76, 2.67, 2.22, 1.87, 2.35, 2.25, 2.44, 1.82, 1.99, 2.61, null, 1.78, 2.78, 2.14, 2.41, 2.06, 2.37, 2.78, 2.78, 2.87, 2.07, 2.51, 1.59, 26.67, 21.92, 21.45, 22.16, 22.25, 20.41, 21.84, 23.38, 24.01, 25.8, 26.87, 25.71, 28.09, 28.29, 29.47, 30.05, 29.21, 27.95, 29.4, 26.89, 26.13, 24.0, 24.91, 23.53, 23.08, 21.41, 22.18, 22.65, 19.82, 22.41, 21.52, 23.88, 25.34, 28.17, 29.62, 29.44, 27.81, 28.77, 28.53, 29.18, 31.56, 29.64, 28.17, 29.78, 29.15, 31.18, 28.92, 29.09, 30.79, 28.44, 28.03, 29.78, 29.66, 27.86, 27.07]",292.84
mixed_chain,55,"[3.02, null, 3.68, 2.93, 3.8, 2.99, 3.14, 2.61, 3.59, 2.44, 3.42, 3.66, 2.44, 3.48, 3.68, 3.28, 3.34, 3.26, 3.13, 2.7, 3.09, 25.69, 19.95, 19.76, 18.64, 20.16, 19.73, 21.02, 20.54, 22.12, 24.45, null, 28.76, null, 30.91, 32.48, 29.64, 29.88, 30.44, 33.13, 30.34, 30.36, 29.66, 30.24, null, 29.34, 31.26, 31.31, 29.17, 31.07, 32.58, 28.65, 29.94, 30.42, 30.58]",294.28
power_outage,43,"[5.25, 5.62, 5.81, 5.82, 5.55, null, 6.08, 5.63, 5.75, 5.59, 5.62, 5.71, 6.17, 5.93, 5.9, 5.52, 5.39, 5.77, 6.03, 6.17, 4.92, 6.39, 5.78, 5.93, 5.13, 5.58, 5.9, 5.3, 13.99, 24.16, 33.24, 6.09, 5.61, 5.63, null, 5.97, 5.44, 5.94, 5.5, 5.66, 5.86, 5.91, null]",620.81
power_outage,60,"[4.71, 5.02, 4.85, 4.72, null, 4.97, 5.24, 4.93, 5.11, 4.56, 5.34, 4.69, 5.2, 5.01, 4.97, 5.15, 4.28, 4.75, 5.15, 5.5, 4.92, 4.19, 4.83, 4.91, 5.26, 4.94, 4.54, 5.22, 5.1, 4.72, 5.14, 4.76, 4.84, 4.77, 4.83, 5.2, null, 5.26, 4.98, 11.18, 17.68, 23.78, 29.93, 4.66, 4.36, 4.52, 4.44, 5.29, 4.54, 4.91, 5.26, 5.18, 4.84, 11.21, 17.73, 24.68, 30.55, 5.13, 5.61, 5.01]",616.28
power_outage,96,"[4.42, 4.47, null, 4.72, 4.18, 4.83, 5.49, 4.34, 5.04, 5.35, 4.87, null, 4.68, 5.31, 5.24, 4.87, 4.43, 4.58, 4.18, 5.06, 5.02, 4.9, 4.84, 5.29, 4.97, 4.71, 4.92, null, null, 4.76, 13.83, 22.95, 31.65, 4.73, 4.88, 5.34, null, 4.76, 5.14, 4.88, 4.98, null, 4.25, 3.97, null, 4.62, 4.39, 4.63, 5.16, 4.99, 5.11, null, 4.6, 5.11, 5.06, 4.84, 4.9, 5.12, 4.66, 5.21, 5.05, 4.88, 5.34, null, 4.74, 4.68, 4.99, 5.23, 4.59, 5.87, 4.68, 4.99, 4.88, 4.89, 4.64, 5.2, 4.62, null, 17.99, 32.21, 5.26, 4.28, 5.12, 4.29, 4.87, 4.52, 5.15, 5.05, 5.17, 4.79, 4.82, 4.43, null, 5.16, null, 4.91]",583.37
hot_truck_transit,80,"[28.7, 24.59, 23.2, 25.34, 24.38, null, 25.41, null, 28.08, 28.03, 29.73, 31.3, 31.43, 31.88, 30.51, 33.32, 31.36, 30.29, null, 29.64, 29.75, 29.25, 27.56, 27.71, 25.17, 24.67, 22.97, 23.86, 22.83, null, 26.0, 24.97, 26.02, 26.92, 29.98, 31.63, 31.09, 32.54, 31.25, 33.31, 31.61, 32.32, 31.13, 28.79, 28.65, 28.46, 25.81, 26.56, 24.36, 25.29, null, 24.68, 25.11, 24.72, 25.43, 27.51, 26.66, 27.89, 29.87, 30.66, 30.96, 30.81, 32.96, 31.33, 34.01, 30.83, 30.27, 30.6, 29.8, 27.54, 28.64, 26.59, 25.3, 25.17, 25.43, 25.61, 24.61, 23.84, 24.49, 28.48]",275.22
market_display,93,"[33.06, 31.18, 30.13, 30.16, 31.42, 32.68, 34.13, 30.59, 30.53, 30.76, 31.44, 29.93, null, 30.68, 31.33, 33.01, 29.66, 32.31, 30.83, 30.66, 29.09, 31.42, null, 33.68, 30.65, 32.82, 30.59, 30.54, 28.94, 32.33, 31.12, 30.95, 30.61, 31.24, 30.1, 31.49, 29.81, 30.79, 31.55, 32.64, 31.21, 32.51, 30.94, 29.83, 33.45, null, 32.09, 30.21, 31.58, 31.37, 30.95, 33.39, 31.47, 30.51, 32.84, 28.78, 29.2, 32.01, 31.23, 30.3, 31.43, 32.23, 29.69, 30.85, 31.0, null, 31.73, null, 31.6, 28.66, null, 29.69, 31.19, 31.75, 31.02, 30.17, 29.38, 30.91, 30.47, 31.36, 30.44, null, 31.01, 32.06, 30.36, 31.84, null, 30.14, 29.16, null, 30.45, 30.18, 30.59]",241.61
mixed_chain,35,"[4.57, 5.02, 5.1, 4.98, 5.61, 5.54, 5.05, 5.61, 5.47, 5.15, 4.07, 4.53, 4.94, 5.3, 4.57, 29.39, 24.83, 24.16, 23.76, 23.73, 24.98, 25.59, 24.59, 29.74, 25.42, 27.98, 27.0, 29.58, 28.1, 27.35, 27.77, 27.37, 25.36, 27.16, 25.24]",356.2
stable_cold,21,"[6.29, 5.98, 5.4, 5.36, 5.56, 5.52, 6.15, 6.05, 5.67, 5.92, 5.98, 5.67, 5.81, 5.89, 5.85, 5.34, 5.38, 5.54, 5.37, 5.06, 5.92]",641.58
power_outage,90,"[null, null, 3.89, 4.13, 3.91, 3.71, 3.38, 4.12, 3.94, 4.66, 3.8, 3.92, 3.93, 4.03, 3.54, 3.81, 4.08, 3.73, 4.07, 3.86, 3.95, 4.18, 3.76, 3.4, 3.75, 3.58, 3.19, 3.8, 13.85, 24.05, 33.36, 3.86, 4.17, 3.66, 3.99, 4.31, 3.27, 3.91, 4.18, 3.73, 4.25, 4.02, 4.36, 4.01, 4.39, 3.92, 3.42, 3.64, 4.14, 4.13, 3.74, 4.37, 3.73, 3.97, 3.96, 3.43, 3.8, 10.52, 15.5, null, 27.38, 33.42, 3.41, 4.11, null, 4.21, 3.67, 3.87, 3.96, 3.35, 3.89, 3.94, 4.17, 3.54, 3.59, 4.03, 4.26, 3.65, 3.46, 3.74, 3.53, 3.95, 3.51, 4.12, 3.9, 4.13, 3.1, 3.3, 4.22, 3.62]",613.72
hot_truck_transit,79,"[null, 19.93, null, 18.08, 20.14, 20.82, 19.96, 21.8, 22.96, 22.77, null, 24.86, 24.45, null, 26.39, 26.83, 26.68, 25.57, 25.58, 23.7, 23.43, 21.89, 21.05, 18.98, 19.61, 19.71, 19.06, 19.65, null, 18.94, 20.69, 20.72, 21.9, 24.48, 23.62, 24.4, 24.82, 26.02, 27.47, 27.24, 27.79, 26.54, 23.82, 25.29, 23.9, 22.79, 22.72, 20.57, null, 18.46, 17.71, null, 18.67, 19.76, 19.08, null, 20.98, 22.71, 23.83, 25.02, null, 28.06, 26.17, 27.04, 26.58, null, 25.97, 24.96, 22.63, 22.42, 20.97, 20.43, 19.3, 18.91, 18.59, 18.47, null, 18.58, 25.94]",305.98
stable_cold,71,"[3.49, null, 3.58, 3.52, 3.47, 3.96, 2.94, 4.28, 3.71, 3.9, 3.94, 3.37, 3.29, 3.24, 3.55, 3.93, 3.42, null, 2.7, 3.5, 4.12, 3.58, null, 3.39, 2.44, 3.25, 4.07, 3.42, 3.47, 2.72, 3.0, 4.13, 3.9, 3.13, 3.4, 3.64, 3.17, 2.85, 3.59, 3.88, 3.89, 4.0, 3.03, 3.67, 3.54, 3.62, 3.57, 3.39, 2.44, 4.12, 3.78, 3.06, 3.84, 3.47, 3.48, null, 3.87, 3.33, 3.21, 4.1, 3.58, 3.59, 3.93, 3.38, 3.46, 3.77, 3.03, null, 3.35, 3.99, 3.87]",634.56
hot_truck_transit,10,"[31.12, 23.47, 25.43, 24.17, 24.15, 23.93, 25.07, 25.59, 26.29, 31.42]",320.08
power_outage,26,"[5.47, 19.14, 32.41, 6.62, 6.09, 6.16, null, 5.22, 5.72, 6.35, null, null, 5.64, 5.97, 5.75, 5.76, 14.82, 24.27, 32.67, 6.37, 5.26, 6.13, 5.53, 6.31, 6.22, 5.99]",631.55
power_outage,64,"[4.09, 3.97, 3.59, 3.82, 3.36, 3.65, 3.31, 3.03, 4.21, 3.01, 3.53, 3.52, 11.83, 19.88, 28.12, 3.48, 3.58, 3.44, 3.42, 3.04, 4.04, 3.6, 3.5, 3.25, 3.14, 3.69, 3.39, 3.62, 3.03, 3.9, 3.71, 3.41, 3.58, 3.66, 3.04, 3.94, 3.58, 3.23, 3.11, 3.73, 3.5, 3.58, 3.44, 3.14, 3.59, 3.38, 3.43, 4.15, 3.7, 3.71, 4.25, 3.55, 3.47, 3.23, 3.3, 2.82, 3.67, 3.06, 3.71, 3.42, 3.48, 3.42, 3.85, 3.8]",641.0
hot_truck_transit,54,"[29.64, 22.57, 20.87, 20.55, 20.83, 23.23, 23.95, 23.47, 24.27, 25.77, 26.49, 27.29, 27.61, 28.12, 29.41, 29.26, 30.18, 28.4, 27.23, 25.98, 25.57, 23.99, 25.03, 22.8, 21.7, 22.06, 22.84, 20.8, 20.37, 21.36, 20.83, 23.56, 24.57, 24.79, 25.28, 29.07, 26.99, 28.01, 29.04, 29.83, 28.89, 28.64, 28.46, 29.71, 25.72, 24.74, 24.02, 23.69, 24.34, 21.59, 21.73, 19.42, 21.33, 27.03]",316.36
mixed_chain,9,"[5.18, 6.22, 5.69, 25.07, 23.32, 31.75, 32.79, 29.34, 29.22]",340.14
stable_cold,48,"[2.9, 1.86, 3.49, 2.76, 3.53, 2.31, 2.21, 2.8, 2.8, null, 2.73, 2.4, null, 2.77, 2.14, 2.1, 2.5, 2.83, null, 3.04, 3.23, 2.91, 2.8, 3.66, null, 2.49, 2.52, 3.01, 2.26, 2.96, 2.88, 2.98, null, 3.27, 2.63, 2.86, 2.36, 2.27, 3.36, 2.33, 2.91, 2.87, 3.12, 1.99, 3.01, 2.63, 2.41, 2.55]",685.52
hot_truck_transit,35,"[28.99, null, null, 22.76, 21.92, 24.12, 23.11, null, 25.35, 26.58, 27.28, 28.05, 29.02, 30.27, 30.5, 30.28, 30.73, 29.65, 29.44, 30.03, 27.2, 26.38, 24.66, 24.35, 24.09, null, 21.85, 22.91, 23.13, null, 22.8, 25.72, 25.19, 25.81, 33.2]",285.12
market_display,7,"[29.51, 29.62, 26.69, 31.28, 28.57, 29.12, 30.21]",332.14
power_outage,49,"[14.61, 23.85, 33.25, 5.24, 12.31, 18.93, 26.17, null, 5.5, 4.61, 5.24, 4.74, 5.32, 5.07, 4.65, 5.48, 4.44, null, 5.4, 5.61, 4.71, 5.04, 5.52, 5.54, 5.58, 5.96, 5.04, 5.3, 5.09, 4.6, 5.17, 4.59, 5.04, 4.75, 5.32, 4.96, 4.66, 5.45, 5.01, 5.06, 4.9, 5.54, null, 5.01, 4.62, 5.95, 5.79, 5.63, 4.98]",627.33
power_outage,46,"[4.66, 4.84, 4.91, 5.14, 5.04, 5.04, null, null, 5.51, 5.05, 4.44, 5.15, 5.43, 5.28, 5.17, 5.1, null, 5.36, 4.96, 4.9, 5.21, 5.0, 5.47, 5.23, 4.86, 4.75, 4.92, 19.45, 32.33, 5.32, 4.7, 4.77, 14.14, 23.81, 32.02, 4.9, 5.36, 5.57, null, 5.29, 4.82, 4.69, 4.75, 4.83, 5.16, null]",636.53
mixed_chain,54,"[5.52, null, 5.42, 6.31, 5.88, 5.82, 5.87, 4.79, 6.05, 6.15, 5.9, 5.12, 5.86, 5.26, null, 5.92, 5.53, 5.78, 5.8, null, 5.87, 30.74, 22.36, 22.52, 22.4, 21.63, 23.34, 22.92, 25.06, 26.11, 27.63, 28.15, 29.27, 28.39, 29.55, 30.49, 31.43, 30.57, 35.42, 30.27, 31.34, 32.78, 32.61, 33.13, 32.88, 33.04, 31.87, 34.17, 31.3, 32.28, null, 33.33, 31.45, 32.47]",279.43
hot_truck_transit,17,"[30.07, 26.25, 26.17, 26.37, null, 26.21, 26.5, 28.53, 28.99, 29.95, 30.19, 33.4, 32.75, 33.12, 33.79, 33.62, 34.84]",286.91
stable_cold,29,"[4.28, 3.65, 3.51, 3.69, null, 3.67, 3.56, 3.68, 3.25, 3.92, 3.04, 3.58, 4.06, 3.88, 4.0, 3.73, 4.23, 4.13, 3.94, 4.13, 4.06, 3.58, 3.22, 3.93, 3.98, 4.2, 3.38, 3.4, 3.94]",674.38
market_display,54,"[32.54, 33.35, 31.76, 32.01, 31.28, 32.63, 32.66, 32.94, 32.59, 31.91, 32.74, 33.85, 32.24, 30.49, 30.9, 32.37, 31.05, 31.48, 31.45, 32.56, 33.99, 30.3, 33.32, 33.26, 32.41, 31.84, 33.0, 32.16, 31.89, 29.92, 32.64, 33.76, 30.41, 31.03, 31.52, 31.75, 31.23, 33.61, 34.48, 32.35, 31.29, null, 30.74, 31.83, 32.74, 32.87, 32.75, 31.52, 32.24, 31.66, 33.14, 32.58, 34.07, 32.48]",266.5
stable_cold,75,"[3.04, 3.82, 3.31, 3.42, 3.77, 3.53, 3.35, 2.83, 3.78, null, 3.42, 3.21, 3.63, 3.82, null, 4.28, 3.91, 3.59, 3.92, 3.65, 3.65, 4.15, null, 3.64, 4.11, 3.75, 3.48, 2.95, 2.72, 4.46, 3.75, 3.4, 3.77, 3.25, null, 3.25, null, 2.79, 2.99, 4.04, 3.23, 3.84, 4.01, 3.64, 3.51, 3.68, null, 4.11, 4.38, 4.21, 2.77, 3.45, 3.63, 3.81, 2.94, 2.93, 4.15, 3.41, 3.03, 3.19, 3.79, 3.3, 3.73, 3.24, 2.93, 4.2, 3.79, 3.5, 3.42, 4.22, 3.87, 4.09, 3.4, null, 3.79]",632.01
stable_cold,43,"[2.22, 2.33, 2.31, 2.26, 2.48, 2.26, 1.89, 2.79, 2.78, 2.81, 1.86, 2.59, 2.74, 2.06, 2.48, 2.43, 3.21, 3.24, 1.81, 3.47, 2.11, 2.87, 2.86, 2.08, 2.67, 2.43, 2.7, 2.57, 2.95, 2.5, 2.41, 2.91, 2.71, 2.77, 2.21, 2.06, 2.25, 2.23, 2.79, 2.86, 2.41, 3.05, 3.02]",680.93
stable_cold,15,"[4.39, 4.01, 3.6, 4.79, 5.77, 5.56, 4.45, 4.91, 4.26, 4.32, 4.37, 4.76, 4.77, 4.95, 5.11]",664.0
mixed_chain,18,"[2.04, 2.8, 2.66, 2.36, 2.42, 2.38, 2.78, 29.31, 22.0, 25.62, null, 29.61, 30.91, 29.66, 30.76, 33.54, 32.71, 31.17]",317.08
power_outage,60,"[3.46, 2.68, 2.62, 3.16, 9.97, 16.4, 23.31, 29.42, 2.76, 3.27, 2.75, 2.57, 3.31, 2.56, 3.36, 3.77, 2.87, 3.27, 2.4, 2.38, 2.66, 3.15, 2.9, 2.84, 2.51, 2.86, 2.71, 2.62, 2.6, 2.96, 2.68, 2.9, 2.37, 3.05, 2.97, 2.83, 2.95, 3.18, 2.46, 2.92, 2.51, 2.93, 2.82, 2.89, 3.15, 3.14, 3.22, 2.78, 3.11, 3.05, 2.79, 2.93, 2.86, 3.32, 3.14, 2.8, 2.78, 3.19, 3.3, 2.99]",661.47
stable_cold,70,"[3.2, 3.71, 3.9, 3.22, 3.29, 3.53, 2.9, 3.28, 4.09, 3.04, 3.58, 3.45, 3.17, 3.33, 3.94, 3.46, 3.52, 3.88, 3.12, 2.82, 3.95, 3.29, 3.6, 2.93, 3.39, 2.8, 3.26, 2.98, 2.89, 3.12, 2.32, 2.77, 3.55, 3.38, 2.81, 3.46, 2.89, 3.53, 3.19, 3.11, 3.2, 4.26, 2.93, 3.33, 3.55, 2.85, 2.6, 3.0, 3.54, 3.1, 3.15, 3.6, 2.92, 3.2, 2.63, 3.37, 3.33, 3.56, 2.78, 3.16, 2.73, 3.14, 3.83, 3.11, 2.69, 2.97, 2.59, 2.72, 3.51, 2.66]",660.15
market_display,41,"[29.25, null, 31.66, 27.26, 29.21, 27.92, 30.01, 28.41, 28.26, 29.71, 28.35, 29.44, 28.42, 25.4, 31.14, 29.17, 28.18, 30.19, 27.39, 27.46, 26.85, 28.31, 27.76, 28.2, 26.79, 27.73, 29.1, 30.19, 28.6, 27.95, 29.31, 29.96, 29.9, 29.16, 27.65, null, 28.84, 25.6, 28.58, 30.62, 27.78]",318.84
power_outage,50,"[2.91, null, 2.17, 2.32, 2.06, 2.42, 2.39, 2.86, 2.54, 2.5, 2.45, null, 2.83, 2.93, 2.2, 13.19, 22.65, 32.77, 2.71, 2.73, 2.54, 2.46, 2.92, 2.38, null, 3.07, 2.17, 2.43, 2.87, 2.72, 2.83, 2.17, 2.66, 2.48, 3.25, 2.81, 2.56, 2.65, 2.58, 2.78, 2.31, 2.98, 12.31, 22.91, 32.75, 2.58, 2.86, 2.05, 2.52, 2.13]",687.67
market_display,80,"[26.3, 26.1, 27.51, 26.61, 25.72, 25.87, 29.1, 26.83, 28.3, 24.86, 28.4, 27.92, 28.05, null, 27.02, 26.0, null, 24.73, 25.69, 25.6, 27.93, 26.25, 26.8, 28.42, 27.07, 26.12, 27.23, 26.04, 24.88, null, 27.76, 26.75, 26.83, 26.47, 28.84, 27.34, 26.83, 28.14, 28.25, 27.51, 28.14, 27.65, 27.04, 28.17, 25.86, 25.84, 27.58, 26.17, 27.97, 27.28, 29.47, 25.8, 28.1, 26.39, null, 27.86, 27.46, 27.59, 27.49, 26.7, 28.01, 28.08, 26.58, 26.04, 27.31, 27.24, 25.06, 27.26, 26.02, 24.68, 27.45, 25.53, 28.53, 27.92, 27.28, 28.65, 28.14, 25.91, 28.2, 26.16]",294.4
mixed_chain,34,"[5.33, null, 4.88, 4.64, 4.6, 4.44, 4.68, 5.23, 4.46, null, 5.1, 4.56, 27.13, 19.46, 18.95, 18.89, 18.77, 17.63, 19.76, 19.49, 20.91, 25.25, 27.51, 29.41, null, 30.58, 29.77, 30.31, 29.79, 31.7, 29.13, 32.45, 28.99, 30.59]",310.32
market_display,78,"[26.22, 28.19, null, 25.38, 25.72, 27.53, 24.04, 28.7, 27.23, 26.21, 25.7, 26.03, 28.04, 24.76, 26.59, 28.01, 24.22, 25.9, 24.84, 25.11, 26.92, 27.43, 26.16, 24.86, 25.62, 27.13, 26.61, 25.24, 26.07, 27.59, null, 25.4, 26.96, 25.98, 25.88, 26.81, 25.34, 26.13, 27.91, 29.62, 24.6, 25.6, 28.01, 25.15, 26.5, 28.81, 25.78, 26.35, 25.11, 27.48, 24.51, 25.83, 25.1, null, 28.88, 27.12, 26.94, 27.01, 26.63, 28.2, 27.58, 25.09, 27.82, 26.94, 27.2, 24.24, 26.66, 26.49, 25.82, 27.94, 24.69, 30.29, 25.31, 27.22, 26.91, 28.06, 28.66, 26.13]",297.66
hot_truck_transit,11,"[32.01, 25.7, 25.26, 26.38, 25.57, 25.17, 27.47, 25.15, 29.66, 29.29, 36.15]",283.4
hot_truck_transit,96,"[27.74, 19.41, 19.69, 17.86, 19.69, 19.88, 20.05, 20.39, 22.03, 23.39, 22.95, 25.52, 27.25, 26.45, 27.94, 27.41, 27.11, 25.94, 25.59, 24.25, null, 22.44, 23.41, 21.38, 20.52, 18.51, 19.7, 18.86, 18.72, 19.05, 19.21, null, 21.87, null, 24.48, 26.74, 24.72, 26.41, 28.22, 26.41, 27.25, 26.81, 26.39, 26.5, 22.64, 23.19, 21.6, 21.0, 20.24, 19.33, 18.3, 18.22, 20.87, 18.46, 21.19, 20.21, 22.08, 24.61, 24.71, 23.88, 25.59, 26.48, 27.72, 27.07, 26.77, 27.87, 27.13, 25.59, 23.57, 20.91, 20.98, 19.8, 20.16, 20.32, 20.75, 20.05, 18.6, 19.77, 20.53, 19.79, 21.3, 22.69, 25.77, 25.34, 24.81, 26.16, 27.26, 26.83, 26.61, 27.08, 26.98, 26.01, 23.83, 22.9, 21.75, null]",300.87
market_display,24,"[29.91, 32.95, 31.87, 33.36, 33.09, 31.7, null, 33.0, 31.94, null, 33.54, 32.38, 31.05, 30.44, 31.53, 31.03, 32.09, 31.23, 31.39, 33.3, 33.83, 30.91, 31.42, 31.57]",303.22
power_outage,30,"[3.95, 3.85, 17.12, 30.57, 3.94, 3.65, 3.96, 4.41, 4.02, 4.11, 8.58, 14.42, 19.46, null, 30.01, null, 3.64, 3.88, 3.77, 4.03, 3.89, 3.94, 4.12, 3.99, 3.82, 3.2, 3.98, 3.55, 3.8, 3.93]",668.99
market_display,27,"[29.65, 27.88, 28.01, 30.81, 29.19, 30.11, 30.35, 29.97, 28.26, 27.41, 29.37, 29.92, 31.55, 32.23, 30.29, null, 29.77, 29.8, 29.04, 31.49, 29.37, 30.27, 30.26, 27.06, null, 30.28, 31.36]",303.4
market_display,56,"[28.85, 31.17, 30.0, 28.47, 31.16, 31.53, null, 29.16, 29.05, 30.42, 31.2, 30.3, 28.49, 31.38, 30.04, 29.86, null, null, null, 28.49, 30.04, 30.06, 31.18, 31.62, 29.5, 30.5, 30.65, 30.77, 28.16, 30.73, 29.1, 30.79, 28.71, 30.17, 29.73, 32.66, 29.03, 28.93, 31.86, 31.12, 30.39, 29.48, 28.67, 29.53, 29.41, null, 29.43, 29.38, 31.21, 28.38, 30.52, 30.37, 29.97, 30.85, null, 30.17]",283.47
power_outage,68,"[5.24, null, 5.33, 5.41, 5.24, 5.44, 6.41, 5.27, null, null, 5.72, 4.79, 5.95, null, 5.29, 5.64, 5.41, null, 4.64, 5.92, 5.3, 5.19, 5.21, 5.81, 5.22, 5.56, 5.27, 4.99, 5.64, 5.7, 5.17, 5.36, 5.4, 5.5, 5.96, 5.27, 5.27, 5.32, null, 4.85, 5.41, 5.53, 5.37, 5.35, 5.1, 5.45, 11.52, 17.7, 23.75, null, 5.77, 5.54, null, 4.85, 5.69, null, 11.49, 17.18, null, 29.01, 5.82, 5.5, 4.8, 5.98, 5.52, 4.66, 5.24, 5.53]",598.04
mixed_chain,39,"[6.14, 5.57, 6.09, 5.86, 6.15, 5.31, 4.73, 5.32, 5.86, 6.64, 5.98, 6.43, 6.15, 5.02, 5.88, 5.58, 29.15, 24.32, 24.12, 24.35, 25.19, 24.42, 26.01, 28.09, 27.45, 28.74, 31.74, 28.53, 30.08, 27.84, 28.36, 28.43, 29.72, 28.78, 28.73, 28.77, 29.41, 30.72, 30.84]",304.16
mixed_chain,84,"[5.12, 4.43, 5.65, 5.51, 5.52, 4.88, 4.81, 5.45, 5.33, 6.02, 5.5, null, 4.87, 5.36, 5.52, 5.7, 5.4, 5.0, 5.08, 4.76, 5.74, 5.27, 4.01, 5.48, 5.23, 5.04, 26.73, 21.01, 20.04, 20.98, 18.74, 20.98, 20.48, 22.03, 23.64, 23.94, 25.08, 26.88, 26.03, 28.29, 27.92, 29.31, null, 28.12, 27.41, 24.76, 25.5, 24.73, 22.77, 23.29, 20.38, 19.81, 19.87, 19.55, 20.61, 21.35, 20.42, 25.4, 32.1, 30.13, 30.01, 31.57, 31.89, 32.6, 34.54, 30.83, 30.66, 32.14, 31.79, 32.83, 31.12, 30.6, 32.53, 31.68, 32.87, 31.65, 31.77, 29.63, 30.68, 32.6, 34.13, 33.36, 33.68, 31.39]",263.83
hot_truck_transit,51,"[30.88, 23.35, 24.8, 23.07, null, 23.12, 25.13, 25.22, 27.71, 26.96, 29.31, 28.72, 31.34, 31.25, 31.79, 31.4, 31.22, 31.55, 31.97, 28.85, 28.45, 27.2, 25.45, 24.47, 24.28, 23.91, 24.96, 24.48, 23.17, 24.84, 24.22, 25.62, 26.91, 29.38, 28.94, 28.51, 31.11, 32.06, 32.26, 30.89, 31.65, 31.14, 31.93, 30.18, 30.1, 27.12, 26.48, 25.26, 25.64, null, 28.87]",301.1
hot_truck_transit,24,"[29.31, 25.3, 25.09, 24.4, 25.17, 24.54, 26.48, 26.24, 26.64, 29.44, 29.99, 29.94, 30.78, 32.24, 31.36, 32.55, 32.03, 31.93, 29.51, 29.57, 29.53, 29.14, 27.16, 31.36]",306.81
stable_cold,25,"[5.05, 5.07, 5.31, 5.48, 5.5, 5.55, 5.16, 5.71, 6.16, 5.29, 5.17, 5.16, 5.47, 5.23, 4.74, 4.85, 5.84, 5.95, 6.08, 5.53, 5.04, 5.26, 4.84, 4.82, 5.54]",645.27
market_display,10,"[32.08, 27.79, 30.38, 27.55, 31.2, 29.59, 27.98, 29.88, 28.61, 31.25]",320.61
power_outage,79,"[4.06, 3.72, 3.71, 4.44, null, 4.07, 4.39, 4.15, 3.76, 3.68, 10.77, 16.12, 22.49, 28.99, null, 4.16, 3.55, null, 4.19, 4.19, 3.81, 3.68, 4.05, null, 4.37, 4.03, 3.78, 3.67, 3.8, 9.74, 16.58, 22.42, 29.0, 4.15, 4.28, null, 4.32, 4.4, null, 4.08, 3.82, 3.69, 4.37, 4.17, 4.19, 3.81, 4.47, 3.92, 3.75, 3.81, null, 3.65, 3.76, 4.86, 4.27, 3.77, 3.66, 3.48, 4.02, 4.2, 4.44, null, 3.59, 3.95, 4.82, 4.25, 4.1, 3.62, 3.35, 4.0, 3.96, 3.91, null, 3.76, 3.69, 4.4, 3.72, 3.9, 3.97]",618.87
stable_cold,88,"[4.9, 5.42, 4.86, null, 4.76, 4.83, 5.52, 5.06, null, 5.2, 4.87, null, 5.22, 5.33, 5.4, null, 5.07, 5.23, null, 4.54, 4.68, 4.9, 5.26, 5.5, 4.46, null, 4.85, 5.32, 4.79, 4.83, 4.43, null, 4.93, 4.74, 4.89, 5.45, 4.6, 4.66, 5.5, 5.03, null, null, 4.98, 4.86, 5.33, 5.46, 5.43, null, 5.52, 4.85, 4.7, 4.93, 5.33, 5.21, 4.9, 5.33, 5.05, 4.77, null, 5.16, 4.96, 4.45, 5.34, 4.81, 5.63, 4.44, 4.93, 4.72, 4.61, 4.8, 5.71, 5.06, 4.68, 4.27, 4.31, 4.78, 4.74, 4.91, 4.09, 4.96, 5.41, 5.65, 4.24, 4.68, 4.66, 5.06, 4.51, 5.67]",581.3
market_display,32,"[31.07, 31.9, 31.75, 30.26, 30.78, 29.8, 33.77, 31.83, 31.29, 30.86, 30.99, 29.9, null, 32.59, 33.54, 32.61, 32.56, 33.06, 31.47, 30.05, 32.59, 30.8, 31.55, 30.45, 33.04, null, 29.98, null, null, 31.51, 31.64, 32.82]",286.33
power_outage,46,"[4.52, 3.82, 4.51, 4.54, 4.5, 4.36, 4.18, 5.22, 4.67, null, 5.21, 4.31, 4.75, 4.2, 4.8, 4.23, 4.71, 5.16, 4.6, 3.92, null, 23.41, 32.88, 5.02, 5.03, 4.53, 4.38, 4.24, 4.41, 4.72, 4.17, 4.3, 4.74, 4.38, 4.68, 4.33, 4.66, 4.34, 4.0, 4.86, 4.36, 4.5, 4.37, 4.74, 4.67, 4.74]",638.63
market_display,82,"[28.38, 31.09, 32.23, 29.54, 31.24, 30.4, 30.41, 30.65, 31.07, 29.91, 30.69, 29.95, 30.83, 29.57, 31.77, 30.26, 29.18, 30.42, 30.59, 30.09, 28.74, null, 30.87, 31.18, 31.89, 31.28, 31.07, 31.36, 30.0, 31.8, 30.58, 30.45, 29.18, 31.21, 31.08, 31.57, 29.01, 31.54, 30.46, 29.6, 30.12, 29.7, 31.07, 30.15, 30.58, null, 30.52, 29.31, 28.27, 33.87, 30.72, 34.22, 30.59, 30.64, 30.32, 31.35, 30.79, 29.06, 29.4, 29.21, 30.8, 30.85, 30.8, 29.8, 29.21, 32.03, 30.9, 31.35, 31.81, 28.2, 30.73, 32.0, 29.17, 29.3, 29.27, 28.82, 31.34, 30.88, 29.15, 28.44, 29.61, 31.93]",245.55
power_outage,80,"[5.04, 4.26, 4.51, 4.73, 4.74, 5.1, 4.37, 4.51, 4.65, 4.52, 4.36, 4.53, 4.6, 5.11, 4.37, 4.92, null, null, 4.75, 4.85, 4.8, 4.7, 4.47, 4.87, 4.56, 4.68, 4.73, 4.93, 5.25, 4.45, 4.69, null, 5.12, 4.69, 4.58, 4.69, 4.7, 4.45, 5.03, 4.87, null, 4.47, 4.45, 4.64, 4.91, 4.82, 4.44, 4.87, 4.38, 4.47, 4.72, 4.32, 4.38, 5.14, 5.08, 5.36, 4.81, null, 4.63, 4.57, 4.93, 11.21, 17.17, 22.82, 29.32, 4.44, null, 5.16, 4.31, null, 4.84, 4.53, 4.69, 4.47, 4.51, 4.7, 4.57, 4.39, 4.61, 4.28]",612.77
hot_truck_transit,28,"[25.57, 20.74, 20.35, 20.93, 20.12, 20.22, 21.96, 21.64, 24.51, 22.94, 25.21, 27.71, 28.82, 27.8, 29.16, 29.03, null, 28.25, 26.55, null, 25.85, 24.86, 22.43, 22.3, 20.63, 20.58, 20.2, 25.52]",355.43
market_display,35,"[25.77, 28.89, 27.49, 28.6, 27.61, 27.74, 28.88, 28.32, 27.67, 26.94, 29.46, 28.26, 27.07, null, 28.88, 28.17, 28.75, 31.59, 29.51, 28.5, 26.53, 30.5, 28.64, 31.48, 27.57, 27.0, 30.27, 28.85, 30.05, 27.08, 27.07, 27.32, 25.22, 27.93, 26.31]",337.97
power_outage,50,"[5.7, 6.36, 5.44, 6.14, 5.9, 5.83, 6.18, 5.58, 6.15, 5.7, 5.57, 5.37, 6.24, 10.6, 14.6, 19.4, 23.76, 28.11, 6.06, 5.58, 5.11, 5.84, 5.79, 5.59, null, 5.3, 5.66, 5.5, 6.06, 5.92, 5.62, 5.92, 5.73, 5.69, 5.75, 6.3, 5.96, 5.68, 6.03, 6.02, 5.84, 5.67, 5.65, 5.44, 5.82, 5.58, 5.64, 5.95, 6.27, 5.88]",611.01
market_display,25,"[30.33, 31.0, 30.28, 32.06, 28.68, 28.68, 30.02, 31.09, 31.28, 27.11, 29.69, 30.7, 30.67, 30.23, 29.45, 25.91, 32.02, 30.29, 28.5, 29.17, 29.87, 30.13, 27.89, 28.37, 30.16]",314.69
stable_cold,11,"[3.75, 3.93, 3.54, 4.14, 3.99, 4.27, 4.13, 4.13, 3.47, 4.25, 3.92]",692.76
market_display,36,"[32.85, 32.46, 34.33, 31.47, 32.23, 30.72, 29.93, 32.22, 31.31, 34.98, 31.08, 31.28, 31.88, 32.91, 32.81, 29.79, 33.35, 31.59, 28.57, 31.79, 30.56, 33.2, 32.2, 33.07, 33.22, 31.23, 32.08, 33.15, 32.05, null, 33.52, 31.81, 30.84, 34.08, 29.5, 30.98]",295.53
stable_cold,13,"[6.01, 5.49, 5.7, 6.37, 5.71, 6.14, 5.47, null, 5.47, 5.71, 6.18, 5.16, 6.02]",647.57
market_display,38,"[29.27, 28.7, 28.62, 29.43, 29.72, 30.07, 28.4, 29.57, 28.19, 29.26, 31.09, 29.14, 28.35, 29.83, 30.49, 28.49, 27.79, 28.44, 28.88, 31.23, 27.73, 27.38, 29.74, 28.56, 28.22, null, 29.52, 30.62, 30.29, 27.96, 27.4, 30.76, 29.26, 33.03, 30.57, 31.06, 28.28, 29.31]",308.79
mixed_chain,22,"[5.44, 5.7, 4.8, 4.7, 4.64, 4.53, 5.06, 4.79, null, 4.81, 29.98, 21.61, 23.0, 21.77, 20.73, null, 30.19, 30.52, 27.52, 27.56, 27.5, 28.55]",337.18
mixed_chain,11,"[3.53, 3.92, 4.7, 23.74, 23.92, 29.24, 28.45, 27.11, 28.58, 28.07, 27.55]",353.39
stable_cold,37,"[4.4, 4.68, 4.75, 4.54, null, 3.76, 4.39, 3.86, 4.77, 3.49, 4.4, 4.3, null, 3.81, 3.35, 3.96, 3.97, 4.62, 3.86, 4.36, null, 4.37, 3.28, 5.01, 4.12, 3.06, 3.89, 3.83, 3.91, 4.03, 3.91, 3.85, 3.71, 4.51, 4.66, 4.07, null]",661.51
mixed_chain,33,"[6.01, 6.81, 5.84, 5.62, 4.77, 6.55, 6.19, 5.58, 5.89, 5.57, 5.29, 5.6, 6.1, 5.91, 30.41, 22.76, 22.91, 23.69, 23.77, 23.06, 23.53, 25.47, 27.17, 31.86, 28.51, 28.02, 31.02, 29.25, 28.95, 29.65, 29.89, 28.85, 29.66]",318.61
market_display,44,"[29.67, 30.46, 30.49, 28.29, 28.02, 28.31, 28.59, 30.39, 30.78, 29.11, 29.86, 29.41, 28.52, 28.46, 29.6, 30.43, 30.01, 29.28, 31.19, null, 27.71, 28.09, 27.78, 30.6, null, 29.59, 30.24, 29.5, 28.75, 28.2, 29.23, 30.48, 27.49, 28.93, null, 30.62, 27.52, 27.59, 30.52, 28.74, 27.34, null, 29.65, 31.84]",284.02
power_outage,22,"[2.36, 2.02, 1.57, 2.22, 1.59, 2.45, 1.86, 2.27, 1.89, 1.94, 1.84, 2.3, 1.9, 2.31, 1.91, 17.75, 33.56, 2.13, 1.81, 2.3, 2.0, 2.25]",716.87
stable_cold,60,"[3.89, 3.79, 3.55, 4.24, 4.27, 3.6, 3.66, 4.08, 3.64, 4.1, 4.62, 4.01, 3.54, 4.19, 3.96, 3.97, 4.22, 4.31, 4.04, 4.0, 4.85, 4.51, 4.36, 4.08, 3.63, 4.48, 4.09, 3.8, 3.93, 3.64, 4.45, 4.3, 4.1, 4.01, 3.76, 3.18, 3.46, 3.73, 3.67, 4.14, 4.35, 3.98, 4.59, 3.72, 3.97, 4.01, 4.47, 4.07, 4.08, 3.37, 3.67, 4.47, 3.2, 4.57, 4.23, 3.73, 3.7, 4.79, 4.59, 3.98]",642.35
stable_cold,75,"[1.96, 1.93, 1.87, 1.82, 2.58, 2.06, 2.0, 1.79, 1.88, 1.79, 2.35, 1.75, 1.15, 2.07, 1.94, 1.81, 2.41, 0.95, 2.68, 2.47, 1.8, 1.87, 2.25, 2.26, 1.79, 1.4, 2.89, 2.43, 2.11, 2.12, 2.3, 2.34, 1.21, 1.91, 1.87, 1.98, 2.36, 1.33, 1.51, 1.77, 2.11, 2.38, 2.7, 1.93, 2.38, 2.33, 2.26, 2.04, 1.89, 1.62, 1.59, 2.19, 2.03, 1.88, 2.31, 1.97, 1.68, 1.94, 2.38, 1.64, null, 2.03, 1.74, 1.93, 1.42, 2.09, 1.5, 2.48, 2.01, 1.82, 2.51, null, 1.75, 1.32, 2.57]",659.69
power_outage,59,"[6.14, 5.66, 5.52, 5.32, 5.84, null, 5.74, 5.77, 5.76, 5.84, 6.06, 6.34, null, null, 5.69, 5.73, null, 5.65, 5.8, 5.95, 5.78, 5.68, 5.8, 5.47, 6.0, 5.64, 5.41, 5.9, 5.91, 5.5, 5.95, 5.95, 6.35, 5.69, null, 28.97, 5.91, 5.76, 6.06, 5.63, 5.9, 5.69, 5.21, 5.95, 5.23, 5.71, 5.72, 5.76, 5.77, 5.77, 5.87, 5.73, 6.54, null, 5.39, 5.34, null, 5.28, 5.4]",612.01
hot_truck_transit,23,"[25.42, null, 20.6, 22.29, 21.71, null, 23.47, 24.79, 24.03, 24.57, 26.68, 28.42, 28.82, 30.31, 30.23, 29.09, 30.17, 29.53, 29.78, 27.19, 26.43, 26.25, 30.73]",313.91
power_outage,31,"[2.43, 2.08, 2.28, 2.39, 2.85, 2.66, 2.71, 2.51, 2.76, 2.25, 2.3, 17.1, 31.36, 2.51, 2.47, 2.89, 2.91, 2.33, null, 2.3, 2.25, 2.77, 2.79, 2.21, 2.29, 2.07, 2.56, 2.5, 2.75, 2.67, 2.7]",697.92
stable_cold,39,"[4.34, 4.63, 4.45, 4.0, 3.58, 3.87, 3.97, 3.94, 4.63, 4.63, 5.13, 3.94, 4.88, 4.88, null, 4.43, 4.74, 4.22, 4.19, 3.99, 3.3, 4.27, null, 3.81, 4.41, 3.66, 4.56, 4.44, 4.08, 4.22, 3.77, 4.54, 4.32, 4.35, null, 3.99, 3.63, 4.62, null]",652.41
stable_cold,41,"[4.05, 4.81, 4.5, 5.44, 5.46, 5.5, 4.33, 4.93, 5.05, 5.01, 4.56, 5.22, 4.7, 4.76, 4.09, 4.96, 4.6, 4.89, 4.8, 4.78, 4.69, 5.02, 4.62, 4.12, 4.93, 4.38, 4.17, 4.29, 4.82, 4.67, 3.85, 4.55, 5.17, 4.52, 4.64, 5.12, 5.02, 5.11, 3.59, 5.4, 4.96]",641.21
hot_truck_transit,57,"[26.09, 18.04, 19.46, 19.8, null, 19.86, null, 20.98, 23.17, 22.59, 22.85, 26.54, 24.79, 24.98, 26.89, 27.1, 27.0, 26.94, 25.47, 24.65, 23.35, 22.88, 22.17, 21.5, 19.23, 18.31, null, 18.35, 18.12, 17.83, null, 20.99, 22.17, 23.12, null, 24.75, 25.54, 25.45, 25.22, 28.57, 26.67, 25.89, 24.96, null, 23.92, 22.08, 21.49, 21.02, 19.63, 19.96, 20.61, 18.43, 18.68, 18.64, null, null, 27.29]",314.91
stable_cold,12,"[2.73, 3.05, 3.05, 2.69, 3.25, 2.71, 3.94, 2.98, 2.55, 2.63, 3.48, 2.86]",714.92
hot_truck_transit,92,"[28.91, null, 19.54, 20.51, 19.35, 20.99, 21.33, 21.63, 22.51, 23.26, 25.82, 25.78, 27.04, 27.41, 27.65, 28.22, 28.23, 27.53, 26.64, 25.09, 24.51, 23.71, 22.94, 20.57, 21.62, 20.75, 19.63, 19.22, 19.54, 19.43, 20.86, 21.81, 23.66, 24.34, 25.99, 26.05, 26.06, 28.81, 27.57, 26.72, 28.0, 26.15, 26.72, 25.58, 25.41, 24.72, 22.66, 21.64, 21.74, 19.88, null, 20.39, 19.46, 20.25, 21.21, 23.02, 21.95, 23.84, 26.08, 26.73, 26.57, 27.36, 28.19, 28.34, 28.92, 28.33, 25.68, 24.68, null, 22.48, 23.97, 20.76, 20.89, 19.8, 18.82, 20.9, 19.63, 22.02, 22.25, 21.96, 21.25, 23.69, 26.82, 26.3, 26.65, 26.93, 28.53, 28.25, 28.05, 28.33, 27.65, 28.95]",268.77
power_outage,65,"[5.03, 6.1, 5.42, 5.76, 5.72, 5.68, 5.34, 5.09, 5.37, null, 5.24, 5.41, 5.79, 5.36, 5.51, 5.69, 5.75, 5.36, 5.71, 5.79, 5.29, 5.73, 5.45, 5.71, 5.89, 5.62, 5.94, 5.91, 5.94, 5.79, 6.0, 5.78, 5.17, 5.43, 5.61, 5.64, 5.78, 5.43, 6.27, 5.64, 5.67, 5.47, 5.37, 5.63, 5.68, 10.77, 16.41, 21.0, 26.14, 31.53, null, 5.83, null, 5.29, 5.71, null, 18.24, 24.92, 31.35, 5.46, 5.51, 5.73, 5.36, 5.49, 5.83]",594.46
power_outage,9,"[13.92, 23.84, 14.61, 23.93, 33.98, 4.62, 3.36, 4.76, 4.13]",686.88
hot_truck_transit,64,"[26.99, 23.28, null, 22.81, 21.2, 22.61, 22.3, 23.3, 24.08, 25.68, 27.74, null, 28.57, null, 28.43, 30.67, 28.27, null, 28.97, 28.56, 27.43, 26.17, 26.34, 25.82, 23.39, 22.66, 22.22, 21.72, 22.64, 23.76, null, 24.07, 26.36, 26.52, 27.57, 26.93, 29.6, 30.48, 30.23, 29.68, null, 28.84, 28.1, 28.85, 28.12, 25.61, 24.24, 23.51, 23.54, null, 23.37, 21.84, 22.64, 22.15, null, 24.74, 23.83, 25.66, 27.12, 27.79, 29.73, 29.19, 30.64, 35.27]",247.93
market_display,31,"[29.65, 29.13, 29.07, 29.1, 29.34, 29.13, 27.86, 26.26, 31.48, 28.2, 28.76, 30.31, 29.38, 27.26, 27.58, 30.03, 29.69, 28.35, 28.92, 29.02, 29.27, 29.48, 28.51, 29.81, 29.69, 30.02, 29.9, 29.87, 28.43, 28.82, 27.95]",327.25
mixed_chain,17,"[3.53, 3.78, 4.53, 3.46, 3.82, 27.64, 19.06, 18.51, 19.57, 21.8, 32.61, 33.32, 32.64, 31.9, 34.2, 33.66, 31.97]",311.03
power_outage,89,"[3.08, null, 2.57, 2.24, 3.19, 3.08, 2.5, 2.9, 3.17, 3.22, 2.69, 2.15, 2.54, 3.04, 3.44, 2.8, 2.63, 3.53, 2.94, 2.45, 2.78, 3.11, 2.79, 3.05, 2.33, 2.38, 2.59, 2.73, 2.91, 3.01, 3.55, 2.59, 2.72, 2.6, 3.14, 3.15, 2.68, 3.43, 2.6, 3.12, 3.25, 2.41, 2.99, 2.0, 3.06, 2.48, 2.98, 3.04, 3.15, 3.08, 2.83, 2.7, 2.79, 2.48, 2.75, 2.73, 2.58, 2.29, 2.43, 1.87, 2.72, 2.92, 2.01, 2.89, 2.78, 2.46, 2.69, 3.13, 2.52, 2.84, null, 9.06, 16.11, 22.42, 28.72, 12.18, 20.44, 28.29, 2.7, 3.55, 2.52, 2.83, 3.18, 3.01, 3.05, 3.04, 2.82, 2.58, 2.94]",631.89
power_outage,80,"[4.8, 4.39, 4.28, 4.3, 4.17, 4.39, 4.56, 3.95, 4.54, 4.63, 4.52, 4.31, 4.51, 4.74, 4.33, 4.36, 4.99, 4.44, 4.05, 4.61, 4.47, 4.15, 4.02, 4.42, 4.33, 3.98, 4.32, 4.31, 4.33, 4.5, 3.82, 4.02, 4.21, 4.75, 5.06, 4.35, 4.37, 3.62, 4.62, 4.49, 4.44, 3.98, 4.95, 4.81, 4.44, 4.65, 4.37, 4.6, 3.96, 3.67, 16.59, 29.35, 4.16, 4.49, 4.27, 4.34, 4.0, 12.38, 21.19, 29.42, 4.35, 4.51, 4.84, 4.35, 4.9, 4.47, 4.56, 4.67, 4.57, 4.11, 4.68, 4.24, 4.44, 4.39, 4.69, 4.47, 3.94, 4.98, 4.6, 4.19]",614.2
power_outage,16,"[3.93, 4.28, 3.61, 3.98, 3.61, 13.68, 23.65, null, 3.91, 4.29, 4.07, 4.53, 4.09, 3.23, 4.39, 3.99]",683.98
stable_cold,46,"[2.46, 2.49, 2.87, 1.91, 2.42, 1.39, 2.49, null, 1.76, null, 1.91, 1.85, 1.96, 2.45, 1.78, null, 2.0, 2.48, 2.5, 1.42, 2.57, null, 2.25, 1.78, 2.3, 3.18, 2.21, 1.97, 2.06, 1.57, 2.74, 2.28, null, 1.75, 2.16, 2.53, 1.7, 2.6, 2.12, 1.78, 1.97, 2.86, 1.6, 1.86, 2.54, 2.24]",694.95
market_display,85,"[null, 27.71, 28.8, 27.27, 29.64, 30.66, 27.33, 30.79, 29.44, 27.75, 28.99, 30.53, 30.17, 30.13, 28.24, 27.56, 28.68, 28.83, 28.43, 27.95, 27.47, 29.54, 27.84, 29.65, 28.33, 28.57, 27.27, 29.17, 28.35, 27.39, 28.41, 27.65, 26.79, 29.59, 27.31, 29.23, 31.43, 27.56, 29.24, 28.2, 28.98, 26.56, 29.18, 28.81, 31.58, 26.23, 28.1, 29.23, 29.74, null, 30.2, 28.76, 28.85, 26.61, 29.39, 30.5, 27.5, 28.15, 26.98, 29.24, 28.49, 29.66, 28.59, 28.57, 28.61, 28.89, null, 29.19, 30.4, 29.85, 30.79, 27.28, 27.78, null, 27.47, 30.63, 28.07, 28.51, 28.24, 28.7, 30.67, 30.27, 31.03, 31.42, 28.13]",270.9
mixed_chain,46,"[5.65, 5.3, 5.46, 5.32, 5.28, 6.11, 5.89, 4.93, 5.38, 5.43, 6.03, 5.02, 5.21, 5.18, 4.69, 4.7, 5.58, 5.17, 5.56, 4.83, 5.01, 24.73, 18.64, 17.46, 19.36, 17.59, 18.81, 19.45, 20.44, 20.28, 22.64, 22.89, 24.84, 25.97, 25.92, 30.45, 32.38, 30.95, 30.52, 32.34, 31.49, 30.56, 31.98, 30.38, 31.98, 32.21]",290.94
market_display,38,"[30.09, 30.89, 28.21, 28.35, 28.24, 27.43, 29.0, 27.4, 28.9, 29.4, 29.36, null, 27.16, 30.48, 26.9, 29.16, 30.8, 29.13, 30.55, 29.63, 27.35, 30.59, 28.31, 28.5, 29.84, 27.88, 30.15, 29.52, 31.0, 30.39, 28.77, 28.52, 28.14, 28.72, 27.94, 28.65, 27.5, null]",321.02
stable_cold,61,"[5.72, 5.23, 4.59, 5.03, 5.29, 5.02, 4.91, 5.36, 6.31, 5.14, 5.33, 4.81, 5.83, 5.68, 5.66, 5.88, 5.16, 5.21, 6.02, 5.59, 4.45, 5.52, 5.1, 5.69, 5.5, 4.64, 5.44, 5.42, 5.48, 5.56, 5.93, 5.5, 5.34, 5.79, 6.23, 5.7, 5.42, 5.51, 5.44, 5.34, 6.2, 5.03, 5.8, 5.28, 4.74, 5.26, 5.12, 5.56, 5.37, 4.93, 5.92, 5.77, 5.97, 5.43, 5.32, 5.62, 5.1, 5.39, 5.26, 4.75, 5.38]",612.17
power_outage,95,"[5.59, 6.24, 6.28, 5.5, 6.15, 5.86, 5.92, 5.84, 6.33, 5.9, 5.8, 5.8, 5.84, 5.61, 5.8, 5.97, 6.06, 6.3, 6.01, 5.8, 5.64, 6.03, 5.9, 5.91, 6.02, 6.09, null, 5.89, 5.7, 5.75, 6.19, 5.81, null, 6.29, 5.66, 5.95, 6.09, 5.94, 5.2, 6.06, 6.34, 6.17, 5.3, 6.58, 5.54, null, 6.17, 6.07, 5.96, 5.77, 6.34, 5.93, 5.47, 6.31, 6.0, 6.27, 6.11, 6.66, 5.85, 5.94, 6.15, 5.85, 6.18, 5.05, 5.92, 5.91, 5.9, 5.68, 6.21, 5.79, 6.0, 5.93, 6.09, 6.37, 6.0, 6.19, 5.98, 5.79, 5.9, 5.85, 6.11, 5.97, 5.7, 5.87, 5.48, 14.94, 24.04, null, 6.34, 5.63, 6.0, 6.0, 5.87, 5.89, 5.83]",566.84
market_display,10,"[30.56, 30.55, 30.35, 31.19, 30.06, 29.0, 31.48, 29.8, 30.66, 31.24]",320.44
market_display,28,"[26.86, 25.57, 27.46, 27.69, 23.9, 26.71, 27.82, 26.58, 25.95, 24.41, null, 25.39, 27.06, 27.2, 25.8, 24.86, 23.45, 26.71, 26.61, 23.5, 26.63, 27.05, 22.7, 24.79, 28.99, 26.09, 28.76, 26.3]",346.98
power_outage,64,"[null, 4.59, 4.44, 3.92, 3.98, 4.33, null, 4.04, 3.95, 11.44, 18.27, 24.78, 32.26, 3.88, 3.72, 3.8, 3.93, 3.65, null, 3.45, 3.63, 3.95, 4.19, 4.16, 4.01, 3.42, 3.62, 3.82, 4.17, 3.71, 3.52, 4.32, null, 3.54, 3.95, 3.87, 3.73, 3.88, 3.6, 3.73, 3.87, null, 4.17, 3.47, 3.6, 4.18, 4.05, 3.91, 3.37, 3.7, 3.82, null, null, 4.48, 4.07, 3.72, 4.25, 3.7, 3.09, 3.51, 3.17, 3.77, 3.83, 3.4]",647.23
stable_cold,25,"[2.94, 3.13, 3.04, 3.02, 2.13, 1.73, 3.24, 2.91, 2.72, 3.01, 3.5, 3.3, null, 2.38, null, 1.78, 2.98, 3.17, 3.21, 3.0, 2.67, 2.5, 2.4, 2.66, 2.34]",713.28
hot_truck_transit,95,"[30.3, 22.71, 23.1, 23.6, 23.63, 22.92, 23.75, 24.72, 26.2, 27.02, 27.29, 28.58, 29.6, 31.63, 30.71, 33.63, 30.63, 29.1, 30.09, 29.82, 28.4, 27.14, 25.64, 24.76, 22.29, 24.21, 22.82, 23.9, 22.69, 23.48, 25.15, 26.05, 26.62, null, 27.0, 29.54, 29.25, 30.51, 31.01, 31.19, 30.0, 31.27, 29.39, 29.46, 27.85, 28.52, 27.11, 26.69, 25.48, 23.41, 22.69, 22.08, 23.33, 23.54, 24.12, 24.32, 26.24, 26.68, 27.63, 29.11, 29.75, 29.31, 30.22, 31.41, 30.81, 28.89, 30.37, 28.94, null, 26.45, 26.08, 23.22, 24.49, 24.31, 23.83, 23.91, 22.5, 24.35, 24.37, 24.32, 26.32, 27.33, 29.25, 29.94, 29.26, 30.72, 31.11, 31.18, 30.6, 31.85, 29.31, 30.32, 26.88, 26.68, null]",255.96
stable_cold,43,"[3.95, 4.04, 4.06, 4.21, 3.74, 4.12, 4.28, 3.18, 3.39, 3.03, 4.05, 3.02, 2.91, 3.19, 2.93, 3.74, 3.19, 2.95, 3.61, 3.63, 2.88, null, 3.6, 3.48, 3.49, 4.1, 4.48, 3.5, 3.1, 3.53, 3.7, 3.61, 3.87, null, 2.94, 3.42, 4.24, 3.42, 3.94, 3.88, 4.12, 4.39, 3.76]",664.33
market_display,91,"[25.98, 29.81, 30.68, 30.54, 30.18, 30.25, 28.89, 27.36, 27.97, 28.89, null, 29.94, 29.76, 29.9, 30.35, 27.09, 28.31, null, 28.57, 28.41, 26.66, 30.09, 30.87, 28.38, 28.5, 30.27, null, null, 28.04, 29.99, 29.73, 28.72, null, 26.71, 28.93, 29.29, 28.76, 28.23, 30.92, 30.75, 29.31, 29.69, 27.08, 27.91, 28.7, 27.99, 30.47, 28.51, 27.81, null, 31.47, 30.14, 26.93, 31.03, null, 27.18, 26.54, 28.6, 29.69, 30.97, 27.0, 31.43, null, 30.3, 29.22, null, 29.71, 29.18, 30.08, null, 29.11, 27.64, 30.14, 30.67, 29.8, 29.52, 28.9, 32.14, 29.22, 27.38, 29.94, 29.33, 31.75, 29.24, 27.63, 31.3, 29.62, null, 31.97, 29.22, 28.59]",260.78
power_outage,16,"[12.79, 22.86, 32.42, 3.43, 3.19, 3.44, 2.74, 3.19, 3.39, null, 3.51, 3.13, 3.01, 2.69, 3.1, 3.33]",698.18
mixed_chain,41,"[6.16, 5.29, 4.83, null, 5.88, 6.74, 5.68, 5.53, 5.81, 5.98, 5.88, 5.54, 31.74, 24.59, 23.3, 23.61, 25.29, 23.86, 24.11, 30.38, 32.2, 33.01, 30.74, 30.33, 33.07, 30.38, 30.36, 30.87, 30.64, 30.98, 29.68, 33.42, 29.9, null, 32.74, 35.04, 30.89, 31.26, 33.41, 30.57, 32.76]",284.97
power_outage,3,"[17.39, 29.64, 5.37]",669.23
power_outage,36,"[3.72, 4.19, 4.01, 4.48, 4.39, 4.82, 4.27, 4.42, 4.13, 4.75, null, 4.21, 10.68, 16.6, null, 29.51, 4.46, null, null, 16.87, 23.36, 29.02, 4.24, 3.37, 4.46, null, 4.01, 4.2, 4.42, 4.96, 3.77, 3.98, 4.31, 4.02, 4.49, 4.19]",657.23
power_outage,85,"[3.67, 4.15, 4.01, 3.85, 4.05, 4.15, 3.85, 3.96, 4.02, 3.73, 4.22, 3.56, 3.83, 4.1, 3.55, 4.13, 3.92, 4.26, 4.05, 3.82, 3.94, 3.95, 4.47, 3.89, null, 3.81, 9.7, 15.08, 9.53, 15.11, 20.93, 27.21, 32.75, 3.64, 3.82, 3.79, 3.88, 3.41, 3.54, 3.43, 3.6, 3.65, 3.56, 4.1, 4.42, 4.11, 3.7, 3.93, 3.85, 3.68, 4.26, 4.47, 3.43, 4.3, 3.69, 3.79, 3.95, 4.33, 3.95, 3.99, 4.12, 4.17, 4.02, 4.17, 3.69, 3.35, 4.41, 3.55, 3.71, 3.77, 3.71, 3.65, 4.01, 4.01, 4.05, 4.03, 3.74, 3.74, 4.2, 3.71, 3.7, null, 3.86, 3.71, 3.72]",618.69
market_display,62,"[null, 26.57, 26.89, null, 28.79, 27.02, 27.89, 28.59, 27.56, 29.58, 26.85, 28.15, 27.98, 27.65, 24.94, 27.17, 25.41, 26.9, 27.41, 30.26, 28.4, 26.26, 27.74, 28.0, 27.62, 27.52, 26.83, null, 27.81, 28.31, 28.5, null, 27.63, 27.3, 28.39, 26.51, 24.53, 25.41, 25.25, 28.17, 27.66, 28.44, 28.12, 28.74, 28.85, 28.63, 28.66, 29.46, 30.0, 27.59, 29.34, 26.8, 26.86, 29.49, 27.62, null, 26.06, 26.57, 26.09, 28.14, 26.46, 27.16]",303.83
power_outage,44,"[1.93, null, 14.57, 20.61, 26.64, 32.83, 1.76, 2.11, 1.88, 2.43, 2.32, 2.32, 2.63, 2.02, 1.95, 2.01, 1.64, null, 2.3, null, 1.79, 2.09, 1.99, 2.38, 2.13, 1.88, 2.41, 17.65, 32.32, 2.19, 1.9, 1.89, 2.68, 2.15, 2.05, 2.14, 2.38, 1.91, 1.96, 2.31, null, 2.41, null, null]",695.73
mixed_chain,50,"[3.59, null, 3.94, 4.67, 4.73, 3.94, 3.77, 3.38, 3.58, 3.95, null, null, 4.47, 4.33, 3.97, 4.19, 3.91, 4.06, 4.13, null, 4.6, 3.9, 4.24, 4.52, 30.41, 21.68, 20.58, 19.91, 21.47, 22.21, 21.51, 23.97, 23.87, null, 26.61, null, 33.21, 34.01, 32.9, 31.71, 30.12, 32.95, 32.27, 31.26, 31.58, 34.0, 33.34, 33.56, 33.47, 32.52]",285.21
power_outage,54,"[4.52, 4.25, 4.9, 3.93, 4.32, 4.51, 4.46, 4.46, 4.31, 4.63, 4.1, 4.42, 4.59, 4.36, 10.97, 17.54, 23.45, 29.98, 4.5, 4.28, 4.3, null, 4.17, 3.74, 4.96, 4.83, 4.82, 4.13, 4.44, 4.08, 4.45, 4.36, 4.14, 4.61, 4.39, 4.98, 4.49, 3.7, 3.92, 5.09, 4.36, null, null, 4.89, 3.89, 4.86, null, 4.46, 4.59, 4.35, 3.96, 4.64, null, 4.54]",634.31
mixed_chain,41,"[2.33, 1.64, 1.81, 2.47, 2.21, 2.3, 2.34, null, 1.91, null, 1.79, 1.9, 1.16, 2.26, 2.42, 2.11, 29.37, 27.26, 23.87, null, 26.61, 25.88, null, 27.49, 28.94, 28.87, 27.3, 26.97, 27.24, null, 25.68, 28.28, 26.03, 29.83, 26.8, 27.6, 29.17, 27.72, 25.5, 26.45, 25.1]",352.17
power_outage,5,"[9.69, 15.31, 21.23, 27.76, 34.02]",304.45
hot_truck_transit,45,"[30.81, 22.01, 23.92, 22.43, 24.53, 22.77, 25.3, 26.27, 25.45, 26.72, null, 30.09, 29.85, 30.76, 30.62, 31.25, null, 29.86, 31.12, 28.71, 28.73, 25.87, 26.39, 25.73, 24.26, 24.27, 22.45, 23.25, 21.79, 23.53, 23.41, 24.82, null, 28.26, 26.88, 29.87, 30.82, 30.6, 31.82, 30.54, null, 29.93, 30.27, 28.8, 31.94]",284.31
market_display,53,"[29.22, 29.82, 29.77, 31.33, 29.63, 32.07, 32.14, null, 29.03, 32.12, 29.88, null, 31.02, 29.37, 31.9, 31.36, 33.97, 30.76, 30.24, 32.81, 28.16, null, 30.24, 31.88, 34.13, 29.59, 31.79, 32.07, 31.98, 30.7, 31.26, 29.26, 32.53, 29.11, 29.24, 30.06, 29.72, 30.92, 30.02, 29.36, 29.06, 31.83, 31.04, 28.84, 31.17, 30.02, 28.51, 28.91, 31.62, 32.02, 31.25, null, 31.02]",279.56
mixed_chain,84,"[2.15, 2.32, 2.74, 2.55, 2.69, 2.29, 2.81, 2.96, 2.12, 2.46, 1.98, 2.98, 3.54, 3.01, 2.59, 2.71, 2.88, 2.14, 2.67, 2.64, 2.56, 2.48, 2.68, 2.24, 2.35, 2.76, 2.63, 2.65, 3.04, 30.79, 25.29, 25.63, 24.93, 24.51, 25.65, 26.79, 26.47, 28.99, 28.82, 29.81, 31.73, 32.18, 32.01, 31.95, 34.51, 33.14, 34.1, 31.57, 31.4, 29.18, 28.33, 27.75, 28.47, 30.25, 29.15, 27.86, 27.81, 26.88, 28.46, 27.16, 28.09, 26.34, 27.55, 27.24, 26.34, 25.03, 27.11, 27.27, 25.52, 26.9, 27.08, 28.05, 27.09, 27.57, 26.55, 26.35, 26.56, 26.18, 26.44, 27.35, 27.38, 27.26, 27.09, 28.31]",286.92
mixed_chain,41,"[4.13, 3.84, 3.84, 4.9, 4.0, 4.32, 3.9, 4.57, 4.17, 3.96, 3.27, 3.78, 4.34, 3.15, 3.67, 2.74, 3.12, null, 20.51, 20.31, 19.69, 20.56, null, 20.37, 21.82, 24.22, 25.26, null, 28.34, 28.74, 29.64, 30.38, 32.14, 30.02, 31.08, 28.27, null, 31.55, 29.85, 30.15, 32.08]",294.62
market_display,63,"[25.12, 29.48, 27.77, 25.78, 27.58, 26.7, 28.8, 26.76, 27.06, 26.36, null, 27.09, 28.61, 27.48, 30.05, 26.95, 26.16, 26.24, 26.25, 26.14, 28.94, 26.81, 27.48, 25.59, 27.12, 24.31, 27.55, 26.48, null, 28.11, 28.09, 26.07, 27.56, 29.47, 26.21, 26.12, 27.19, 27.42, 27.93, 27.77, 27.4, 26.28, 29.51, null, 27.7, 28.64, 27.1, 25.7, 28.23, 25.64, 29.65, 25.81, 28.86, 29.42, 25.55, 25.44, 27.79, 29.04, 28.04, 26.2, 29.05, 29.89, 26.06]",311.95
stable_cold,64,"[2.65, 3.38, 3.55, 3.5, 3.57, 3.32, 3.22, 2.9, 3.15, 2.8, 2.99, 3.36, 3.28, 4.55, 2.79, 3.28, 2.76, 3.17, 3.19, 3.67, 3.15, null, 3.16, null, 3.07, 3.18, 3.36, 3.55, null, 3.23, 2.64, 3.54, 3.05, 3.63, 3.86, 3.25, 2.92, 3.32, 3.47, 3.2, 3.1, 3.55, 3.53, 3.19, 2.67, 3.51, 3.02, 3.41, 3.39, 2.57, 3.36, 3.53, 3.58, 3.38, 2.54, 3.84, 3.49, 2.85, 3.01, 3.42, 3.6, 3.13, 3.66, 2.61]",667.19
mixed_chain,9,"[4.91, 5.11, 4.36, 5.66, 25.68, 21.68, 25.03, 32.19, 31.15]",324.52
hot_truck_transit,73,"[33.64, 26.04, null, 26.69, 24.91, 26.98, 27.12, 28.03, 28.62, 31.41, 30.14, 31.29, 32.66, 33.51, 33.78, 33.69, 34.02, 33.68, 32.53, 33.2, 31.12, 29.51, 29.69, 26.11, 26.0, 26.11, 24.93, 26.38, 26.49, 27.57, null, null, 29.72, 29.86, 31.56, null, 33.61, 32.59, 32.36, 33.43, 33.53, 33.55, 32.92, 31.17, null, 31.03, 28.59, 27.35, 27.16, 25.49, 25.3, null, 25.06, 25.21, 26.62, 27.94, null, null, 31.18, 30.92, 32.71, 32.3, null, 33.82, 33.56, 33.6, 32.17, 31.35, 30.01, 31.16, 28.52, 27.48, 32.29]",252.79
stable_cold,49,"[5.64, 5.01, 5.07, 4.18, 4.75, 5.17, 5.06, 4.12, 5.07, 5.13, null, 4.72, 4.09, 4.59, 4.55, 5.28, 3.9, 4.8, 5.55, 4.99, 5.34, 4.33, 4.34, 5.56, 5.02, 5.03, 4.54, 5.02, 4.53, 5.46, 6.08, 5.18, 4.73, null, 4.31, 5.61, 4.57, 4.84, 5.25, 5.58, 4.9, 4.82, 5.01, 4.73, 4.75, 5.15, 5.06, 5.84, 5.16]",629.13
stable_cold,86,"[4.69, 4.86, 4.73, 4.79, 4.47, 4.17, 4.03, 3.93, 5.3, 3.71, 5.08, null, 5.07, 3.72, 4.5, 5.18, 4.88, 4.46, 3.82, 4.07, 5.15, 4.46, 4.57, 4.71, 4.08, 4.76, 4.43, 4.72, 4.37, 3.97, 4.43, 4.86, 4.76, 4.61, 4.96, 4.52, 4.62, 4.41, 4.98, 4.72, 4.38, 4.0, 5.04, 4.3, 4.63, 5.54, 4.92, 5.24, 4.38, 5.03, 4.61, 4.75, 5.41, 4.49, 4.61, 4.24, 4.95, 4.37, 5.01, 3.94, 4.82, 4.34, 4.89, 4.59, 4.38, 4.44, 4.26, 4.93, 4.18, 4.49, 4.74, 5.24, 4.59, 4.5, 4.71, 3.77, 4.12, 4.45, 4.31, 3.96, 4.94, 4.7, 4.65, 4.32, 4.63, 4.8]",599.7
power_outage,36,"[2.98, null, 3.24, 7.96, 14.05, 20.0, 25.48, 30.73, 2.78, 9.89, 16.54, 23.87, 30.85, 2.86, 3.29, 2.67, 2.48, 2.83, 3.02, 2.96, 2.94, 2.65, 2.69, 2.84, 2.82, 3.32, 3.07, 2.83, 3.32, 3.12, 2.58, 2.01, 2.59, 3.17, 3.25, null]",692.74
market_display,89,"[33.3, 31.08, 32.91, 32.38, 32.79, 32.22, 29.81, 32.57, 32.17, 31.97, 30.39, 33.57, 32.41, null, 34.0, 32.88, 33.47, 32.01, 32.35, 33.64, 32.89, 32.2, 31.6, 29.29, 33.46, 33.5, 33.26, 33.73, 31.25, 31.95, 31.79, 30.02, 31.65, 32.57, 33.62, 32.99, 31.61, 33.51, 32.73, 30.41, null, 33.34, 33.04, 30.99, 31.27, 34.89, 31.32, 32.48, 29.38, 33.98, 33.36, 34.48, 31.15, 33.87, 31.16, 34.27, 29.52, 33.66, 32.46, 33.23, 33.09, 32.96, 35.33, 34.62, 33.11, 32.67, 34.21, 34.29, 32.57, null, 31.28, 32.81, 32.7, 33.62, 34.61, 33.92, 33.7, 32.16, 31.95, 33.33, 33.13, 33.28, 31.26, 31.25, 31.81, 33.29, 32.42, 34.26, 31.2]",238.49
mixed_chain,67,"[3.5, null, 3.89, 3.17, 3.83, 3.44, 3.28, 2.96, 3.15, 4.02, 3.43, 3.12, 3.59, 3.28, 3.18, 3.3, 3.85, 3.45, 3.75, 3.29, 3.22, null, 3.04, 3.34, 3.91, null, 4.21, 3.11, null, 33.38, 23.13, 25.92, 24.91, 24.83, 25.3, 24.18, 27.37, 27.91, 27.88, 30.01, 31.08, 31.03, 33.13, 32.41, 32.42, 33.04, 35.51, 27.63, 28.8, 28.61, 29.16, 30.23, 29.82, null, null, 28.26, 29.6, 30.11, 31.28, 29.18, null, 29.03, 29.09, 28.2, 29.03, 31.14, 26.99]",312.93
mixed_chain,60,"[3.99, 4.26, null, 3.96, null, 4.53, 4.48, 4.4, 4.51, 4.25, 4.57, 4.52, 4.04, 5.09, null, 4.64, null, 4.49, 4.22, 4.81, 4.48, null, 4.99, 3.75, 4.56, 4.01, 4.31, 4.07, 4.84, 24.91, 21.31, 21.53, 20.81, 21.03, 19.74, 23.06, 22.2, 23.55, 25.56, 26.88, 27.16, 28.26, 32.83, 32.0, 28.35, 30.56, 31.44, 29.77, 30.7, null, 29.38, 29.97, 29.74, 30.75, 33.0, null, 32.0, null, 29.22, 32.35]",280.06
hot_truck_transit,20,"[26.36, 20.77, 21.84, 20.52, 20.33, 19.88, 20.75, 23.08, 23.76, 25.26, 25.19, 25.3, 27.04, 29.7, 27.7, 28.58, 26.54, 27.66, 27.11, 30.39]",320.04
stable_cold,41,"[4.75, null, 5.86, 4.99, 5.04, 5.03, 5.07, 5.27, 4.77, 5.71, 5.22, 6.27, 4.81, 5.91, 5.83, 5.11, 5.12, 4.91, 4.91, 5.28, 5.29, 4.64, 6.2, 5.17, 5.3, 5.03, 5.17, 5.13, 5.28, 5.27, 5.6, 5.37, 5.56, 5.27, 5.37, 5.18, 5.68, 5.41, 5.21, 5.2, 5.23]",635.23
market_display,2,"[31.36, 34.22]",304.63
hot_truck_transit,54,"[27.71, 20.49, 21.45, null, 19.63, 20.35, 21.61, 22.55, 22.7, 23.75, 26.08, 24.96, 29.03, 27.23, 27.7, 28.3, 28.29, 26.94, 27.1, 25.26, 24.56, 22.72, null, 21.86, 19.56, 20.0, 20.12, 20.69, 19.11, 20.3, 20.3, 22.58, 22.43, 24.42, 24.75, 24.64, 26.78, 26.52, 28.76, 29.46, 28.38, null, 26.85, null, 25.91, 23.85, 23.3, 20.66, 21.37, 19.85, 20.17, 19.17, 20.47, null]",349.95
mixed_chain,32,"[5.81, 6.01, 5.76, 5.93, 5.37, 6.43, null, 6.06, 5.53, null, 29.17, 23.94, null, 24.49, 25.69, 25.26, 23.89, 27.35, 26.16, 32.72, 30.15, 27.49, null, 31.36, 33.07, 27.3, 31.22, 28.51, 29.4, 28.44, 31.16, 30.64]",309.55
stable_cold,95,"[null, 4.82, 4.13, 4.3, 4.27, 4.32, 4.38, 4.0, null, 4.93, 4.51, 4.57, 3.63, 4.9, 4.25, 4.97, null, 4.3, 3.85, 5.39, null, 4.87, 5.25, 4.61, 5.06, 4.33, 4.82, 4.27, 4.32, 4.56, 4.02, 4.65, 4.4, 3.73, 4.34, 4.39, 4.86, 4.64, 5.1, 4.73, 4.3, 4.5, 4.38, null, 4.55, 4.27, 4.53, 4.71, 4.12, 4.65, 3.89, 4.97, 4.73, 5.17, 4.08, 4.98, 4.9, 4.45, null, null, 3.98, 4.22, 4.02, 5.16, 3.92, null, 4.7, 4.67, null, null, 4.34, 4.56, 4.41, 5.04, 5.36, null, 3.71, 4.75, 4.95, 5.31, 4.82, 5.08, 5.19, 5.11, 4.88, null, 4.52, 4.64, 4.48, 4.51, 5.15, 4.22, 4.84, 4.65, 4.18]",602.12
mixed_chain,17,"[2.5, 2.15, 2.13, 2.93, 1.88, null, 24.94, 23.08, 23.64, 22.54, 27.04, 30.59, 30.12, 32.04, null, 31.5, 31.71]",313.08
power_outage,50,"[2.33, 2.05, null, 2.43, 2.15, 2.77, 2.5, 2.29, 2.78, 2.41, 2.04, 2.8, 2.26, 3.42, 2.38, 1.91, 3.04, 2.49, 2.59, 2.63, 2.1, 1.86, 3.1, 2.04, 3.0, 2.67, 2.56, 2.37, 3.2, 2.3, 2.31, 2.71, 2.31, 2.21, null, 2.72, 12.37, 21.73, null, 12.12, 20.81, 30.12, 2.35, null, null, 1.81, 2.95, null, null, 2.22]",686.43
power_outage,62,"[2.22, 2.62, 2.34, null, 2.15, 2.3, 2.11, 2.23, 2.07, 2.02, 1.9, 2.09, 2.07, 2.72, 2.47, 2.13, 2.04, 2.36, 2.75, 2.41, 1.66, 2.43, 16.74, 31.35, 2.1, 2.21, 2.31, 1.94, 1.91, 2.29, 1.71, 1.78, 2.42, 2.32, 2.55, 2.31, 2.17, 2.56, 2.04, 2.07, null, 2.31, 11.66, null, 30.61, 2.16, 2.21, 2.04, null, 1.69, 2.3, 2.71, null, 2.19, 2.1, 2.1, 1.86, 2.77, 2.29, 1.97, 1.94, 2.19]",675.97
power_outage,2,"[11.24, 18.09]",465.16
power_outage,88,"[3.09, 2.96, 2.45, 2.91, 3.28, null, 16.53, 22.49, 29.24, 2.99, 2.76, 3.25, 2.93, 2.86, 2.4, 3.5, 3.12, 3.45, 3.3, 3.45, 2.94, null, 3.34, 3.15, 2.97, 3.34, null, null, 2.81, 3.41, 3.11, 3.44, 3.4, 3.32, 3.08, 3.33, 8.66, 13.72, 18.82, 24.18, 29.03, 3.57, 2.61, 3.12, 2.99, null, 3.21, 2.78, 3.76, 2.71, null, 2.8, 3.17, 3.42, 3.27, 3.56, 2.87, 3.31, 3.02, 3.18, 3.45, 2.61, 3.71, 3.07, 2.63, 2.91, 3.14, null, 2.5, null, 2.9, null, 2.79, 3.79, 3.27, null, 3.3, null, 2.96, 3.65, 3.02, 3.09, 2.97, 3.55, 3.04, 2.74, 3.89, 2.7]",635.76
stable_cold,44,"[1.89, 2.69, 2.25, 2.17, 2.43, null, 2.38, 2.52, 2.34, 2.38, 1.87, 2.89, 1.67, 2.29, 1.63, 2.12, 1.93, 2.22, 2.3, 1.78, 2.15, 2.72, 1.64, 1.82, 2.51, 2.19, 2.22, 2.57, 1.85, 1.96, 1.91, 2.02, 2.7, 1.48, 1.69, 1.62, 2.72, 1.92, 2.03, 1.52, 2.06, 2.51, 2.26, 2.12]",699.58
hot_truck_transit,20,"[28.0, 20.3, 19.64, 19.16, 20.39, 20.73, 20.19, 20.9, 24.26, 24.47, 24.89, null, 26.24, 27.11, 27.67, 28.56, 26.52, 26.43, 25.64, 30.72]",317.63
market_display,62,"[28.05, 27.56, 31.49, 30.49, null, 31.12, 28.46, 29.83, null, null, null, 30.03, 30.17, null, 33.01, 30.33, 30.91, 29.63, 30.09, 30.93, 31.08, 31.25, 31.77, 31.39, 31.21, 29.77, 30.29, 29.09, 29.96, 31.07, 31.04, 31.36, 32.33, 28.98, 28.32, null, 32.33, 32.29, 30.8, 30.22, null, 31.9, 29.63, 29.88, 30.67, 31.9, 31.56, 28.2, 31.57, 30.54, 31.32, 30.3, 31.16, 30.62, 29.91, 29.65, 30.33, 29.01, 30.03, 30.17, 31.8, 31.36]",268.56
hot_truck_transit,83,"[24.33, 19.84, 19.71, 17.9, 18.89, 19.62, 21.05, 19.93, 23.55, 24.47, 23.72, 27.45, 26.5, 26.86, 27.82, 27.81, 27.44, 26.08, 25.96, 25.76, 25.18, 24.63, 22.08, 21.54, 20.12, 20.89, 19.37, 19.01, 19.66, 18.68, 21.08, 21.23, 24.66, 22.98, 24.3, 26.29, null, 27.77, 27.12, 26.56, 29.48, 27.36, 26.49, 26.12, 23.47, 23.11, 21.61, 21.61, 19.55, 20.55, 20.56, 20.4, 19.97, 20.17, 20.32, 21.84, 22.36, 21.98, 24.02, 26.11, 25.41, 26.03, 27.18, 25.74, 27.93, 27.46, 27.06, 25.66, 23.83, 22.49, 22.88, 22.05, 19.76, 19.01, 19.6, 19.59, 20.36, 20.54, 20.59, 22.31, 22.16, 23.23, 30.96]",264.41
mixed_chain,18,"[4.82, 4.53, 4.64, 5.27, 4.47, 28.23, 20.16, 20.33, 24.69, null, 26.46, 28.11, 29.1, 25.08, 26.71, 27.9, 28.06, 24.84]",373.2
stable_cold,12,"[4.88, 4.96, 4.07, 3.74, 4.52, 4.85, 5.2, 4.69, 4.33, 4.12, 4.49, 4.36]",682.32
power_outage,61,"[5.45, null, 5.48, 5.1, 5.49, 5.15, 5.54, 5.32, 5.02, null, 6.03, 4.69, 5.42, 5.06, 5.78, 5.61, 5.42, 5.64, 5.44, 5.37, 5.19, 5.26, 5.23, 5.37, 4.8, 5.68, null, 5.24, 5.72, 5.33, 5.19, 5.25, 14.42, null, 32.64, 5.21, null, 5.36, 5.16, 5.27, 5.35, 4.97, 5.8, 5.61, 5.18, 5.36, 5.56, 5.43, 5.93, 5.3, 5.72, 14.0, 23.08, null, null, 5.02, 5.35, 5.75, 5.14, null, 4.81]",618.76
hot_truck_transit,58,"[31.68, 26.76, 26.49, 24.68, 25.9, 26.0, 27.12, 27.47, 29.78, 29.74, 31.62, 31.04, 32.4, 32.77, 33.98, 32.85, 32.29, 32.76, 33.08, 31.15, 31.05, 29.28, 27.36, 28.48, 27.49, 26.3, 25.97, 25.63, 25.11, 27.38, 26.89, 28.09, 28.36, 30.15, 31.75, 31.93, null, 33.96, null, 34.63, 33.92, 33.52, 32.82, 32.49, 30.49, 30.22, 30.6, 28.09, 26.01, 26.1, 26.43, 25.26, 25.15, 25.23, 26.8, 29.09, 28.34, null]",257.59
mixed_chain,29,"[3.39, 3.27, 2.65, 3.27, 2.7, 3.08, 2.27, 2.93, 2.82, 2.6, 2.92, 3.43, 2.77, 27.5, 20.28, 21.53, 21.22, 21.35, 21.54, 22.55, 22.44, 27.42, 32.87, 34.34, 31.03, 29.91, 30.68, 29.94, 30.77]",313.79
market_display,43,"[30.07, 29.55, 30.38, 30.77, 30.65, 31.09, 30.36, 28.83, 30.87, 29.51, 28.38, 30.08, 29.72, 29.34, 28.78, 30.68, 29.55, 29.21, 30.81, 30.09, null, 30.14, 30.75, 28.57, 32.06, 28.25, 31.35, 30.18, 32.94, 30.39, 31.14, 27.85, 31.83, 30.9, 28.2, 29.54, 29.97, null, 30.02, 28.8, 29.8, 31.0, 30.21]",296.04
hot_truck_transit,17,"[34.52, 25.28, 25.25, 24.71, 25.6, 24.93, 26.12, 26.93, 26.74, 28.13, 29.5, 30.96, 32.65, 32.26, 32.5, 32.96, 35.78]",280.62
power_outage,46,"[3.37, 2.66, null, 3.5, 2.67, null, 3.18, 3.01, 3.33, 3.45, 3.13, null, 18.01, 25.89, 34.31, 3.57, 2.61, 2.99, 3.03, 3.11, 3.37, 3.54, 3.0, 3.33, 3.18, 2.98, 2.48, 3.29, 3.17, 3.11, 2.69, 3.58, 3.04, 2.65, 2.6, 3.19, 3.2, 2.85, 3.13, 3.19, 3.03, 2.78, 3.28, 3.24, 3.16, 2.74]",680.0
mixed_chain,88,"[3.85, 3.88, 3.35, 3.34, null, 3.76, 3.44, 4.24, 4.79, 5.08, 3.52, null, 3.36, 4.04, 3.34, null, 3.91, 4.15, 4.04, 3.83, null, 4.03, null, 3.78, null, 3.14, 3.39, 3.41, 3.48, 4.36, 3.52, 3.78, 3.66, null, 25.38, 25.48, 25.46, 24.07, 25.32, 25.14, 24.76, 27.09, null, 30.21, 30.38, 31.92, 32.53, 31.48, 31.72, 32.78, 31.0, 30.78, 31.45, 29.47, 26.97, 26.39, 27.53, null, 28.05, 31.63, 29.44, 31.1, 29.5, null, 31.82, null, 30.29, 31.42, 31.11, 29.87, 28.98, 32.08, 30.51, 30.26, 31.17, 33.08, 28.05, 32.81, 30.38, 30.66, 29.36, 28.64, 31.09, 30.12, 29.82, 29.48, 28.33, 30.36]",268.01
stable_cold,70,"[5.34, null, 6.13, 5.74, 5.13, null, 5.37, 6.54, 5.64, 6.15, 6.31, 5.49, 5.9, 6.1, 5.92, null, 5.34, 6.1, 5.68, null, 6.24, 6.14, 6.01, 6.13, 6.15, 6.47, null, 5.94, 6.25, 5.68, 5.34, 6.07, 5.79, 5.39, null, 6.45, 5.22, 6.28, 4.86, 5.71, 6.61, 5.74, 5.91, 6.18, 5.19, 5.9, 5.9, null, 5.38, 5.72, 5.5, 5.46, 6.33, null, 5.65, null, 5.65, 5.68, 5.37, 5.77, 5.73, 5.57, 5.94, 5.97, 5.65, null, 6.74, 6.72, 5.45, 5.51]",600.0
market_display,95,"[32.13, 34.56, 31.53, null, null, 33.3, 30.37, 32.03, 31.2, 33.63, 31.84, 33.87, 31.66, 32.88, 30.86, 32.39, 31.2, 34.35, 33.81, null, 33.75, 31.92, 33.25, 32.42, 33.14, 32.67, 32.45, null, 31.74, 34.7, 32.38, 31.66, 32.58, 30.69, 31.95, 32.75, 33.11, 32.94, null, null, 30.72, 32.09, 31.84, 32.74, null, 32.69, 32.64, 33.58, 32.5, 32.77, 34.66, 30.55, 32.74, 32.38, 32.58, 33.21, 31.52, 31.83, 33.4, 32.33, 31.37, 33.46, 33.28, 32.7, 33.01, 33.19, 32.4, 32.88, 31.08, 32.26, null, 35.15, 32.66, 31.42, 32.08, 30.77, 33.31, 32.56, 31.36, 32.28, 33.35, 32.57, 31.68, 33.74, 32.92, 31.59, 32.54, 29.97, 32.82, 35.86, 33.82, 32.3, 32.8, 33.16, 33.23]",220.8
hot_truck_transit,90,"[null, 22.99, 22.92, 22.73, null, 23.95, 23.46, 24.85, 24.88, null, 28.08, 28.12, 29.77, 30.27, 30.38, 30.53, 31.11, 30.38, 30.48, 28.06, 27.77, 26.4, 25.9, 25.1, 23.11, 23.9, 24.76, 23.03, null, 23.19, 23.8, 24.35, 26.43, 25.43, 28.14, 29.92, 30.7, null, 30.22, 32.05, 31.05, 31.49, 30.58, 29.14, 27.73, 28.78, null, 24.75, 22.94, 23.52, 23.31, 22.37, 22.57, 22.37, 24.42, 24.52, 26.19, 26.47, null, 29.48, 30.1, 30.52, 30.67, 31.27, 30.27, 30.2, null, 30.12, 27.43, 26.18, 26.08, 25.85, null, 23.44, null, 21.44, 23.83, 23.17, 24.56, 25.7, 26.01, 26.94, 27.61, 30.24, 29.99, 30.53, 31.96, null, 30.55, 34.19]",231.54
hot_truck_transit,84,"[32.27, 25.3, 25.58, 24.82, 24.56, 24.73, 26.76, 28.38, 29.25, 29.53, 31.68, 31.08, 32.99, 32.58, 32.79, 34.16, 33.72, 33.48, 31.14, 32.33, 31.08, null, 28.94, 28.38, 26.09, 25.46, 25.41, 23.73, 25.91, 26.77, 27.13, null, 29.29, 29.43, 29.29, 31.61, 33.38, 33.26, 33.07, null, 33.68, 32.8, 32.43, 31.25, 31.03, 28.79, 28.74, 28.2, 26.87, 26.24, 25.7, 25.94, 25.36, 25.94, null, null, 26.87, 29.53, 31.04, 31.45, 33.07, 34.04, 33.36, null, 34.24, 33.68, 32.69, 31.09, 30.84, 29.26, 27.89, null, 25.9, 26.65, 25.87, 25.42, 25.61, 25.18, 25.87, 28.89, null, 28.37, 31.28, 33.99]",233.45
market_display,84,"[26.21, 27.1, 23.46, 24.58, 27.34, 26.69, 25.58, 26.19, 26.82, 27.97, 25.6, 27.68, null, 25.0, 25.37, 27.56, 27.8, 26.05, 27.42, 26.53, 26.02, 26.33, 24.43, 25.78, 25.47, 27.31, 26.4, 25.82, 27.44, 24.29, null, 27.62, 26.87, 24.2, null, 24.58, 25.59, 26.65, 26.06, 26.02, 25.12, 27.49, 26.7, null, 26.25, 25.73, 25.45, 26.28, 28.11, 25.06, 26.78, 27.13, 26.69, 27.2, null, 26.69, 26.25, 24.56, 24.85, 27.37, 25.55, 25.71, 27.02, null, 26.96, 25.98, 24.87, 27.32, null, 27.62, 26.79, 25.48, 26.82, 25.55, 25.19, 26.36, 27.04, 26.44, 25.22, 24.49, 25.89, 24.79, null, 26.06]",292.99
hot_truck_transit,52,"[null, 19.72, 18.63, 19.4, 18.65, 20.11, 19.51, 20.7, 21.33, 22.74, 22.78, 23.21, 25.74, 25.41, 28.42, 26.88, 27.6, 26.88, 25.15, 24.83, 24.8, 23.71, 22.83, 20.64, 20.81, 19.22, 20.11, 19.95, 18.21, 19.93, 19.47, 21.83, 21.23, 23.43, 24.8, 25.22, 26.69, 26.87, 28.29, 26.29, 26.73, 25.1, 25.76, 24.22, null, 21.93, 21.76, 21.37, 20.72, 20.51, 20.06, 23.9]",348.37
power_outage,9,"[16.38, 28.0, 10.03, 14.67, 19.1, 23.59, 28.25, 4.81, 5.3]",662.23
mixed_chain,48,"[4.38, 4.21, 3.82, 4.27, 4.12, 3.32, 4.18, 3.57, 3.98, 4.29, 3.93, 3.89, 4.48, 3.99, 3.81, 3.28, 3.93, 4.19, 4.51, 30.5, 25.52, 23.13, 25.13, 23.91, 24.81, 24.51, 24.43, 26.54, 28.18, 28.26, 29.44, 30.56, 29.91, 31.3, 36.18, 31.28, 30.06, 27.23, 29.18, 28.96, 28.76, 31.63, 30.54, 29.33, 29.23, 29.41, 29.09, 28.95]",311.84
mixed_chain,81,"[3.04, 2.33, 2.11, 2.1, 2.84, null, 2.58, null, 2.6, 2.14, 1.96, 2.46, null, 2.31, 2.71, 2.4, 2.7, 2.04, 2.37, 3.14, 2.22, null, 2.45, 2.26, 2.79, 2.19, 2.89, 2.75, 1.91, 2.78, 2.5, 2.03, null, 2.13, 2.6, 3.23, 2.45, 2.24, 2.45, 29.76, 25.81, 25.09, 24.32, 25.12, 26.72, 25.68, 27.1, 27.82, 28.09, 30.44, 31.15, 33.84, 33.23, 33.72, 32.53, 33.66, 33.11, 30.09, 32.1, 30.15, 28.48, 28.08, 26.7, 26.64, 25.42, 32.35, 32.03, 32.41, 33.76, 31.34, 31.52, 32.46, 31.67, 32.05, 31.33, 30.55, 30.51, null, 32.2, 32.82, 30.65]",275.93
mixed_chain,26,"[3.9, 4.53, 4.66, 4.67, 3.83, 3.91, 3.59, 3.24, 3.78, 4.01, null, 4.61, 27.69, 24.15, 21.99, 22.91, 25.71, 28.3, 25.32, 23.76, null, 27.0, 26.52, 30.03, 27.19, 27.18]",346.46
power_outage,9,"[18.21, 34.01, 2.93, 2.94, 3.32, 2.92, 2.69, 2.93, 2.67]",720.12
stable_cold,2,"[5.33, 5.58]",667.21
stable_cold,91,"[null, 4.15, 4.3, 3.53, 3.76, 4.1, 4.4, 4.24, 2.93, 3.49, 3.82, 3.42, 4.33, 4.27, 3.29, 3.56, 3.32, 3.54, 3.53, null, 3.27, 2.57, 2.98, 3.21, 3.36, 3.7, 3.19, 3.14, 3.25, 3.17, null, 3.38, 3.9, 3.23, 3.48, 3.4, 3.94, 3.56, 4.04, 3.16, 3.6, 3.39, 3.13, 3.59, 4.31, 3.28, 3.57, 3.1, 3.04, 3.31, 3.44, 3.46, null, 2.96, 3.37, 3.82, null, 3.48, 3.74, 3.31, 3.76, 3.01, 3.98, 3.77, 3.64, 4.07, null, 3.37, 4.17, 4.36, 3.34, 3.58, 4.04, 3.59, 3.86, 3.93, 3.4, 3.79, 3.62, 3.13, 3.23, 3.36, 3.99, 4.01, 3.92, 3.8, 3.79, 3.73, null, 3.81, 3.06]",630.02
hot_truck_transit,2,"[28.03, 25.68]",378.88
stable_cold,44,"[3.71, 3.63, 3.95, 4.4, 4.53, 4.46, null, 3.58, 4.76, 4.16, 4.57, 3.75, 4.28, 4.38, 4.74, 3.65, 4.29, 3.85, 4.48, 4.59, 4.8, 4.07, 4.65, 4.83, 3.62, 4.53, 4.66, 4.18, 3.8, 4.66, 3.8, 4.21, 4.26, 4.57, 4.03, 4.01, 4.32, 4.68, 5.2, 3.68, 4.41, 3.85, 4.69, 3.91]",659.56
market_display,76,"[25.51, 23.89, 26.03, 27.43, 26.54, 24.46, 25.42, 25.57, 25.95, 25.46, 24.06, 26.0, 27.89, 25.38, 24.68, 27.88, 28.47, 25.68, 26.45, 26.43, 27.24, 24.83, 26.13, 24.86, 26.58, 27.98, 26.57, 25.15, 27.36, 25.44, 26.74, 25.24, 24.57, 25.26, 22.93, 24.87, 28.74, 22.79, 24.28, 28.26, 25.02, 25.69, 26.15, 24.19, 27.42, 26.02, 25.41, 27.3, 24.57, 26.22, null, 24.66, 28.57, 26.32, 27.31, 25.55, 24.93, 22.43, 25.79, 24.18, 26.28, 24.62, 26.73, 28.64, 29.56, 26.55, 26.16, 25.33, 25.23, 25.07, 27.95, 25.7, 28.76, 25.05, null, 24.65]",312.79
mixed_chain,79,"[3.65, 3.46, 3.47, 3.74, 3.84, 3.42, 3.46, null, 3.78, 3.28, 3.14, 3.67, 3.84, 3.76, 3.09, null, 4.0, null, 3.39, 4.12, 4.08, 3.28, 3.73, null, 3.83, 3.46, 3.26, 3.08, 4.15, null, 4.92, 4.22, 4.17, 2.84, 3.6, 2.82, 3.84, 3.63, 25.79, 19.36, 19.61, 19.23, null, 19.81, 20.31, 20.25, 21.56, null, 23.64, 25.2, 24.53, 26.94, 26.49, 26.73, 26.69, 26.45, 23.71, 24.76, null, null, 22.42, 20.44, 19.39, 19.63, 20.79, 33.34, 29.35, 31.76, 32.81, null, 30.31, 30.29, 32.5, 32.61, 30.7, 32.84, 29.57, 31.62, 29.97]",285.94
mixed_chain,80,"[1.5, 1.72, 1.76, 1.53, 1.51, 2.13, 1.97, 2.27, 2.69, 2.3, 2.26, 1.4, 2.22, 1.98, 2.46, 1.49, 2.34, 1.76, 1.59, 2.8, 2.02, 1.95, 1.78, 1.87, 1.83, 1.9, 1.94, 1.89, 29.04, 21.26, 19.73, 20.13, 20.59, 19.95, 21.2, 22.12, 21.38, 23.85, 25.0, 25.31, 27.43, 28.71, 28.01, 26.93, 27.56, 26.61, 28.31, 27.71, null, 26.82, 26.96, 29.29, 29.25, 26.67, 26.62, 28.52, 28.51, 27.15, 28.17, 26.51, 28.45, 28.13, 25.86, 27.4, 27.45, 28.59, 26.6, null, 27.9, 29.09, 26.19, 28.17, 28.04, 28.08, 28.26, 28.17, 25.18, 29.84, null, null]",301.59
stable_cold,68,"[null, 4.62, 4.7, 5.54, 5.44, null, 4.81, 5.44, 4.59, 5.14, 5.9, 5.07, 4.68, 5.15, 4.8, 4.43, 5.27, 5.43, 4.86, 4.84, 4.6, 4.93, 4.76, 4.58, null, 5.17, 5.22, 5.34, null, 4.82, 5.1, 4.88, 5.16, 5.12, 4.83, 4.46, null, 4.91, 4.23, null, 5.37, 6.0, 4.83, 4.77, 4.54, 5.07, 5.07, 4.66, 4.92, 4.2, 5.36, null, 4.97, 4.42, 4.75, 4.88, null, 5.18, 5.56, 5.28, 5.37, null, 5.22, 4.97, 5.39, 5.42, 5.25, 4.41]",624.16
mixed_chain,56,"[null, 5.21, 5.31, 4.93, 5.22, 5.99, 5.26, 5.31, 4.93, 5.47, 4.88, 5.23, 4.22, 5.32, 5.37, 5.01, 5.09, 27.87, null, 21.8, 22.86, null, 22.48, 22.09, 23.92, 24.77, 25.19, 28.27, 33.84, 31.32, 30.9, 31.36, 30.63, 29.32, null, 32.99, 30.34, 30.67, 32.19, null, 31.86, 30.75, 29.86, 30.14, 30.78, 30.87, 29.46, 31.07, 28.18, 31.64, 31.76, 29.91, 30.9, 30.3, 30.35, null]",290.28
power_outage,19,"[5.93, 6.0, 5.89, 5.25, 5.45, null, 5.5, 5.58, 18.3, 30.51, 5.62, 5.92, 5.84, 5.73, 6.09, 5.54, 5.76, 5.43, 5.44]",651.51
mixed_chain,95,"[2.19, 1.95, 2.22, 2.1, 2.78, 1.75, 3.03, 2.77, 2.61, 2.08, 2.5, 1.91, 2.86, 2.52, 3.15, 3.11, 2.62, 2.85, 3.18, 1.92, null, null, 2.84, null, 2.59, 1.98, 2.22, 2.77, 2.51, 2.36, 2.42, 2.88, 2.71, 2.27, 3.3, 2.52, 2.24, 2.21, 31.41, 23.19, 21.64, 23.1, 22.69, 23.51, 23.7, 24.21, 25.23, 26.58, null, 27.17, 30.75, 29.1, 28.73, 29.93, null, null, null, 26.65, 23.85, 27.72, null, 27.05, 24.71, 26.72, 26.31, 26.21, null, 25.76, 23.67, 27.38, 27.84, 26.83, 24.69, 25.96, 26.74, 25.24, 27.18, 27.57, 25.6, 27.92, 25.81, 26.26, 26.45, 27.88, 26.21, null, 25.45, 29.24, 24.82, 27.15, 25.99, 23.69, null, 27.19, 27.7]",287.28
hot_truck_transit,31,"[32.9, 26.82, 25.29, null, 26.63, 25.88, 27.56, 26.78, 28.31, 28.9, 31.1, 31.46, 33.04, 33.21, 31.93, 33.41, 32.26, 33.36, 32.89, null, 30.56, 28.32, 28.75, 27.95, 26.65, 26.23, 24.25, 25.68, 25.67, 25.19, 32.57]",291.02
power_outage,50,"[2.15, 2.47, 1.87, 2.12, 2.32, 2.79, 2.39, 2.45, 2.62, 9.33, 15.94, 23.31, 30.5, 2.67, 2.47, 2.67, 2.81, 2.87, 2.58, 2.19, 2.16, 2.19, 2.21, 2.56, 3.1, 2.6, 2.51, 2.82, 2.28, 2.85, 2.82, 2.55, 3.16, 2.87, 2.55, 2.49, 2.4, 2.49, 2.5, 2.44, 8.07, 13.38, 19.16, 24.46, 30.66, 2.56, 2.5, 2.8, 2.27, 2.32]",682.76
power_outage,70,"[3.43, 3.35, 3.49, 4.02, 3.5, 3.67, null, 3.44, 3.3, 3.59, 3.41, 3.95, 3.53, 3.55, 3.51, 10.61, 17.89, 24.07, 31.41, 3.09, 3.93, 3.53, 3.11, null, 3.81, 3.06, 3.65, 3.43, 3.5, 3.36, 3.28, 3.42, 3.73, 3.48, 3.69, 3.49, 3.75, 3.69, 3.4, 3.28, 3.85, 3.32, 3.71, 3.57, 3.42, 3.69, 3.97, 3.75, 3.6, 4.05, 3.06, 3.23, null, 3.99, 3.85, 3.05, 3.43, 3.17, 3.55, 3.83, 3.86, 3.64, null, 3.53, 3.77, 4.27, 3.21, 4.04, 3.64, 3.81]",633.97
hot_truck_transit,43,"[30.72, 22.76, null, 23.13, 23.16, 24.92, 24.69, 26.3, 26.52, null, 27.63, 28.86, 30.84, null, 31.88, 31.66, 32.71, 30.93, 29.84, 29.65, 28.98, null, 26.71, 24.27, 24.58, 24.06, 23.76, 22.08, 23.86, 24.88, 25.94, 26.81, 26.63, 29.63, 28.07, 29.06, 30.49, 31.77, 32.02, 29.75, 30.74, 31.72, 34.49]",268.07
mixed_chain,26,"[5.59, 4.91, 5.16, 5.46, null, 6.21, 5.66, 5.26, 4.94, 5.26, 4.31, 5.32, 28.45, 22.35, 21.44, 20.42, 21.01, 21.56, 21.12, 22.03, 27.09, 26.69, 25.87, 27.02, 26.75, 27.59]",343.19
hot_truck_transit,59,"[28.78, 21.62, 21.86, 22.66, 22.42, 22.12, 24.02, 25.43, 25.87, 24.33, 27.41, 28.07, 27.38, 28.61, 30.68, 30.33, 30.11, 29.12, 29.87, 27.2, 26.51, 25.93, 23.92, 23.48, 24.2, 22.04, 22.94, 22.69, 22.18, 21.58, 23.4, 22.49, 24.72, 26.38, 27.91, 28.06, 28.52, 29.09, 29.67, 30.68, 30.32, 29.63, 29.51, 28.18, 26.15, 25.29, 25.63, 23.08, 23.05, 22.63, 21.49, 20.85, 21.38, 21.27, 23.84, 24.5, 24.54, 25.09, 32.28]",271.83
hot_truck_transit,14,"[32.59, 25.68, 24.8, null, 25.04, 24.55, 28.1, 26.8, 28.13, 30.49, 30.79, 31.51, 32.74, 35.81]",283.1
stable_cold,60,"[3.13, 3.49, null, 4.6, 3.38, 3.74, 3.89, 4.58, 3.67, 3.68, 4.49, 3.72, 4.16, 3.28, 3.8, 3.2, 3.45, 4.2, 3.85, 3.74, 3.57, 3.78, 3.99, 4.26, 2.82, 3.54, 3.93, 3.83, 4.03, null, 3.75, 3.66, 3.77, 4.33, 3.58, null, 3.94, 4.49, 3.75, 4.25, null, 3.84, 3.78, 3.74, 3.77, 4.21, 3.96, 3.96, 3.42, 3.48, 4.73, 3.8, 3.56, 4.44, 3.98, 4.1, 3.81, 3.74, 3.8, 3.32]",655.84
market_display,59,"[32.18, 32.94, 29.68, 32.41, 33.53, 30.92, 30.77, 31.62, 31.29, 31.21, 33.19, 34.32, 31.08, 34.25, null, 32.38, 30.22, 30.41, 31.08, 32.47, 31.72, 29.5, 29.87, 29.4, 31.85, 31.65, 31.62, 31.61, 30.56, 31.67, 33.19, 32.15, 30.07, 31.07, 30.72, 32.53, 30.2, 31.69, 31.06, 30.54, 31.72, 31.2, 32.36, 30.89, 30.05, 31.22, 31.77, 32.2, 31.25, 32.48, 29.86, 32.65, 32.15, 30.94, null, 31.85, 33.0, 30.54, 30.65]",274.9
market_display,27,"[31.65, null, 32.53, 31.55, 32.7, 31.05, null, 33.54, 32.49, 32.46, 31.65, 33.16, 32.04, 33.19, 31.71, 30.98, 31.38, 32.76, 31.07, 34.43, 30.62, 32.07, 33.68, 32.6, 31.83, 33.64, 31.14]",303.41
market_display,24,"[29.42, 27.58, 29.62, 28.2, 26.49, 26.71, 27.58, 27.28, 28.28, 28.69, 28.8, 28.66, 29.45, 29.59, 27.27, 26.15, 27.58, 28.49, 27.76, 29.15, 26.79, 30.29, 29.33, 27.93]",335.18
market_display,92,"[26.83, 29.58, 25.71, 26.98, 25.46, 27.49, 26.8, 27.68, 26.19, 24.84, null, 28.13, 28.18, 28.11, 27.17, 27.78, null, 26.55, null, 29.48, 27.44, 23.08, 27.47, 28.75, 26.68, 25.84, 28.2, 26.62, 26.61, 25.04, 25.07, 28.05, 25.56, 29.17, 29.44, 25.79, 26.22, 27.89, 28.88, 27.25, 26.26, 26.58, 27.18, 26.4, 28.51, 26.21, 27.6, 27.96, 27.06, null, 27.02, null, 27.98, null, 26.74, 25.73, 29.38, 28.07, null, 27.72, 26.31, 25.96, 26.17, 27.67, 26.87, 26.99, 27.39, 28.17, 29.82, 26.73, 26.54, 27.17, 27.89, 28.36, 25.85, 29.96, 25.63, null, 27.95, 25.36, 27.37, 24.95, 26.05, 26.97, 27.22, 28.54, 26.21, 27.48, 28.16, 26.98, 27.04, 25.3]",288.31
power_outage,65,"[2.55, 2.93, 9.03, 15.0, 22.32, 28.01, 2.61, 2.76, null, 3.35, 2.81, 2.53, 2.77, 2.65, 2.6, 2.66, 2.46, 2.65, 2.44, 2.02, null, 2.42, 2.63, 2.36, 2.37, null, 2.87, null, 2.6, null, null, 2.83, 2.39, 2.25, 2.6, 2.49, 2.13, 2.17, 2.69, 2.39, null, 2.63, 2.9, 2.34, null, 2.78, 2.4, 2.93, null, 2.34, 2.08, 2.37, 2.54, 2.84, 2.54, 2.41, 2.12, 2.22, 2.68, 2.85, 2.46, 2.95, 2.3, 2.47, 2.5]",667.46
hot_truck_transit,23,"[24.93, 19.29, 17.47, 18.67, 18.01, 18.19, null, 19.93, 21.93, 22.32, 25.21, 23.9, 25.53, null, 25.17, 27.6, 26.28, 25.16, 25.47, 25.15, 22.68, 22.36, 24.29]",372.96
power_outage,64,"[4.02, 4.09, 4.27, 4.01, 3.52, 14.19, null, 34.29, 3.61, null, 4.1, 3.7, 3.28, 4.04, 4.25, 3.94, 4.15, 4.1, 3.99, 4.02, 4.39, 3.69, 4.22, 3.63, 3.74, 4.34, 3.62, 3.91, 4.69, 4.29, null, 3.81, 3.93, 4.38, 18.66, 33.62, null, 3.48, 3.71, 3.96, 3.97, 3.57, 4.09, 4.15, 3.78, 4.48, 4.09, 3.68, 4.47, 3.83, 4.04, 3.84, 4.17, 3.84, 3.86, null, 3.83, 4.3, 3.61, 3.97, 4.01, 3.95, 4.27, 3.53]",643.0
market_display,57,"[29.15, 30.5, 29.43, 29.23, 30.12, 29.23, 28.42, 28.46, 30.06, 26.72, 29.82, 27.64, 29.58, 30.98, null, 30.0, 30.72, 28.68, 28.59, 29.82, 30.87, 32.11, 28.48, 30.15, 28.79, 28.01, 29.09, 29.09, 29.47, 29.87, 29.65, 30.83, 31.62, 29.39, 28.78, null, 29.09, 28.66, 27.57, 27.75, 30.19, 30.27, null, 29.08, 28.76, 27.72, 28.59, 28.49, null, 29.63, 28.48, 29.42, 27.59, 30.07, 29.88, null, 31.02]",277.57
mixed_chain,79,"[2.46, 2.48, 2.26, 2.77, 1.77, 2.24, 2.03, null, 2.62, 1.65, 2.17, null, 2.65, 2.8, 1.71, 2.41, 3.51, 2.26, 2.16, 2.34, 2.54, 2.73, 2.8, null, 2.64, 2.15, 2.1, 2.07, 2.47, 1.97, null, 2.11, 2.5, 2.4, 1.77, 1.81, 26.14, 21.43, 21.67, 22.28, 21.8, 20.67, 22.44, 23.9, 23.93, 25.15, 25.82, null, 27.25, 28.36, 28.25, 29.86, 28.27, 28.1, 27.8, 27.32, 25.95, 25.23, null, 25.8, 29.72, 26.65, 29.68, 28.82, 28.87, 29.61, 31.08, 31.85, 31.09, 29.48, 31.59, 31.42, 29.73, 27.42, 28.62, 27.03, 29.08, 29.73, 27.59]",302.24
mixed_chain,8,"[3.74, 4.65, 4.43, 27.1, 26.2, 27.52, 26.3, 27.42]",357.58
market_display,73,"[30.21, 29.17, 30.62, null, 30.85, 29.75, 29.77, 28.96, 29.1, 30.12, 28.35, 27.93, 30.72, 30.05, 28.26, null, 29.47, 28.55, 29.67, 29.37, 30.49, 29.91, null, 28.73, 29.93, null, 28.05, 29.18, 29.25, null, 27.71, 28.87, 29.4, null, 28.51, 28.64, 29.71, 29.08, 28.95, 27.99, 32.15, 29.58, 31.3, 29.07, 29.55, 30.01, 29.26, 29.55, null, 29.15, 29.28, null, 28.24, 31.5, 30.11, 29.06, 30.5, 30.42, 29.81, 29.29, null, 28.58, 29.51, 30.01, 29.51, 29.92, 29.13, 30.2, 32.03, 29.63, 29.28, 29.42, 30.41]",265.99
mixed_chain,37,"[3.13, 3.65, 3.7, 4.55, 4.72, 4.14, 3.86, 3.02, 3.72, 3.31, 3.78, 27.58, 23.79, null, 24.53, 24.34, 23.66, 24.56, 27.22, 30.21, null, 27.2, 26.4, 24.92, 27.9, 27.45, 26.3, 27.83, 27.34, 26.25, 25.46, 26.66, 28.89, 27.99, null, 27.69, 26.16]",344.1
market_display,46,"[32.77, 30.0, 30.76, 31.46, null, 30.99, 31.59, 32.28, 29.58, 30.31, 30.12, 30.68, 32.61, 32.29, 31.02, 32.09, 33.67, 29.63, 30.33, 30.8, 31.58, 31.75, 29.85, 31.34, 32.14, 29.66, 31.31, 30.39, 29.39, 32.3, 31.69, 30.05, 32.23, 33.67, 31.25, 29.47, 30.77, null, null, 30.67, 32.07, 30.41, 32.2, 30.17, 30.98, 29.44]",297.74
stable_cold,64,"[null, 2.39, 2.25, 2.02, 2.39, 2.17, 2.33, 3.17, 2.46, 2.6, 2.2, 2.07, 2.38, 3.39, 2.27, 2.53, 2.06, 1.29, 2.07, 3.34, 2.63, 3.04, 2.25, 1.45, 1.94, 2.55, 2.48, 2.38, 2.18, 2.76, 2.19, 2.51, 2.47, 2.24, 2.04, 2.22, 3.14, 2.83, 2.8, 2.07, 1.81, 2.83, null, 2.44, 2.24, null, 2.74, 2.86, 2.12, 2.08, 2.88, 2.13, 3.1, 2.34, 2.23, 2.41, 2.23, 2.84, 2.74, 2.82, 2.46, 2.21, 2.38, 2.22]",676.97
hot_truck_transit,74,"[27.58, 24.08, 24.7, 23.06, 23.72, 24.86, 24.84, 26.48, 27.19, 27.66, 28.72, 31.32, 31.43, 31.96, 32.2, 31.57, 31.71, 29.84, 30.61, 29.8, 29.77, 27.81, 27.89, 26.09, 25.58, 24.8, 24.99, 25.26, 23.64, 26.24, 24.78, null, 26.84, 29.5, 28.48, 30.87, 29.36, 32.41, 32.0, 31.99, 31.6, 31.7, 30.84, 29.1, 28.7, 28.93, 26.94, 25.66, 25.5, 25.22, 24.95, 24.56, 25.4, 24.87, 25.28, 26.99, 26.69, 27.97, 28.05, 31.74, 32.79, 31.62, 32.77, 32.85, 32.31, 32.73, 30.11, 30.15, 27.66, 27.48, 25.96, 24.82, 25.07, 29.81]",271.32
power_outage,55,"[4.03, 3.92, 4.01, 4.46, 4.08, 4.65, 3.93, 4.16, 3.97, 4.72, 4.15, 4.74, 3.97, 4.56, 16.24, 28.56, 3.73, 4.2, 3.78, 4.17, 3.64, 4.07, 4.43, 4.26, 3.73, 3.53, 4.25, 4.57, 3.81, 4.73, 4.09, 3.51, 3.63, 4.33, 4.14, 4.54, 3.74, 4.13, null, 4.05, 3.98, 3.99, 4.15, 4.19, 4.17, 4.46, 3.74, 3.55, null, 3.81, 3.98, 3.91, 3.91, 3.66, 3.93]",646.94
market_display,29,"[32.57, 33.82, 32.51, 34.59, 32.93, 31.56, 32.51, 32.07, 34.42, 33.45, 32.77, 33.73, 31.91, 31.48, 31.33, 30.65, 31.57, 33.52, 33.72, 31.8, 30.43, 32.35, 33.44, 33.84, 33.13, 31.63, 33.71, 33.31, 33.73]",282.08
mixed_chain,54,"[4.21, 4.78, 3.61, 4.33, 4.11, 4.45, 4.49, 4.43, 4.59, 4.66, 5.14, 4.28, 4.27, 4.56, 4.72, 4.62, 5.33, 4.94, 5.15, 4.78, 4.64, 3.59, 29.85, 19.48, 21.01, 20.51, 20.31, 21.18, 19.73, null, 21.77, 24.27, 24.06, null, 26.45, 32.4, 28.65, 30.68, 26.99, null, 27.69, 26.51, 25.43, 26.64, 27.11, 27.33, 26.07, 27.42, 27.57, 26.7, 28.69, 25.73, 28.12, 27.51]",321.1
stable_cold,20,"[2.73, 3.05, 3.83, 3.68, 3.35, 3.71, 3.26, 3.47, 3.96, 3.2, 2.99, 3.49, 3.6, 3.35, 3.7, 3.22, 3.35, 3.45, 3.42, 3.95]",683.47
stable_cold,75,"[4.64, 3.8, 4.43, 4.26, 4.18, 4.85, 4.04, 3.78, 4.65, 3.77, 3.56, 4.7, 4.4, 4.53, 4.16, 3.78, 3.86, null, 3.83, 4.46, 4.15, 4.41, 4.4, 4.49, 4.54, 4.2, 4.41, 4.43, 3.36, 4.59, 4.4, 4.56, null, 4.21, 3.9, 4.63, 3.77, 3.96, 4.55, 4.08, 3.96, 4.7, 4.72, 4.62, 4.68, 4.24, 4.25, 4.08, 4.4, 4.12, null, null, 4.81, 4.5, 5.05, 4.05, 3.6, 4.62, 4.03, 4.23, 3.63, 3.98, 3.74, 4.16, 4.18, 4.37, 4.83, 4.61, 3.69, 4.58, 4.38, 4.3, 4.33, null, null]",625.3
mixed_chain,79,"[3.59, 3.89, 4.05, 3.85, 4.3, null, 3.86, 4.46, 4.09, 4.39, 4.32, 4.8, 3.91, 3.59, 3.45, 3.86, 4.52, 4.36, 4.03, 4.96, 3.59, 4.5, 3.88, 4.81, 3.95, 4.54, 29.16, 20.87, null, 21.35, 21.39, 19.02, 21.03, 21.57, 23.64, 23.61, 26.71, 25.39, 25.72, 27.68, 28.54, 27.28, null, 32.6, 28.91, 28.09, null, 27.21, 26.99, 27.9, 27.39, 26.86, 29.08, 27.36, 28.61, 28.18, null, 27.26, 29.29, 28.7, 27.95, 28.65, 29.25, 26.94, 28.98, 28.8, 29.75, 29.29, 30.75, 30.1, 28.5, 30.46, 29.02, 30.06, 28.69, 29.23, 26.66, 29.02, 29.49]",282.12
power_outage,9,"[17.0, 28.56, 13.54, null, 28.82, 5.33, 5.53, 5.01, 5.48]",659.23
mixed_chain,96,"[3.3, 3.79, 3.33, 3.95, 4.2, 3.61, null, 4.19, 3.39, 3.18, 4.16, 3.88, 3.78, 3.43, 4.07, 4.1, 3.02, 4.96, 3.25, 3.54, 3.61, 3.0, 3.41, 3.56, 3.65, 3.48, 4.26, 3.93, 4.17, 3.67, 4.07, 3.88, 4.1, 3.38, 4.27, 3.88, 3.82, 4.36, 3.69, 3.66, 4.33, 3.65, 29.38, 20.23, 18.76, 19.03, 18.88, null, 21.04, 21.01, 21.62, 22.16, 25.69, 25.28, 26.77, 26.11, 27.07, 26.57, 27.87, 27.58, 26.97, 24.86, 27.49, 28.53, 29.31, 27.91, 28.2, 27.24, 27.38, 27.4, 27.52, 29.54, 27.52, 28.36, 29.36, 28.75, 31.48, 29.2, 28.0, 26.67, 29.81, 27.84, 27.43, 27.27, 27.03, 28.11, 27.76, 28.61, 31.04, 28.46, 30.48, 28.0, 28.11, 25.61, 29.85, 27.35]",289.92
market_display,44,"[32.45, 34.52, 31.73, 31.42, 33.32, 31.6, 31.07, 33.27, 33.85, 31.64, 32.19, 33.29, 31.32, 33.35, 33.97, 30.75, 30.62, 30.29, 31.61, 30.72, 33.53, 31.07, 31.74, null, null, 32.24, 33.0, 35.95, 32.68, 30.33, 33.06, 32.6, 32.83, 32.11, 33.28, 31.93, 32.6, 32.47, 32.36, 31.84, 33.57, 33.88, 34.55, 32.39]",276.84
mixed_chain,40,"[null, 2.09, 2.64, 1.41, 0.52, 2.01, 2.02, 2.01, 1.75, 1.5, 1.98, 1.88, 2.12, 30.48, 25.54, 23.84, 23.97, 26.14, null, 24.64, 31.71, 28.35, null, 28.66, 28.69, 30.65, 30.32, 28.73, 29.24, 29.67, 30.19, 28.88, 29.68, 31.04, 29.15, 29.5, 30.06, 28.64, 28.27, 29.8]",310.44
stable_cold,27,"[5.62, 6.62, 6.64, 5.9, 6.01, 6.27, 5.31, 5.26, 6.29, 5.9, null, 5.79, 4.84, 5.71, 5.49, 6.16, 6.19, 6.02, 5.95, 5.19, 6.03, 6.04, 6.29, 6.64, 5.11, 5.63, 5.49]",643.74
market_display,65,"[30.21, 28.36, 29.54, 30.12, 27.24, 28.34, 31.61, 29.58, 27.95, 29.49, 27.07, 29.52, 29.79, null, 28.42, null, 28.92, 27.05, 29.12, 30.72, 31.26, 26.08, 28.32, 28.87, 29.52, 27.68, 29.99, 30.43, null, 29.26, 30.3, 31.44, 30.59, 28.69, 29.86, 29.04, null, 29.91, 29.9, 29.31, 30.52, 28.98, 29.21, null, 29.71, 28.21, 31.58, null, 29.32, 29.35, 29.23, 31.07, 30.47, 30.08, 32.29, 30.03, 28.24, 30.21, 29.96, 30.98, 30.21, 29.49, 30.48, 27.3, 29.89]",277.34
mixed_chain,48,"[6.14, 4.65, 5.23, 4.37, 4.92, 4.24, 4.99, null, 4.35, 5.33, 4.96, 4.42, 4.47, 4.12, 4.48, 4.46, 4.89, 4.81, 4.35, 4.33, 23.56, 18.52, null, 18.44, 21.24, 18.85, 21.23, 20.71, 21.89, 24.08, 23.08, 25.93, 25.39, null, 27.56, 27.56, 25.8, 26.01, 30.31, 27.85, 28.65, 26.79, 28.49, 27.39, 27.71, 28.2, 28.81, 26.2]",337.71
hot_truck_transit,21,"[32.12, 26.47, 25.69, 24.78, 25.27, 25.06, 25.23, 27.38, 26.8, 28.89, 28.23, 31.09, 31.28, null, 32.72, 32.93, 32.94, 32.01, 31.41, 30.58, 33.89]",290.3
hot_truck_transit,95,"[32.02, 22.71, 23.54, 23.19, 23.31, 23.09, 24.12, 24.53, 26.78, 26.67, 27.89, 29.65, 29.39, 29.09, 30.07, 31.9, 30.98, null, null, 30.49, 26.43, 26.95, 26.04, 25.04, 24.87, 24.25, 23.02, 21.7, 25.2, 23.59, 24.3, 26.06, null, 28.09, 27.84, null, 30.25, 29.98, 32.66, 31.54, 30.43, 29.39, 30.44, 30.16, 28.4, 27.32, 27.27, 25.53, null, 23.1, 23.64, null, 24.06, 23.89, 24.77, 25.33, 26.79, 27.65, 27.88, 28.9, 30.14, 30.61, 31.97, null, 29.78, 29.57, 29.69, 29.63, 27.51, 27.58, 25.41, 25.18, 24.56, 22.68, 23.51, 24.35, 23.03, 23.65, 24.43, 25.13, 26.04, 27.01, 26.84, 29.42, 29.02, 30.82, 31.48, 31.38, 30.21, 30.77, 29.71, 28.58, null, 26.34, 29.38]",255.97
hot_truck_transit,25,"[31.15, 24.64, 24.86, 26.01, 26.13, 26.47, 26.76, 27.21, 29.3, 28.77, 30.54, null, 31.73, 32.56, 32.74, 33.91, 32.15, 33.27, 31.79, 31.49, 30.37, 29.07, 29.4, 27.17, 30.63]",310.99
power_outage,5,"[13.67, 23.6, 33.48, 3.61, 3.75]",699.95
power_outage,16,"[1.67, 12.3, 22.51, 32.08, 2.21, 2.08, 8.39, 14.47, 19.58, 26.61, 32.42, 1.97, 1.98, null, 1.98, 1.85]",727.66
market_display,55,"[31.53, 32.07, 30.46, 29.7, 30.41, 31.69, null, 31.94, 31.82, 32.16, null, null, 31.79, 31.14, 31.56, 29.79, 32.2, 29.92, 31.86, null, 29.88, 28.13, 30.26, 29.03, 29.42, 31.13, 28.7, 32.0, 33.55, 29.94, 31.97, 28.85, 31.0, 30.95, 34.21, 30.08, 31.08, 30.3, 30.08, 30.36, 30.3, 29.76, 30.84, 29.45, 30.04, 32.83, 30.38, 31.59, 30.43, 31.44, 30.31, 27.42, 30.49, 29.32, 30.16]",283.58
market_display,14,"[32.54, 29.57, 28.36, 27.93, 30.62, 30.25, 30.78, 28.74, 31.34, 29.59, 28.52, 26.91, 28.76, 28.75]",337.6
market_display,17,"[26.76, 31.06, 25.62, 27.8, 29.94, 25.76, 29.13, 29.13, 26.91, 24.99, 27.98, 27.14, 27.03, null, 27.27, 25.35, 27.11]",349.82
hot_truck_transit,41,"[28.34, 20.24, 21.56, 20.37, 20.84, 21.87, 22.92, 23.32, 22.91, 25.11, 26.48, 26.44, 27.21, 28.46, 29.38, 28.6, 29.11, 27.51, 28.1, 25.6, 26.34, 25.76, 23.89, null, 22.42, 20.49, 20.25, 20.77, null, 20.97, 21.25, 20.77, null, 26.42, 25.41, 25.9, 29.05, 26.82, 29.74, 29.56, 34.38]",273.02
market_display,96,"[null, 25.4, 26.69, 28.24, 27.85, 25.87, 28.95, 28.71, 30.78, null, 26.96, 27.83, 28.02, 29.51, 27.64, 29.6, 28.32, 27.02, 26.57, 29.2, 29.14, 29.29, 24.88, 27.82, 29.48, 26.26, 28.66, null, 26.85, 27.11, null, 29.06, 27.84, 30.62, 25.83, 27.21, 29.9, 27.76, 27.73, 27.84, 27.43, 29.09, 26.99, 31.21, 26.28, 30.01, 28.97, 27.16, 28.29, 28.99, 28.73, 25.7, 28.44, null, 29.24, 29.26, 26.34, 25.61, 27.61, 27.69, 27.99, null, 27.79, 28.11, 26.98, 26.75, 28.7, 28.6, 27.55, 26.72, 29.84, 30.03, 29.35, 28.74, 26.67, 29.52, 28.68, null, 28.83, 27.37, 28.98, 29.35, 28.6, 26.98, 28.72, 28.65, 27.14, null, 30.27, 29.97, 27.32, 25.55, 29.76, 30.52, 29.87, 27.56]",265.33
stable_cold,49,"[5.3, 6.21, 5.69, 6.23, 5.9, 5.73, 5.38, 5.97, 5.76, 6.21, 5.56, 6.09, 6.5, 5.95, 6.16, 6.07, 6.6, 5.99, 6.12, 5.83, 5.54, 5.36, 6.35, 5.44, 6.14, 6.01, 6.21, 5.64, 5.53, 6.0, 5.73, 5.35, 6.62, 5.53, 5.45, 5.75, 6.35, 4.98, 6.31, 5.48, 5.95, 5.57, 6.64, 5.89, 5.56, null, 5.88, 5.92, 6.02]",611.7
mixed_chain,46,"[4.78, 4.77, 4.87, 5.79, null, 5.13, 5.28, 5.89, 5.16, 4.93, 4.65, 4.69, 5.04, null, 5.02, 30.97, 23.33, null, 25.4, 24.73, 24.29, 25.92, 25.83, 27.92, 28.63, 30.81, null, 31.44, 31.45, 37.92, 33.48, 32.18, 31.93, 32.98, 33.73, 34.62, null, 32.73, 33.04, 31.79, null, 33.3, 30.8, 32.39, 31.06, 31.95]",287.4
hot_truck_transit,64,"[31.37, 24.23, 23.98, 24.73, 23.22, 24.71, 24.9, 26.09, 26.57, 27.48, 29.22, 28.66, 31.71, 31.31, 31.19, 32.06, 31.07, 31.29, 30.66, 30.77, 29.02, 26.87, 27.19, 26.34, 23.65, 23.35, 25.51, 23.5, 23.65, 24.27, 24.42, 24.35, 25.83, 27.25, 28.4, 29.15, 29.4, 30.79, 32.52, 31.23, 31.48, 32.38, 30.04, 32.21, 29.51, 27.83, 26.53, 26.84, 24.38, 23.95, 25.19, 23.46, 23.53, 23.77, 23.39, 26.58, 26.69, 28.62, 28.66, 29.43, 30.06, 31.78, 30.98, 35.98]",241.45
power_outage,76,"[5.29, null, 4.63, 5.43, 5.72, 5.46, 5.7, null, 5.87, 5.51, 5.54, 5.45, 5.38, 4.99, 5.81, null, 5.32, 5.29, 5.05, 5.43, 5.61, null, null, 5.35, 5.0, 5.87, 5.52, 5.72, 5.72, 5.17, 5.3, 5.77, 6.01, 5.48, 5.27, 5.96, 5.27, 5.56, 5.33, 5.54, 5.17, 5.34, 5.27, 5.66, 5.51, 5.72, 5.21, null, 5.64, 5.71, 5.02, 5.55, 5.21, 5.73, 6.01, 4.67, 5.26, 5.54, 5.46, 5.74, 5.48, 10.42, 15.39, 20.46, 25.72, 30.89, 5.57, 5.41, 13.8, null, 30.85, 5.29, null, null, 5.87, 5.1]",597.39
hot_truck_transit,2,"[21.5, 19.53]",446.83
market_display,25,"[28.61, 30.35, 28.85, 28.39, 29.64, 30.69, 29.3, 29.11, 28.46, 28.82, 28.03, 30.83, 30.22, 27.82, 28.68, 30.26, 30.15, 29.24, 29.06, 29.36, 28.83, 30.65, null, 29.71, 28.05]",332.38
mixed_chain,89,"[3.67, 3.13, 3.29, 3.17, 3.91, 2.76, null, null, 2.86, null, 3.83, 3.21, 3.41, 3.26, 2.97, 3.2, 3.09, 2.73, 3.93, 3.53, 3.2, 3.16, 3.18, 3.05, 3.19, 2.99, 3.63, 2.6, 3.43, 3.0, 3.71, 3.28, 3.49, 3.1, null, 2.85, 3.08, 2.96, 3.32, 3.38, 2.84, 29.49, 23.46, 21.78, 21.0, 21.45, 20.82, 21.51, 22.85, 23.48, 26.22, 28.08, 28.22, 27.73, 29.0, 29.81, 29.85, 30.59, 28.04, 28.48, 27.49, 26.3, 24.29, 23.33, 24.56, 23.39, 21.15, 20.22, 21.56, 21.61, 20.78, 26.76, 27.84, 30.71, 29.41, null, 28.12, 29.88, 31.8, 30.55, null, 26.91, 30.16, 29.69, 28.16, 28.75, 29.03, 29.78, 27.4]",296.42
market_display,34,"[28.76, 34.22, 29.23, 28.49, 32.2, 31.52, 32.33, null, 33.07, 32.57, 30.86, 31.3, 32.6, 31.39, 32.87, 32.17, 31.67, null, 31.61, 30.27, 33.4, 31.91, 31.64, 31.76, 31.22, 35.05, 30.35, null, 32.15, 32.87, 31.48, 33.39, 31.51, 31.31]",295.12
hot_truck_transit,41,"[29.4, null, 26.8, 25.39, 24.57, 26.92, 26.27, 28.25, 29.19, 29.48, 29.15, 30.67, 34.83, 32.15, 32.79, 32.75, 32.24, 33.16, 30.89, null, null, 28.93, 28.23, null, null, 26.84, 26.18, 24.37, 25.65, 25.27, 27.17, null, 29.1, 28.37, 29.08, 29.64, 34.1, 33.32, 33.99, 31.98, 38.3]",244.69
market_display,45,"[32.3, 31.46, 33.55, 33.31, 32.12, 33.23, 32.64, 31.87, 30.2, 31.71, 31.5, null, 31.63, 33.23, 33.36, 31.32, 30.31, 30.74, 33.39, 33.05, 30.53, 30.14, 31.19, 34.06, 32.4, 31.62, 31.75, 29.64, 31.55, 33.39, 31.43, 31.61, 32.3, 30.55, 32.3, 30.91, 31.3, 31.45, 31.45, 32.02, 31.81, 31.68, 32.05, 30.81, 29.31]",298.91
hot_truck_transit,82,"[28.48, 19.53, 18.55, 20.67, 19.66, 20.87, 22.71, 22.21, 22.91, 24.66, 25.36, 24.67, 27.57, 27.11, null, 28.09, 28.5, 26.96, 25.29, 26.13, 25.5, 23.23, 22.48, 19.91, 20.73, 19.22, 20.23, 19.95, 19.83, 21.27, 21.04, 21.83, 22.9, 23.21, 25.51, 24.95, 26.85, 28.12, 26.72, 26.61, 26.71, 28.6, 26.02, 24.72, 25.01, 21.5, 21.88, 22.81, 20.09, 20.01, 20.05, 19.92, 19.39, 20.65, 22.01, 20.83, 22.26, 23.6, 25.27, 25.71, 26.41, 25.9, 26.64, 27.83, 27.13, 26.87, 26.46, 27.55, 24.32, 24.79, 23.7, 22.32, null, 20.33, 19.5, 21.29, 20.14, 20.04, 22.28, null, 23.09, 29.21]",276.78
hot_truck_transit,51,"[30.1, 27.13, 25.0, 25.53, 26.51, 25.43, 27.46, 25.95, 27.68, 29.51, 32.55, 31.71, null, 33.97, 32.58, 31.16, 34.84, null, 32.06, 31.64, 31.47, 29.49, 28.67, 29.22, 25.77, 26.54, 24.75, 26.84, 25.96, 25.58, 25.56, 27.31, 28.7, 30.52, 29.75, 30.93, 32.02, 32.43, 33.04, 32.83, 33.79, 32.67, 32.43, 31.83, 29.52, 30.06, 28.72, 27.76, 26.65, 25.91, 28.83]",299.18
mixed_chain,53,"[5.92, 4.86, 5.31, 4.87, 5.07, 5.0, 4.38, 4.74, 5.27, 5.11, 4.97, 4.16, null, 4.79, 4.73, null, null, 4.93, null, 5.52, 4.99, 4.39, 4.72, 5.06, 25.76, 20.18, 20.02, 19.04, 20.39, 20.74, 21.26, 21.22, 22.17, 23.44, 28.14, 33.38, 31.33, 34.5, 30.81, null, 31.48, 33.0, 31.89, 30.84, 32.95, 32.62, 31.39, 34.38, 33.19, 33.0, 31.59, 31.08, 34.04]",271.75
market_display,9,"[25.48, 24.66, 24.87, 26.34, 27.6, 26.26, 25.06, 25.58, 26.78]",361.39
power_outage,57,"[null, 3.38, 3.35, null, 3.03, 3.48, 3.28, 2.73, 3.67, 3.03, 2.91, 3.72, 3.63, 3.18, 2.93, 3.03, 3.18, 3.67, 3.7, 3.36, 3.5, 3.25, 3.05, 2.86, 3.4, 3.58, 3.15, 3.66, 3.19, 3.33, 3.24, 3.68, 3.46, 3.29, 3.33, 2.95, 7.68, 13.24, 18.38, 23.64, 28.48, 28.39, 2.42, 3.47, 3.37, 3.55, 3.32, 3.65, 3.14, 3.3, 3.38, 3.51, 3.43, null, 3.39, 3.25, 3.58]",650.76
power_outage,35,"[5.08, 5.12, 5.6, 5.73, 5.01, 4.94, 5.24, 5.67, null, 19.06, 26.42, 33.14, 5.44, 4.99, 5.24, 6.06, 5.37, 5.19, 5.36, 5.51, 11.26, null, 21.85, 27.96, 33.35, 5.34, null, 5.65, 5.79, 5.02, 5.49, 5.46, 5.3, 5.3, 5.79]",624.75
mixed_chain,48,"[4.03, 3.3, 3.29, 3.41, 3.49, 4.0, 3.6, 2.54, 2.94, 3.25, 3.66, 3.52, 2.96, 3.64, 3.62, 28.88, 21.82, 23.32, 22.56, 23.15, 21.28, 23.56, 24.01, 26.42, 26.3, 27.59, 28.35, 29.65, 30.0, null, 30.91, 36.25, 26.87, 28.34, 27.76, 25.73, 27.29, 29.19, 26.56, 27.51, 26.21, 26.87, 27.12, 28.07, 26.71, 29.18, 26.14, 27.7]",321.36
market_display,46,"[25.92, null, 27.97, 26.08, 25.78, null, 26.86, 23.81, 27.15, null, 27.43, 26.53, null, 27.39, 25.91, 26.46, 26.85, 27.81, 28.09, 27.09, null, 27.76, 25.79, null, 28.59, 28.6, 24.72, 26.24, 27.95, 27.3, 26.66, 25.39, 26.23, 25.83, 28.47, 25.93, 27.0, 27.34, 26.71, 26.79, 25.31, 26.38, 26.45, 26.12, 28.51, 29.14]",305.01
market_display,92,"[27.0, null, 25.89, 28.31, 26.61, 29.97, 27.3, 24.8, 26.51, 25.44, 29.52, 26.1, 28.46, 28.1, 25.56, 25.13, 28.14, 26.54, 26.97, 27.15, 23.44, 26.86, 28.32, 24.83, 27.92, 26.68, 25.58, 27.36, 26.92, 28.58, 26.27, 28.49, 26.9, 27.46, 26.52, 25.79, 28.08, 26.89, 26.55, 28.14, 28.74, 26.3, 28.91, null, 27.2, 27.98, 22.81, 25.77, 26.43, 27.26, 26.94, 23.98, 26.47, 25.06, 26.19, 26.52, 27.19, 26.39, 26.97, 26.28, 27.33, 25.36, 26.85, 25.56, 26.44, 27.18, 25.85, 26.77, 26.5, 29.39, 27.34, 27.52, 25.87, 23.91, 26.19, null, 27.18, 27.24, 27.16, 26.82, null, null, 27.4, 29.3, 27.2, 27.35, 29.19, 26.89, 25.78, 27.36, 28.9, 27.99]",269.4
hot_truck_transit,65,"[31.19, 22.64, 21.74, 22.56, 23.37, 24.81, 22.54, 24.01, 23.56, 26.66, 26.06, 28.34, 29.94, 29.25, 29.24, 31.17, 30.55, 28.68, 29.06, 27.44, 28.0, 26.22, 26.31, 23.38, 23.47, 22.65, 22.46, 21.67, 20.46, 23.2, 23.33, 23.46, 24.68, 25.18, 25.67, 28.95, 29.41, 28.5, 32.0, 29.22, 30.56, 29.59, 27.94, 28.4, 27.01, 25.61, 26.14, 24.62, 23.87, 22.48, 22.54, 22.1, 22.66, 21.88, 21.39, 25.21, 25.07, 26.58, 26.61, 27.94, 30.16, 29.88, 31.75, 30.83, 33.66]",256.89
power_outage,80,"[1.97, 2.26, 2.47, 2.28, 2.05, 2.56, 2.23, 3.25, 1.63, 1.63, 2.44, 2.13, 2.38, 1.81, 2.16, 2.28, 1.98, 2.21, 1.73, 2.26, 2.58, 1.77, 1.75, 2.5, 1.75, 2.39, 8.34, 14.38, 21.12, 27.14, 33.13, 1.5, 2.36, 1.82, 2.08, 2.14, 2.71, 2.07, 1.72, 2.58, 2.36, 2.37, 2.59, 2.66, 1.87, 1.72, 2.39, 2.06, 2.09, 1.81, 2.32, 2.26, 2.1, 1.73, 2.5, 2.22, 2.48, 1.51, 2.16, 1.93, 2.15, 2.42, 2.25, 17.6, 33.05, 1.67, 1.87, 2.48, 1.99, 2.48, 2.39, 2.41, 2.24, 2.01, 2.1, 2.33, 1.5, 2.52, 1.99, 2.12]",657.92
market_display,40,"[30.76, 30.54, 31.09, 31.69, 32.19, 30.8, 31.8, 31.34, 31.24, 31.55, 33.36, 32.51, 32.82, 31.99, 33.67, 32.62, 29.85, 32.43, 31.96, 32.3, 29.76, 29.8, null, 29.45, 32.4, 31.73, 33.89, 32.01, 32.39, 32.25, 31.65, 31.7, 31.49, 28.69, 32.9, 32.92, 32.59, 31.66, 31.39, 30.2]",297.58
stable_cold,65,"[4.81, 4.22, 5.13, 5.43, 4.38, 4.6, 4.52, 4.69, 5.04, 4.69, 5.13, 5.3, 5.31, 4.42, 5.43, 5.46, 5.49, 4.81, 4.57, 4.48, 4.43, 4.88, 5.21, 5.39, 4.68, 4.86, 4.83, 4.62, 5.17, null, 4.93, null, 5.12, null, null, 5.23, 4.97, 4.7, 4.97, 5.01, 5.3, 4.45, 5.4, null, 4.67, null, 4.47, 4.18, 5.14, 5.66, null, null, 5.17, 4.85, 5.21, 4.83, 4.64, 4.78, 3.92, 4.41, 5.25, 5.35, 5.43, 5.05, 3.97]",635.86
mixed_chain,47,"[4.51, 4.11, 3.77, 4.27, 3.41, 4.63, 4.69, 3.41, 3.77, 4.25, 4.82, 4.09, 4.27, 4.21, 3.49, 3.98, 3.81, 4.21, 3.84, null, 28.29, 20.39, 20.58, 19.61, 19.32, 21.44, 20.69, 21.24, 24.23, 24.75, 24.93, 26.76, 26.5, 27.9, 27.95, 27.75, 32.93, 28.42, 26.64, 28.71, 29.41, 27.37, 29.56, 26.47, 28.4, 28.98, 29.08]",314.03
stable_cold,80,"[2.45, 2.87, 3.21, 1.99, 2.73, 2.64, 2.54, 2.5, null, 2.62, 2.94, 2.69, null, 2.16, 2.31, 2.6, 2.21, 2.88, 2.67, 2.95, 2.24, 2.16, 2.95, 2.55, 2.42, 2.78, 2.76, 2.0, 3.05, 2.33, 3.18, 1.96, 2.62, 2.42, 1.71, 2.76, 1.73, 2.38, 2.94, 2.29, 2.14, 2.82, 2.4, null, 3.01, 2.03, 2.31, 2.84, 2.0, 3.21, 2.41, 2.85, 2.85, 2.44, 2.31, null, 2.78, 2.1, 2.02, 3.09, 2.2, null, 2.42, 2.43, 3.07, 2.46, 2.35, 2.39, 2.3, 2.23, 2.3, 3.16, 2.78, 2.36, 2.89, null, 3.05, 3.02, 3.39, 2.9]",646.82
hot_truck_transit,46,"[null, null, 18.94, 19.49, 18.88, 20.76, 20.66, 19.72, 21.25, 23.22, null, 24.58, 24.76, 26.17, 25.8, null, 26.13, 26.67, 24.31, 24.43, 22.69, 23.63, 21.02, 20.61, 20.13, 18.62, 17.85, 18.82, 17.27, null, 19.74, 19.5, 21.43, 23.14, 23.06, 23.12, 25.41, 26.75, 26.73, 27.0, 27.31, 27.41, 23.35, 23.62, 23.85, 28.14]",317.2
stable_cold,5,"[2.4, 2.89, 3.41, 3.04, 3.0]",718.9
power_outage,36,"[1.92, 1.95, 2.4, 2.76, 2.21, 1.85, 2.12, 2.0, null, 13.12, 18.02, 24.28, 29.71, 2.55, null, 2.19, 1.75, 2.09, 2.22, null, null, 29.47, 1.97, 2.52, 2.03, 2.14, 1.66, null, 1.96, 2.39, 1.71, 2.23, 1.45, 2.29, 2.05, 2.22]",700.02
mixed_chain,73,"[5.64, 5.67, 6.31, 5.57, 5.94, 5.32, null, null, 5.59, 5.25, null, 5.82, 5.63, 6.31, 5.87, 5.48, null, null, 5.74, 5.78, 5.95, 5.53, 5.69, 5.54, 5.95, 6.05, 5.41, 6.04, 5.27, 5.65, 6.1, 5.56, 5.55, 5.83, 4.53, 5.47, 25.32, 21.16, 21.18, 19.56, 19.26, 21.18, 20.61, 21.14, 23.26, 23.66, 25.36, 25.08, 26.25, null, 25.74, 30.87, 26.98, 28.57, 26.4, 27.58, 26.93, 25.32, 26.88, 26.73, null, 26.23, null, 26.47, 27.68, 27.13, 28.28, null, 29.14, 26.65, 27.96, 28.7, 26.94]",312.84
mixed_chain,46,"[4.32, 5.08, 5.46, 5.1, 5.38, 5.97, 5.25, 5.44, 5.25, 4.88, 5.12, null, null, 5.58, 5.17, 5.91, 26.78, 17.61, null, 18.24, 19.01, 18.76, 20.45, 19.9, null, 23.69, 22.01, 23.6, 25.01, 28.98, 32.47, 34.99, 32.07, 32.78, 32.41, 29.44, 30.91, 29.7, 31.01, null, 33.35, 33.93, 35.34, 32.42, 32.35, 30.58]",300.1
stable_cold,39,"[3.67, 3.67, 3.76, 3.49, null, 4.24, null, 2.95, 2.75, 4.07, 4.07, 3.0, 3.07, 3.24, 3.86, 2.85, 2.58, 4.23, 3.49, 3.55, 3.28, 3.55, 2.76, 3.03, 3.41, 2.46, 3.24, 3.22, 3.24, 3.15, 2.97, 2.64, 3.42, 3.25, 2.82, 3.39, 3.25, null, 2.5]",694.95
market_display,60,"[30.71, 32.4, 31.1, 32.83, 31.52, 30.45, 30.31, 33.03, 32.07, 30.91, 31.29, 30.6, 28.1, 31.23, null, 30.7, 29.62, 30.91, 29.93, 31.21, 31.96, 31.5, 29.36, 29.13, null, 32.36, 33.76, 30.32, 29.9, null, 30.63, 31.03, 31.32, 30.31, 30.2, 31.04, 30.64, null, 30.05, 30.96, 30.46, 31.73, 30.19, 33.3, 31.19, 31.22, 30.51, 30.81, 28.86, 31.13, 33.49, null, 29.17, 31.48, 31.66, 32.95, 30.18, 33.87, 31.26, 30.13]",278.28
market_display,6,"[33.24, 30.87, 29.86, 31.06, 29.82, 30.03]",334.38
stable_cold,14,"[4.0, 3.88, 3.78, 4.68, 4.53, 4.64, 4.27, 4.56, 3.55, 4.6, 4.32, 4.5, 4.4, 3.86]",690.92
power_outage,96,"[2.48, 2.63, 2.02, 2.02, 2.54, 2.72, 2.08, 2.39, 1.94, 2.21, 2.34, 2.56, 1.78, 2.81, 2.36, 2.8, 2.63, 2.67, 3.02, 2.18, 2.46, 2.12, 2.38, 2.63, 18.03, 32.84, 2.05, 2.44, 2.16, 2.24, 2.62, 2.56, 2.67, 2.31, 2.72, 2.42, 2.33, 2.09, 1.79, 1.95, 2.48, 2.14, 1.92, 2.29, 2.5, 2.54, 2.41, 2.4, 2.25, 2.61, 2.36, 2.39, 2.73, 2.65, 2.36, 2.32, 2.32, 1.81, 2.74, 2.21, 2.67, 2.43, 2.83, 2.57, 2.69, 2.24, 2.03, 2.46, 1.84, 2.28, 2.06, 2.16, 2.59, 2.57, 2.37, 2.51, 2.25, 3.14, 2.51, 2.24, 2.68, 2.79, 2.18, null, 12.23, 22.58, 32.94, 1.93, 2.29, 2.35, 2.51, 2.6, 2.54, 2.95, 2.74, 2.48]",635.28
mixed_chain,79,"[3.96, 2.18, 2.8, 3.83, 2.92, 2.91, 2.18, 2.66, null, null, 3.17, 2.38, 3.3, 2.04, 3.04, 3.17, 2.35, 3.13, 2.72, 2.35, 2.37, 2.75, 2.86, 3.07, 26.28, 20.67, 20.51, 21.24, 21.77, null, 22.8, 23.75, 24.92, 25.0, 26.97, 27.73, 28.61, 28.82, null, 29.32, 27.81, 29.79, null, 27.34, 26.83, null, 23.58, 26.54, null, 28.99, 28.24, 29.06, 29.61, null, 28.28, 31.39, 29.33, 30.11, 30.82, 30.65, 31.37, 27.24, null, 31.67, 29.75, 31.45, 32.12, 34.45, 31.65, 30.37, 30.31, 29.19, 31.98, 31.19, 31.31, 31.0, 27.54, 29.42, 27.21]",297.25
mixed_chain,21,"[4.3, 4.98, 4.3, null, 5.54, 5.06, 5.19, 5.14, 32.29, 26.62, 26.09, 25.17, 26.17, null, 32.1, 29.22, 29.27, 30.34, 31.06, 32.53, null]",322.95
mixed_chain,75,"[2.79, 2.34, 2.53, 2.7, 2.95, null, 2.65, 2.6, 2.63, 2.8, 3.31, 3.59, 3.46, 3.15, 2.31, 2.81, 2.57, 2.66, 3.42, 3.25, 3.06, 3.77, 3.05, 3.31, 2.94, 2.8, 3.53, 2.41, 2.07, 30.17, 22.89, 22.63, 22.63, 23.16, 23.52, 24.45, 24.23, 25.09, 26.29, 28.05, 28.01, 29.09, 30.86, 32.02, 31.29, 29.98, 31.0, null, 30.1, 28.36, 26.3, 26.04, 23.86, 28.18, 29.59, 27.32, 27.14, 24.2, 27.83, 28.47, 28.48, 26.92, 26.33, 28.56, 26.97, 27.03, 26.67, 24.37, 26.08, 27.19, 27.79, 27.03, 27.72, 25.01, 25.92]",315.97
stable_cold,8,"[2.57, 2.8, 2.96, 3.45, 3.3, 3.35, 3.13, 2.82]",719.71
power_outage,15,"[3.82, 3.25, 3.95, 3.49, 3.2, 2.96, 11.95, 20.78, 29.91, 2.93, 3.7, 3.35, 3.33, 2.96, 3.08]",704.78
hot_truck_transit,75,"[28.8, 23.58, 22.45, 20.93, 22.21, 22.57, 24.16, 23.22, 24.39, 25.95, 26.66, 26.5, 29.25, null, 29.59, 28.59, 29.38, 28.34, 28.23, 27.76, 27.17, 26.73, 25.07, 22.76, 23.32, 21.91, 21.61, null, 21.85, 22.95, 23.18, 22.66, 23.37, 26.13, null, 28.62, 28.36, 29.3, 29.85, 28.36, 28.18, 29.66, 28.73, 28.68, 28.12, null, 24.29, 22.52, 23.19, 20.5, 20.97, 21.85, 21.22, 22.11, 22.61, 22.72, 22.92, 26.17, 26.5, 27.88, 28.39, 29.01, null, 29.45, 29.2, 28.27, 30.42, null, 27.84, 26.62, 24.35, 23.46, 22.78, null, 24.87]",312.37
hot_truck_transit,7,"[28.66, 20.26, 19.78, 19.44, 19.05, 21.66, 27.98]",352.83
mixed_chain,24,"[4.49, 4.26, 3.47, 3.71, null, 4.41, 3.99, 3.42, 3.65, 3.45, 27.42, 20.54, 18.36, 18.39, 22.63, 28.12, 27.21, 28.48, 28.22, 28.66, 26.99, 27.36, 30.03, null]",355.11
market_display,72,"[29.84, 26.53, 27.74, 28.99, 26.66, 29.27, 28.51, 29.23, 28.6, 28.68, 25.75, 27.57, 29.49, 27.18, 27.7, 28.35, 28.46, 29.74, 29.15, 28.09, 26.82, 32.55, 28.92, 29.97, 26.02, 28.43, 28.39, 28.32, 29.81, 28.56, 28.36, 28.86, 28.91, null, null, null, 28.75, 30.67, 32.37, 29.44, 26.79, 28.53, 30.94, 28.6, 29.88, 29.86, null, 31.15, 29.39, 28.85, 28.68, null, 27.93, 27.65, 31.61, 30.12, 27.67, 31.09, 30.52, 28.11, 29.52, 28.06, 30.11, 29.47, 28.37, 27.39, 28.8, 29.47, 30.44, 29.63, 29.99, 27.98]",285.21
hot_truck_transit,34,"[26.56, 18.84, 17.97, 18.42, 17.83, 18.36, 18.51, null, 21.02, 21.31, 23.43, null, 25.74, 24.38, 26.75, 26.55, 26.72, 24.61, 24.71, 24.28, null, 22.72, 21.54, 20.43, 19.61, 19.13, 18.2, 18.97, 18.12, 17.23, 20.22, 20.42, 20.89, null]",338.66
hot_truck_transit,72,"[34.13, 24.69, 24.79, 24.93, 24.24, 25.58, 26.79, 27.05, 27.66, 28.06, 29.68, 30.13, 31.1, 32.1, 32.43, 33.56, 32.13, 32.51, 31.19, 30.01, 30.26, 29.07, 27.22, 24.24, 26.8, 25.89, 25.8, 25.7, 24.88, 24.94, 24.47, null, 27.34, null, 28.68, 29.91, 30.49, 32.99, 33.49, null, 33.58, null, 32.74, 31.21, 30.28, 28.93, 27.12, 25.68, 26.07, 25.2, 26.95, 25.33, 24.2, 25.2, 25.61, 26.71, null, 29.46, 29.46, 31.26, 31.08, 31.88, 33.07, 31.08, 33.39, 33.38, 32.73, 30.18, 30.01, 28.38, 26.51, 28.82]",279.01
market_display,74,"[26.86, 26.24, 26.39, 25.64, 26.68, 27.27, 25.95, 25.73, 25.81, 26.87, 26.42, 25.04, 25.5, 26.92, 26.57, 26.92, 28.92, 27.34, 24.79, 26.26, 27.44, 26.21, 25.83, 28.11, 26.52, 25.98, 25.99, 29.04, 25.65, 26.78, 26.85, 27.85, 26.05, 26.01, 27.99, 30.0, 26.34, 26.26, 30.01, 26.59, 26.64, 27.28, 27.55, 27.36, 28.22, 25.39, 26.79, 28.37, 24.31, 25.48, 27.91, 27.16, 26.29, 27.44, 27.59, 26.0, 26.97, 25.65, 28.45, 25.19, 26.91, 28.02, 29.47, 26.83, null, 25.7, 27.77, 26.23, 29.03, 26.96, 25.83, 28.55, 26.54, 25.51]",305.96
stable_cold,12,"[3.73, 3.18, 2.91, null, 2.39, 2.64, 3.18, 3.53, 2.91, 3.77, 2.85, 3.04]",710.81
market_display,92,"[32.81, 31.06, 30.82, 32.62, 33.27, 31.04, 33.22, 31.85, 32.98, 35.93, 32.52, 31.53, 32.88, 32.67, 32.48, null, null, 31.41, 33.89, 34.47, 32.45, 33.32, 30.44, 32.88, 35.21, 33.86, 33.08, 32.84, 32.54, 33.4, 34.13, 32.3, null, 31.93, 32.37, 31.56, 33.09, 33.0, 33.37, 33.27, 33.77, 35.4, 33.78, 30.53, 32.6, 32.86, 31.0, 33.89, 35.04, 31.86, 34.41, 34.19, 33.23, 33.89, 31.98, 34.28, null, 33.47, 33.26, 31.95, 34.03, 32.91, null, 34.03, 32.55, null, 34.2, 31.09, 33.77, null, null, 33.69, null, 32.14, 31.51, null, 32.34, null, 32.21, 32.39, 34.23, 31.66, 31.15, 31.78, 33.19, 35.19, 33.08, 31.85, 31.9, 33.39, null, 30.64]",238.07
mixed_chain,61,"[5.78, 5.38, 4.83, 5.01, 5.03, 4.35, 4.67, null, 5.52, null, 4.88, 5.33, 5.23, 5.53, null, 5.1, 5.1, null, 4.71, 5.27, 4.79, 4.82, 5.06, 4.97, null, 4.9, 29.72, 23.88, 22.73, 23.34, 21.22, 25.13, 25.96, 25.22, 25.52, 27.45, null, 30.15, 30.31, 29.96, 32.98, 29.94, 27.51, 28.92, 29.35, null, 27.75, null, 29.43, 29.24, 31.46, 31.68, 29.19, 30.42, 28.84, 27.61, 29.86, 27.72, 30.71, 29.34, 29.03]",301.7
power_outage,65,"[2.36, 2.37, 2.4, 2.87, 2.56, 2.32, 2.68, 2.66, 2.8, 2.49, 2.61, 2.76, 2.33, 2.9, 2.64, 2.3, 2.3, 2.6, 2.47, 2.86, 2.55, 2.72, 2.38, 2.63, 3.03, 2.59, 2.47, 2.37, 2.63, 3.05, 2.22, 2.62, 8.53, 15.32, 21.93, 27.79, 2.5, 2.72, 2.67, 2.73, 2.34, 2.72, 2.45, 2.85, 1.94, 2.55, 2.66, 3.04, 2.66, 2.69, 2.74, 3.01, 2.52, 2.21, null, 2.83, 2.7, 2.56, 2.46, 2.69, 2.69, 2.78, 2.3, 2.1, 2.36]",670.3
power_outage,10,"[3.27, 12.62, 22.22, 32.07, 2.79, 2.49, 2.64, 2.48, 2.92, 2.93]",713.14
stable_cold,93,"[4.36, 3.41, 3.58, 3.58, 3.27, 3.13, 4.27, 3.82, 3.75, 3.65, 3.02, 3.93, 3.08, 3.53, 2.77, 2.61, 3.55, 3.1, 2.63, 3.64, 4.27, 3.98, 3.32, 3.42, 3.78, 3.87, 3.28, 3.44, 3.54, 3.64, 3.37, 3.37, 3.97, 3.91, 3.61, 4.11, 3.27, 4.07, 3.64, 4.73, 2.94, 3.15, 3.59, 3.58, 4.2, 3.15, 3.78, 3.89, 3.7, 3.04, 3.98, 3.91, 3.66, 3.5, 3.51, 3.39, 3.68, 3.43, 3.08, 3.0, 3.12, 3.51, 3.41, 3.51, 3.62, 3.17, 4.01, 3.31, 3.25, 3.61, 2.69, 3.11, 3.81, 2.73, 3.87, 4.03, 3.27, 3.54, 3.87, 3.23, 3.77, 3.15, 3.23, 3.1, 3.56, 3.88, 3.35, 2.91, 2.99, 3.58, 4.16, 3.58, 3.27]",624.19
hot_truck_transit,44,"[31.85, 25.26, 24.24, 24.44, 23.21, 25.26, 25.79, 27.8, 27.2, 29.22, 28.92, 31.63, 32.26, 32.64, 32.18, 32.09, 31.84, 30.95, 31.47, 30.07, 29.61, 28.4, 26.37, 27.12, 25.52, 25.49, 23.47, 23.66, 24.09, 25.0, 25.36, 27.36, 28.06, 27.68, 31.66, 30.2, 32.13, 31.5, 32.63, 33.03, 30.93, 33.13, 30.47, 34.95]",263.32
hot_truck_transit,18,"[33.45, 25.32, 24.78, 25.49, 24.71, 25.92, 27.08, 28.0, 28.55, 28.74, 30.41, 31.98, 33.03, 32.95, 33.0, 33.77, 33.28, 35.51]",281.4
stable_cold,71,"[5.5, 5.49, 5.21, 5.2, 5.74, 5.24, 5.85, 5.5, 5.85, 5.78, 5.86, 5.33, 5.69, 5.82, 4.9, null, 6.43, 5.9, 5.84, 5.76, 5.39, 5.48, 5.91, 5.13, 5.1, 5.36, null, 5.18, 5.43, 5.48, 5.12, null, 5.11, 5.63, 5.72, 5.72, 5.77, 5.27, 5.19, 5.67, 5.44, 5.88, 5.67, 6.04, 5.34, 5.95, 6.34, 5.54, 5.72, null, 5.88, 5.97, null, 5.76, null, 5.68, 5.85, 5.73, null, 5.85, null, 5.3, 5.52, 4.81, 5.75, null, null, 5.57, 5.43, 5.37, 5.61]",597.67
hot_truck_transit,68,"[28.39, 22.47, 20.83, 20.43, 21.58, 22.64, 23.06, 23.57, 24.95, 25.68, 26.99, 28.23, 27.95, 28.23, null, 29.07, null, 30.08, 28.51, 27.64, 26.36, null, 23.41, 23.48, null, 22.45, 20.25, 21.95, 21.28, 21.49, 21.4, 25.26, 24.34, 25.67, 25.67, 26.25, 28.96, 27.86, 30.38, 30.92, 28.72, 28.57, 26.27, 26.08, 27.02, 26.48, 23.82, 22.97, 21.38, 21.11, 22.68, 21.72, 20.18, 22.47, 24.55, 23.16, 23.91, 25.94, 27.32, 28.13, 28.05, null, 27.96, 28.49, 29.63, 28.51, null, 29.85]",281.11
mixed_chain,85,"[3.95, 3.09, 3.57, 4.33, 3.62, 4.21, 4.52, 3.1, 3.45, 3.5, 2.95, 4.03, 3.61, 2.81, 3.6, null, 3.46, 2.48, 3.4, 3.81, 3.31, 2.76, 3.45, null, 4.1, 3.65, 3.38, 2.99, 3.46, 4.25, 3.63, 3.74, 27.07, 19.62, 19.24, 18.74, 18.69, 18.36, 19.82, null, 21.47, 23.58, 23.13, 23.86, null, 27.15, 25.64, 28.37, 28.52, null, 25.35, null, 23.43, 22.4, null, 19.49, 20.4, 23.6, 26.64, 27.99, 28.88, 26.34, 29.0, 26.21, 26.68, 28.63, 25.56, 26.9, 26.44, 27.01, 26.73, 25.47, 28.29, 27.97, 28.63, 27.07, 27.44, 28.63, 27.83, null, 28.56, 27.61, 27.67, 27.48, 27.67]",295.53
stable_cold,81,"[4.85, 5.78, 5.04, 4.94, 5.55, 4.82, 4.88, 5.12, 5.11, 5.22, 5.95, 5.25, 4.16, 5.24, null, 5.13, 5.21, null, 5.09, 5.36, 4.9, null, 6.32, 4.83, 5.15, null, 5.16, 4.74, 4.94, null, 5.3, 5.34, 4.4, 5.85, 4.64, 5.72, 5.52, 5.34, 4.77, 5.17, 4.92, 5.12, 5.01, 4.3, 5.56, 5.08, 4.92, null, 5.26, 4.76, 4.21, 5.28, null, 5.03, 4.65, 5.15, 4.53, 4.7, 4.81, 5.45, 4.97, 4.93, null, 5.25, 5.25, null, 4.87, 4.24, 5.5, 5.29, 5.04, 5.06, 5.41, 4.49, 4.88, 4.66, 5.82, 5.46, 4.23, 4.51, 5.06]",598.82
mixed_chain,19,"[2.91, 2.9, 2.0, null, 2.15, 2.72, 28.84, 21.38, 19.78, 20.28, 19.93, 26.81, 30.59, 30.36, 28.1, 30.59, 28.4, 28.71, null]",315.75
stable_cold,57,"[4.51, 4.57, 3.63, 3.57, 3.96, 4.73, 4.26, 3.86, 3.59, 3.9, 3.87, 4.55, 4.58, 3.75, 4.48, 4.43, 3.7, 4.14, 4.31, 4.24, 3.49, 4.23, 4.43, 4.81, 3.91, 3.96, 4.09, 4.29, 4.21, null, 3.72, 4.33, 3.88, 4.12, 4.86, 3.61, 4.06, 3.66, 4.24, 4.59, 4.24, 4.13, 4.71, 4.31, 4.5, 4.46, 3.02, 4.14, 3.74, 3.84, 4.76, null, 4.93, 3.61, 3.74, 4.48, 4.04]",644.04
stable_cold,5,"[5.25, 5.17, 5.91, 4.88, 4.97]",676.73
power_outage,20,"[1.9, 2.37, 2.36, 11.84, 22.82, 32.14, 8.05, 14.84, 19.99, 26.3, 32.0, 2.25, 2.29, 2.82, 2.65, 2.35, 1.77, null, 2.01, 2.55]",708.06
market_display,72,"[28.23, 28.74, 29.67, 30.86, 29.06, 29.63, 28.74, 30.49, 30.92, 28.39, 27.48, null, 28.53, 28.83, null, 28.83, 27.57, 28.79, 29.43, 30.91, 28.4, 29.06, 28.93, null, 28.49, 26.85, 29.62, 29.88, 28.58, 29.68, 26.99, 30.85, null, 28.76, 30.19, 27.34, null, 28.21, 29.73, 27.95, 29.99, 29.39, 27.21, null, 31.32, 27.99, 28.47, 27.53, 29.02, 30.4, 28.27, 27.98, 30.61, 28.17, 28.23, 28.8, 27.0, 28.08, 31.33, 29.95, 29.83, null, 29.85, 28.6, 29.01, 29.54, 28.53, null, 27.08, 28.73, 30.44, 30.31]",268.46
hot_truck_transit,63,"[27.59, 25.4, 25.28, 25.22, 26.17, 25.83, 25.0, 27.23, 28.43, 28.31, 29.51, 31.43, null, 33.14, 32.81, 31.06, 32.71, 31.95, 32.12, 31.14, 29.09, 28.96, null, 27.16, 26.76, 24.52, 24.82, 23.02, 25.89, null, 25.91, 26.72, 28.17, 29.66, 29.63, 31.15, 31.97, 30.53, 32.12, 33.17, 33.68, 33.38, 30.67, null, null, 29.16, 26.17, null, 26.08, 25.17, 23.23, null, null, 25.83, 26.38, 27.24, 27.49, 28.84, 29.79, 31.56, 31.23, null, 38.1]",228.92
hot_truck_transit,76,"[26.41, 19.9, 20.29, null, 20.62, 20.48, null, 22.0, 22.73, 24.14, 24.65, 25.55, 25.2, 28.34, null, 29.08, 27.45, 28.22, null, null, 24.86, 22.83, 22.6, 21.53, 20.87, null, 19.69, 17.45, 19.68, 20.42, 20.33, 21.57, 22.88, 24.6, null, 26.03, 26.59, 27.53, 29.09, 28.19, 27.86, 28.11, 26.65, 25.1, 25.19, 23.92, 22.57, 22.22, 19.51, 19.89, null, 19.16, 19.8, 19.59, null, 22.15, 22.11, 22.39, 24.35, 25.52, 26.11, 29.28, 26.33, 27.83, 27.54, null, 25.06, 25.75, 24.96, 24.35, 23.14, 22.76, 19.32, 20.13, 21.92, 23.7]",325.18
power_outage,80,"[5.58, 5.78, 5.69, 5.76, 5.88, 5.55, 5.32, 5.5, 5.35, 6.21, 5.29, 5.6, 5.0, null, 5.37, 5.66, 5.66, 5.88, 5.86, 5.43, 5.17, 5.21, 5.55, 5.5, 5.53, null, 5.89, 5.01, 5.28, 5.13, 5.39, 5.83, 5.37, 5.48, null, 5.35, 5.57, 5.53, 5.12, 5.32, null, 5.84, 5.84, 6.08, 5.6, 5.33, 5.44, 5.42, 5.33, 5.57, 5.58, 5.1, 5.78, 4.9, 5.39, 19.84, 33.71, 5.35, 6.05, 5.32, 4.85, 5.59, 4.92, 5.2, 5.64, 5.32, 5.63, 5.11, 5.71, 4.95, 5.85, 5.31, 5.91, 5.2, 6.03, 5.17, null, 5.47, 5.82, 5.69]",585.88
power_outage,14,"[5.51, 4.59, 18.05, 31.38, 31.77, null, 5.16, 5.43, 4.34, 5.42, 5.45, 4.94, 4.85, 4.94]",665.76
market_display,30,"[null, 33.12, 31.03, 33.65, 34.35, 33.8, 33.07, 34.73, 32.69, 33.66, 34.5, 32.03, 34.04, 31.11, 31.43, 31.29, 29.89, null, 32.57, 32.1, 30.94, 29.51, 31.57, 31.45, 34.74, 32.45, 34.57, 31.61, 33.73, 32.76]",288.03
stable_cold,94,"[2.94, 2.43, 2.97, 2.71, null, 3.17, 2.0, 2.43, 3.19, 3.43, 3.61, 2.72, 2.88, null, null, 2.82, 3.07, 2.88, 2.91, 2.33, 2.57, 2.49, 2.22, null, 2.53, 2.59, 2.74, 2.92, 2.77, 2.59, 2.33, 3.05, 2.66, 2.52, 2.62, 2.4, null, 2.47, 2.58, 2.96, 2.86, 3.32, 3.18, 3.48, null, 2.91, 2.5, 3.03, 2.43, 2.11, 3.31, null, 2.87, 2.34, null, 3.2, 2.91, 3.2, 2.7, 3.59, 3.0, 2.34, 2.72, 2.64, 2.6, 2.03, 2.85, 2.14, 1.69, null, 2.39, null, 1.46, 2.36, 2.63, 2.44, 2.85, 3.25, 2.9, 3.11, 3.14, 2.29, 2.87, 3.1, null, 2.38, 2.91, 2.1, null, null, 2.88, 2.78, 3.11, 2.33]",643.75
hot_truck_transit,39,"[29.16, 24.24, 22.18, 21.35, 23.23, 22.51, 22.86, 23.84, 26.01, 26.63, 26.96, 29.09, 28.88, 28.87, 29.53, 30.73, 29.95, 30.27, 30.44, 28.21, 29.89, 26.94, 25.54, 23.65, 23.61, 23.05, 23.46, 22.24, 23.2, 23.29, 24.67, 25.56, 25.95, 27.33, 28.65, 29.15, 29.77, 30.51, 37.45]",253.5
mixed_chain,55,"[2.46, null, null, 2.81, 2.45, 2.72, 2.03, 3.46, 2.77, 3.1, 2.26, 2.44, 2.73, 2.7, 2.84, 2.66, null, 2.73, 2.65, 2.55, 25.28, 21.79, 21.81, 24.06, 20.86, 21.88, 22.12, 23.3, 24.71, 24.62, 26.58, 26.61, 27.74, 29.38, 31.73, 30.99, 32.29, 30.98, 29.75, 28.74, 28.81, 28.46, 28.89, 29.67, 29.45, 29.41, 30.26, 30.32, 29.97, 30.38, 33.2, 30.4, null, 30.69, 29.36]",303.11
market_display,42,"[30.47, 31.02, 31.08, 31.55, 30.29, 28.11, 30.72, 31.53, 29.36, 29.94, 27.49, 29.77, null, 29.57, 28.83, 32.45, 30.84, 30.67, null, 29.29, 29.79, 32.09, 29.28, 31.74, 30.52, 30.53, 28.1, null, 30.02, 28.17, 30.15, 29.59, 30.42, null, 28.88, 30.22, 29.63, 29.7, 28.64, 30.03, null, 30.43]",295.45
hot_truck_transit,81,"[31.22, 23.95, 23.06, 22.62, 22.29, 22.92, 22.4, 23.37, 26.3, null, 26.27, 28.76, 27.93, 31.11, 30.18, 32.34, 29.68, 29.38, 29.47, 29.05, 28.01, 27.1, 25.11, 25.11, 25.28, 23.5, 21.81, 22.67, 20.89, 23.42, null, 24.9, 25.26, 27.13, 27.4, null, 29.61, 30.67, 29.88, 29.98, 29.07, 28.88, 29.23, 28.38, 27.68, 25.77, 25.43, 25.4, 23.84, 22.89, 22.69, 23.32, 22.6, 22.45, 23.09, 23.89, 24.83, 26.96, 28.72, 28.0, 28.43, 28.77, 31.57, 31.1, 29.64, 29.9, 30.28, 28.27, 28.05, 26.2, 25.05, null, 23.17, 22.43, 22.88, 22.52, 22.62, 23.62, 21.63, 24.29, 28.37]",278.53
power_outage,9,"[8.73, 13.68, 18.95, 23.86, 29.06, 3.33, 3.45, 3.37, 2.68]",718.78
mixed_chain,4,"[5.15, 24.74, 28.79, 27.37]",361.1
mixed_chain,50,"[5.55, 5.89, 5.1, 5.11, 5.77, 5.01, 4.96, 5.4, 5.68, 5.46, 4.33, 5.32, 5.08, 5.85, 4.76, 5.6, 5.38, 5.48, 5.69, 5.29, 5.41, 6.07, 5.77, 5.74, 28.08, 23.72, 22.37, 23.35, 23.63, 22.95, 23.75, 24.96, 25.14, 25.85, 27.52, 28.74, 30.04, 30.59, 30.51, 31.14, 32.31, 30.0, 30.54, 29.55, 28.48, 29.2, 28.79, 28.6, 30.31, 31.67]",291.49
mixed_chain,25,"[4.21, null, 4.02, 4.52, 3.64, 4.95, 5.15, 3.44, 28.39, 24.65, 22.88, 24.07, 23.73, 27.38, 27.7, 30.49, 29.37, 27.89, 30.56, 29.0, null, 30.14, 29.67, 29.71, 30.46]",317.02
market_display,42,"[27.33, null, 25.93, 27.2, 27.15, 26.01, 27.57, 25.44, 26.12, 29.04, 26.01, 27.25, 27.87, 29.59, 29.23, 28.19, 26.11, 26.26, 26.83, 30.33, 28.0, 27.34, 27.63, 29.04, 26.67, 27.49, 27.13, 26.54, 27.1, 27.82, 27.75, 29.08, 26.65, 27.69, null, 27.31, 25.56, null, 29.58, null, null, null]",312.65
market_display,7,"[26.18, 25.13, 26.07, 25.18, 24.5, 28.83, 27.3]",358.39
market_display,40,"[32.64, 32.54, 32.83, 29.6, 32.42, 31.08, 31.1, 30.11, 30.53, 28.33, 31.65, 30.73, 30.36, 32.58, 30.99, 29.87, 30.96, 33.03, 30.82, 31.95, 30.11, 31.57, 31.23, 30.98, 30.39, 30.64, 28.72, 29.04, 29.11, 29.15, 30.64, 30.37, 29.71, 32.42, 30.65, 32.04, 29.2, null, 32.15, 31.45]",289.08
mixed_chain,45,"[2.85, 2.74, 3.4, null, 2.74, 2.66, 3.01, 2.85, 3.21, 3.7, 2.66, 3.1, 2.85, 3.46, 3.48, 2.79, 3.59, 3.48, 3.08, 34.47, 27.02, 25.13, 24.21, 25.99, 25.42, 26.14, 27.67, 29.11, 33.7, 31.52, 33.39, 32.75, 30.46, 32.52, 31.79, 30.8, 32.45, 32.26, 32.55, 30.43, 29.12, 31.34, 31.41, 32.32, 28.5]",317.62
stable_cold,44,"[3.3, 3.44, null, 2.37, null, 3.97, 2.82, 3.57, 3.02, 3.18, 3.26, 3.93, 3.51, 3.43, null, 3.02, 3.7, null, 3.63, 3.21, 3.1, 2.93, 2.95, 2.91, 3.42, 3.18, 3.45, 3.47, 2.85, 2.84, 3.18, 2.97, 2.92, 3.95, 2.66, 4.08, 3.39, 3.67, 3.62, 3.52, 3.94, 2.84, 3.21, 2.93]",680.78
power_outage,74,"[5.64, 5.16, 5.61, 6.04, 5.0, 4.79, 5.07, 5.48, 5.52, 5.83, 5.14, 5.29, 4.93, 4.4, 5.14, 4.8, 5.34, 4.58, 4.93, 5.23, 5.26, 5.13, 5.71, 5.62, 4.94, 5.63, 5.68, 5.11, 5.16, 5.13, 4.95, 4.98, 5.54, 5.28, 4.98, 4.87, 4.92, 5.1, 5.42, 4.89, 5.42, 5.21, 5.19, 5.46, 5.4, 4.73, 4.82, 5.08, 5.26, 5.56, 5.17, 5.66, 4.94, 4.99, 5.06, 4.9, 5.5, 4.32, 5.0, 5.49, null, 5.47, 5.81, 5.17, 5.5, 5.87, 14.46, 23.51, 32.98, 5.5, 5.14, 5.0, 5.66, null]",603.22
power_outage,63,"[2.91, 2.89, 3.0, 3.27, 3.06, 2.9, 2.97, 3.43, 3.38, 3.18, 3.11, 3.76, 3.21, 3.12, 3.01, 3.17, 2.15, 3.38, 2.69, 2.85, 2.65, 2.85, 2.96, null, null, null, 3.1, 3.0, 3.3, 2.81, 2.78, 2.96, 3.06, 2.45, 3.39, 3.14, 3.31, 2.6, 2.87, 2.85, 3.01, 3.06, 3.33, 3.1, null, 3.72, 2.99, 2.79, 2.5, 3.09, 3.27, 10.03, null, 25.01, 31.76, 3.25, 2.99, 2.73, 3.35, 3.35, 2.72, 3.15, 3.13]",655.25
hot_truck_transit,10,"[28.75, 22.26, 23.16, 23.96, 21.8, 22.79, 23.39, 25.11, 26.48, 31.13]",322.66
market_display,17,"[31.5, 31.87, 32.75, 31.27, 32.63, 30.85, 32.25, 31.64, 31.57, 34.89, 31.59, 31.48, 30.28, 33.18, 31.34, 31.95, 30.98]",315.07
mixed_chain,34,"[5.35, 5.48, 5.42, 5.23, 5.71, 5.09, 4.63, 5.07, 5.05, 5.48, 5.6, 28.86, 22.43, 22.37, 23.72, 23.27, 25.07, 24.3, 25.48, 26.03, 29.84, 31.25, 30.0, 29.74, 30.53, 31.21, 28.04, 28.85, 29.89, 29.64, 28.91, 27.29, 29.3, 30.09]",312.8
stable_cold,85,"[null, null, 2.1, 2.4, 1.94, 1.88, null, 2.02, 2.24, 2.01, 2.68, 2.09, 2.05, null, 2.8, null, 2.36, 1.83, 1.95, 1.89, 2.93, 2.62, 2.06, 2.18, 2.07, 2.05, 2.59, 2.29, null, null, 2.93, 2.67, 2.23, 2.64, 2.26, 3.06, null, 2.51, 2.45, 3.1, 1.83, 3.14, 2.33, 1.84, 2.1, 1.74, 2.67, null, 2.47, 2.86, null, 2.3, null, 2.25, 3.43, 2.71, 2.3, 2.16, 2.39, 2.46, 2.24, 2.62, 2.02, 2.02, 2.55, 1.94, null, 2.4, 1.67, 2.45, 1.73, 2.68, 2.3, 3.14, 2.83, 1.98, 1.6, 2.1, 1.92, 3.13, 2.4, 2.78, 2.29, 2.33, 2.39]",652.51
market_display,78,"[null, 28.56, 27.55, 27.89, 28.53, 27.39, 25.2, 29.7, 28.13, 28.59, 28.47, 26.53, 27.44, 28.25, 28.03, 26.9, null, 28.95, 27.81, 29.47, 28.9, 28.73, 27.67, 28.06, 29.26, 26.53, 26.6, 27.78, 28.24, 28.15, 28.89, null, 28.29, 27.9, 29.24, 29.7, 27.91, 28.73, 27.96, 26.81, 26.26, 29.68, 29.22, 28.75, 29.46, 27.3, 29.33, 28.68, 27.75, null, 26.55, 30.33, null, 26.56, 25.87, 29.83, 28.17, 27.4, 26.78, 26.77, 29.83, 28.56, 26.11, 27.42, 30.16, 28.63, null, 27.48, 28.13, 29.4, null, 29.92, 28.58, 25.51, 28.91, 28.05, 27.66, 28.74]",275.16
power_outage,78,"[6.02, 5.79, 5.73, 5.71, 5.93, 5.39, 6.3, 5.64, 6.02, 5.88, 5.51, 6.25, 6.18, 5.39, null, 5.92, null, 5.22, 5.61, 5.46, 5.54, 5.46, 5.82, 5.59, 6.19, 5.91, 6.1, 5.35, 5.67, 5.9, 5.99, 5.66, 5.71, 5.74, 5.77, 6.51, 5.95, 5.87, 5.48, 5.49, 5.79, 6.2, 5.8, 5.81, 5.63, 5.34, 5.99, 5.78, null, 5.9, 5.57, 17.13, 27.88, 5.92, 5.84, 6.32, 5.6, 5.46, 5.73, 6.04, 5.02, 6.12, 5.79, 5.51, 5.75, 5.64, 5.49, 16.48, null, 5.69, 5.74, 6.11, 5.87, 5.39, 6.06, 6.3, 6.01, 5.6]",588.01
stable_cold,50,"[5.74, 5.67, 5.39, 6.33, 5.23, 5.82, null, 6.35, 5.29, 5.36, 5.26, 5.78, 5.1, 5.46, 4.79, 5.75, 5.45, 5.06, 6.09, 5.13, 5.97, 5.37, 6.29, 5.95, 5.25, 5.28, 5.89, 5.55, 5.58, 6.16, 5.35, 5.69, 6.03, 5.97, 5.59, 5.54, 4.96, 5.23, 5.78, 5.6, 5.68, 6.07, 5.18, 5.56, 5.73, 5.37, 6.22, 6.01, 5.77, 6.37]",604.74
mixed_chain,65,"[2.93, 1.66, 3.12, 3.38, 2.55, 2.62, 2.69, 3.17, 3.37, 3.29, 3.23, 2.91, 1.95, 2.68, null, 3.12, null, 2.01, 3.11, 2.41, 30.83, 22.39, 23.02, 21.63, 23.91, 24.14, 23.35, 24.76, 26.4, null, 26.61, 28.92, 30.39, 29.62, null, 35.82, null, 27.25, null, 30.21, 28.54, null, 30.1, 27.0, 28.77, 28.34, 30.39, 29.6, 27.87, 30.51, 28.68, 29.16, 28.94, 30.51, 25.56, 29.1, 31.18, 26.94, 27.29, 28.74, 29.97, 28.87, 28.2, 28.45, 28.02]",303.56
mixed_chain,28,"[2.62, 3.6, 2.9, 2.41, 3.82, 3.2, 2.51, 3.03, 3.33, 1.69, 2.99, 2.93, 2.94, 27.32, 21.01, 21.22, 20.93, 21.23, 21.08, 28.1, 32.23, 30.93, 31.45, 31.47, 30.57, 31.34, 31.15, 28.55]",332.72
power_outage,77,"[1.87, 2.32, 2.1, 2.04, 2.64, 2.22, 2.0, 1.93, 1.75, 2.09, 2.2, 8.94, 16.52, 24.18, 31.41, 2.12, 2.16, 2.07, 2.27, 1.93, 2.1, 1.81, 2.19, 2.13, 1.75, 2.06, 2.1, 2.19, null, 1.89, 2.34, 2.27, 1.89, 1.77, 1.91, 1.67, 2.17, 2.46, 2.54, 1.78, 2.35, 2.13, 1.39, 2.01, 1.98, 2.47, 1.85, 2.28, 2.08, 1.68, 1.94, 2.57, 2.06, 2.38, 2.36, null, 1.72, 1.76, 2.54, 2.15, 1.59, 9.77, 16.39, 24.09, 31.77, 2.87, null, 1.96, 2.12, 2.38, 2.54, 2.03, null, 1.86, 2.31, 2.42, 1.53]",673.05
mixed_chain,34,"[2.82, 2.63, 3.36, 3.28, 3.64, 2.71, 2.92, 2.8, 3.35, 2.81, 2.44, 2.15, 3.33, 30.57, 24.95, 24.74, 26.09, 26.31, 27.93, 26.84, 35.0, 29.21, 28.78, 30.36, 31.55, 29.9, 28.98, 30.87, 29.96, 30.89, 30.01, 30.0, 32.55, 28.85]",323.38
stable_cold,70,"[1.86, 2.63, 1.98, 2.36, 1.76, 2.01, 1.99, 2.62, 2.59, 2.38, 1.73, 2.14, 1.97, 2.61, 2.74, 2.69, null, 1.17, 1.56, 2.83, 2.1, 1.97, 2.92, 2.77, 2.28, 2.15, 2.21, 2.36, 2.91, 2.43, 2.56, 2.73, 1.8, 2.57, 2.15, 1.26, 1.41, 1.86, 2.48, 2.31, 2.34, null, 1.76, 2.25, 2.39, 1.97, 2.28, 1.63, 2.83, 1.99, 3.08, 2.25, 2.68, 2.24, 2.25, 2.03, 2.31, 2.39, 1.95, 2.22, 2.02, 3.19, 2.23, 2.88, 2.19, 2.37, 1.74, 2.09, 2.35, 2.9]",657.35
market_display,74,"[33.39, 32.17, 33.67, 33.93, 32.0, 32.49, 35.01, 32.74, 33.84, 33.5, 33.82, 33.7, 29.23, 31.87, 32.14, 32.86, 31.45, 32.37, null, 30.08, 35.73, 31.99, 34.03, 33.58, 32.01, 34.33, 31.43, 32.41, 33.24, 32.54, 32.32, 30.16, 33.43, 33.6, 31.93, 33.63, 32.81, 33.83, 33.44, 32.15, 35.02, 31.44, 28.87, 29.36, 33.04, 29.79, 31.74, 33.85, 29.49, 32.22, 32.41, 30.66, 32.81, 32.27, 33.24, 32.44, 31.92, 32.94, 34.03, 34.16, 33.22, 33.49, 31.72, 32.19, 33.07, 32.8, 33.24, 34.23, 32.37, 30.73, 31.44, 32.75, 32.06, 31.03]",255.18
power_outage,76,"[5.08, 4.91, 4.92, null, 4.75, 5.67, 4.93, 5.01, 4.58, null, 4.88, 5.05, 5.19, 4.89, 4.72, 4.22, 4.8, 4.71, 4.58, 5.36, 5.21, 4.37, 4.97, 4.67, null, 4.68, 4.76, 5.21, 5.17, 5.37, 4.85, 4.48, 5.2, null, 5.11, 4.7, 4.6, 5.08, 4.65, 4.83, 5.79, 5.56, 5.16, 4.72, 13.74, 23.21, 32.49, 4.77, 4.78, 4.95, 4.5, 4.51, 4.57, 5.08, 5.0, 5.26, 4.4, 4.46, 5.06, 4.66, 4.68, 5.22, 4.75, 4.79, 4.84, 4.86, 5.12, 4.56, 4.86, 5.27, 5.56, 4.51, 5.02, 4.86, 4.89, 4.68]",609.01
power_outage,14,"[12.75, 22.53, 32.95, 3.06, 3.49, 3.44, 3.15, 3.11, null, 3.46, 3.12, 3.32, 3.49, 2.97]",707.99
stable_cold,23,"[null, 4.17, 4.44, 4.64, 4.3, null, 4.29, 5.29, 4.9, 3.05, 4.27, 4.62, 4.17, 4.06, 4.14, 4.47, 3.78, 4.72, 4.22, 3.87, 4.69, null, 4.02]",678.39
stable_cold,54,"[2.19, 1.83, 1.78, 2.58, 1.57, 2.6, 2.11, 2.13, 1.49, 2.11, null, 1.64, 2.37, 2.21, 1.92, 2.51, 1.29, 2.31, 2.82, null, 2.33, 2.05, null, null, 2.39, 1.85, 2.48, 3.03, null, 1.63, 1.63, 2.48, 2.15, 2.52, 1.96, 2.5, 2.11, 1.88, 2.01, 1.69, 2.97, 2.13, 2.43, 1.96, 1.75, 2.08, 2.61, 1.96, 1.82, 2.23, 2.37, 2.83, 2.31, 2.43]",682.97
hot_truck_transit,80,"[null, null, 24.06, 25.34, 23.86, 24.97, 25.56, 26.38, 27.75, 26.71, 28.03, 29.8, 31.58, 32.21, 31.59, 32.56, 31.29, 30.57, 29.53, 29.65, 28.52, 28.57, null, 25.81, 24.98, 23.96, 22.48, 22.82, 24.53, 24.19, 23.88, 26.86, 28.09, 28.73, 29.14, 29.99, 30.57, 31.36, 32.13, 32.33, 31.99, 28.61, 31.51, 29.92, 27.71, 27.92, 26.97, 24.51, 24.42, 23.41, 23.12, 24.22, 23.4, 24.37, 25.52, 25.42, 27.35, 28.85, 29.47, 30.24, 31.27, 31.54, 32.31, 30.82, 31.57, null, 30.53, 31.76, 28.64, 26.34, 26.77, 26.43, 24.24, 24.27, 23.84, 23.71, null, 25.18, 26.67, 27.97]",279.56
market_display,35,"[31.58, 33.35, null, 30.8, 30.45, 35.03, 32.58, null, 35.7, 31.84, 33.4, 31.83, 33.73, 32.76, 31.88, 31.17, 31.92, 31.57, 30.66, 33.65, 34.11, 31.96, 30.27, 33.21, 32.96, 31.57, 32.7, 29.46, null, 32.59, null, 33.08, 32.88, null, 31.82]",289.95
hot_truck_transit,2,"[26.77, 26.97]",366.33
stable_cold,57,"[5.88, 5.7, 5.8, 5.83, 6.41, 7.19, 6.38, 5.67, 6.15, 6.16, 5.52, 5.39, 5.87, 6.22, 5.25, 5.61, 6.12, null, 6.46, 5.33, 6.83, 5.28, 5.08, 5.87, 5.44, 5.88, 5.86, 5.82, 5.56, 6.07, 5.77, 6.33, 5.82, 5.51, 5.22, 5.82, 5.39, 5.35, 6.1, 5.18, 6.46, 5.96, 5.88, 5.48, 6.2, 5.89, 5.62, 5.97, 5.22, 5.24, 5.45, 6.03, null, 6.31, 5.53, null, 5.85]",606.95
power_outage,55,"[5.42, null, 6.18, 5.77, 6.69, 6.2, 6.05, 6.36, 6.14, 5.96, 5.49, 6.11, 10.99, 15.06, 19.36, 24.25, 29.76, 5.93, 6.35, 5.92, 5.76, 6.55, 5.8, 5.83, 6.05, 5.82, 6.14, 6.04, null, 5.72, 5.41, 5.66, 5.69, 6.0, 13.44, 21.02, 28.89, 6.03, 6.12, 5.76, 5.79, 6.09, 5.96, 6.27, 5.86, 5.66, 6.24, 5.82, 5.67, 6.18, 6.34, null, 5.61, 6.37, null]",601.35
power_outage,71,"[null, 2.27, 1.85, 2.1, 2.29, 2.51, 2.49, 2.81, 2.37, null, 2.81, 2.73, 2.38, 2.53, 2.3, 2.09, 3.1, 2.28, 2.53, 1.99, null, 2.08, 2.94, null, 2.61, 2.48, 2.39, 2.43, 2.56, 2.47, 2.74, 2.17, 2.9, 2.31, 2.22, 2.55, 11.35, 19.47, 28.63, 1.79, 2.24, 2.25, 2.53, 2.2, 2.28, null, 3.06, null, null, 2.56, 1.92, 2.2, 1.53, 2.54, 2.12, 2.48, 3.21, 2.92, 2.21, 2.14, 2.83, null, 2.74, 3.26, 2.64, 2.8, 2.76, 2.27, 2.53, 2.15, null]",655.37
market_display,92,"[24.62, 26.97, 26.09, 28.12, 26.01, 24.14, 26.43, null, 27.18, 25.16, 27.54, 24.37, 27.73, 24.39, 25.09, 26.85, 28.61, 26.14, 24.35, 23.23, 27.18, 28.01, 27.35, 26.24, 25.12, 26.65, 26.46, 28.41, 26.66, 27.1, 25.89, 24.85, 25.99, 23.13, 26.01, 26.41, 25.36, 26.46, 27.32, 26.19, 25.92, 25.56, 25.73, 28.4, 25.08, 25.27, 27.17, null, 27.09, 24.91, 26.02, 27.15, 24.56, 26.92, 27.12, 25.72, 27.57, 25.83, 25.91, 26.89, 27.52, 22.64, 23.54, 24.49, 26.78, 26.3, 23.78, 28.36, 26.72, 25.73, 26.64, 25.66, 27.35, 27.66, 27.92, 26.62, 26.17, 27.28, 28.08, 25.72, 27.79, 25.38, 25.09, 26.48, 25.15, 23.76, 25.81, 28.94, 23.81, 27.08, 25.74, 25.2]",291.47
stable_cold,9,"[3.06, 2.37, null, 2.83, 2.03, 2.8, 2.68, 2.58, 3.28]",708.85
power_outage,49,"[4.49, 4.1, 3.77, null, 4.6, 4.89, 4.58, 4.53, 4.43, 4.27, 4.47, 4.15, 4.0, 4.22, 4.71, 3.95, 3.96, 4.5, 4.2, 4.47, 4.62, 4.46, 4.13, 4.71, 4.54, 4.33, 13.93, 23.66, 13.84, 23.06, 33.39, 4.53, 3.63, 4.47, 4.85, 3.98, 4.3, 4.27, 4.82, 4.66, 4.06, 4.42, 5.01, 4.13, 4.32, 4.47, 4.14, 4.85, 4.18]",645.6
market_display,86,"[32.38, 31.47, 31.03, 31.85, 32.74, 29.49, 31.33, 31.47, null, 32.9, 29.79, 33.06, 31.27, 29.52, null, 33.09, 32.0, 30.27, 33.35, 32.3, 31.14, 31.81, 30.4, 33.85, 30.03, 29.9, 31.68, 34.91, null, null, 31.53, 31.93, 32.82, 30.63, null, 30.62, 33.13, 32.98, 30.1, 31.91, 32.71, 29.54, 33.12, 31.37, null, 33.13, 32.81, 29.81, 32.32, 32.27, 28.83, 32.12, 30.96, 32.81, 30.42, 31.6, 30.81, null, 28.83, 32.73, 32.84, 31.54, 31.9, 30.57, 32.74, 31.75, 31.53, 33.22, null, 29.12, 31.98, 31.2, 30.09, 31.66, 31.89, 32.51, 30.13, 30.96, null, null, null, null, 32.07, 30.83, 30.96, 31.08]",244.61
stable_cold,8,"[5.4, 5.14, 6.02, 5.63, 6.51, 5.92, 6.0, 5.57]",661.36
market_display,39,"[null, 31.1, 28.91, 31.55, 31.43, 32.94, 30.66, 32.93, 31.43, 32.45, 32.61, 31.74, 32.01, 30.99, 33.12, 34.91, 29.93, 31.76, 31.34, 32.22, 29.75, 30.42, 33.75, 33.44, 29.76, 34.05, 30.79, 32.69, 31.55, 32.0, 31.87, 32.84, 31.09, 33.95, 33.04, 31.29, 31.77, 31.87, 31.24]",290.69
power_outage,27,"[11.3, 17.16, 22.81, null, 5.73, 5.19, 6.1, 5.42, 5.69, 5.24, 5.5, 5.51, 5.07, 5.06, 5.29, null, 4.8, 5.24, 5.74, 4.98, 17.12, 27.8, 5.08, 5.31, 5.91, 5.16, 4.83]",653.68
market_display,34,"[29.42, 29.84, 28.46, 28.02, 28.42, 28.77, 29.24, 30.19, 29.5, 31.14, 30.43, 29.31, 30.22, 29.56, 28.97, 29.75, 30.18, 30.88, 32.33, 31.21, 28.48, 27.77, 31.23, 29.53, 28.84, 31.64, 29.45, 29.55, 28.91, 27.24, 28.57, 28.92, 27.71, 29.78]",308.96
market_display,66,"[30.79, 31.11, 29.77, 31.01, 30.92, 30.48, 30.9, null, 30.74, 31.9, null, 32.43, 32.18, 30.95, 30.39, 31.79, 30.57, 29.32, 32.09, 30.47, 28.72, 31.11, 32.33, 30.5, 30.79, 31.8, 30.66, 31.08, 32.28, 32.02, 31.48, 29.2, 31.9, null, 31.79, 29.38, 32.33, null, 31.72, null, null, 31.67, 31.31, 29.74, 32.79, 32.52, 30.74, null, 32.41, 29.02, 31.84, null, 31.78, 30.0, 31.21, 29.16, 31.22, 31.2, 32.07, 30.63, 31.54, 30.73, 31.75, 31.67, 32.26, 29.8]",274.42
power_outage,44,"[5.66, 5.72, 5.7, 4.7, 5.74, null, 5.26, 5.55, 5.45, 4.68, 5.06, 5.13, 4.84, 5.54, null, 5.24, 5.33, 5.24, 5.27, 5.57, 4.71, 5.39, 5.24, 5.03, 5.09, null, 18.88, 26.24, 33.8, 4.86, 5.1, 5.25, 5.36, 5.22, 19.01, 33.44, 5.21, 5.43, 5.52, 4.79, null, 5.16, 5.49, 5.39]",624.99
stable_cold,18,"[3.09, 3.08, 3.57, null, 3.79, 3.82, 3.77, 3.74, 4.27, null, 3.62, 4.09, 4.15, 3.07, 3.52, 4.18, 3.84, 3.72]",690.1
hot_truck_transit,47,"[null, 19.82, 18.97, 19.47, 18.61, 20.02, null, 21.29, 22.49, 24.07, 23.85, 26.41, 27.37, null, 27.74, 28.82, null, 27.26, 25.5, 26.36, 24.87, 25.07, 23.2, 22.49, 20.35, 20.37, 18.24, 20.09, 20.75, 21.29, 20.53, 20.19, 22.18, 23.58, 25.0, 24.02, 26.39, 26.28, 28.66, 25.77, null, 26.98, 24.83, 26.98, null, 24.64, 25.08]",341.34
power_outage,85,"[5.13, 5.31, 4.51, 5.18, 4.37, 5.15, 4.67, 5.1, 5.3, 4.92, 4.85, 4.83, 4.72, 5.2, 4.83, 4.21, 5.13, 5.11, 4.88, 4.63, 4.52, 4.63, 4.92, 4.31, 4.99, 4.89, 5.25, 5.07, 4.65, 4.36, 4.62, 5.28, 4.95, 5.04, 4.67, 5.01, 4.41, 5.14, 4.52, 4.27, 14.05, 21.91, 30.41, 4.3, 5.05, 5.13, 4.8, 5.13, 5.21, 5.02, 4.21, 4.52, 5.37, 4.89, 4.89, 4.61, 4.67, 5.22, 5.31, 10.21, 15.24, 20.36, 25.26, 30.02, 4.44, 5.26, 4.85, 5.01, 4.93, 4.94, 4.97, 5.07, 4.63, 5.22, 4.64, 4.94, 4.51, 4.81, 4.67, 4.87, 5.08, 4.89, 5.45, 5.1, 4.8]",595.28
hot_truck_transit,5,"[27.49, 19.56, 20.4, 21.17, 25.39]",379.12
stable_cold,50,"[2.54, 2.71, 2.7, 2.34, 2.88, 2.04, 3.41, 3.02, 2.96, 2.01, 2.39, 3.26, 4.36, 3.18, 3.12, 2.91, 2.37, 3.1, 2.26, 2.22, 2.19, 3.09, null, 2.74, 2.7, 2.25, 2.44, 2.46, 2.14, 2.5, 2.27, 2.94, 2.97, 2.19, 2.59, null, 2.31, 2.87, 2.75, 3.14, 2.82, 2.53, 2.73, 2.74, 2.67, 2.18, 3.2, 3.13, 2.29, 2.58]",682.88
hot_truck_transit,35,"[33.59, 25.89, 24.67, 25.46, 24.48, 25.81, 25.48, null, 28.97, 29.51, 29.59, 31.09, 31.96, 32.97, 33.5, 33.49, 33.45, 32.64, 32.42, 30.8, 29.5, 30.79, 28.61, 28.76, 26.27, 27.78, 25.51, 26.23, 25.48, 25.98, 26.39, 26.92, 29.06, 29.31, 33.92]",277.9
stable_cold,74,"[6.09, 6.04, 6.57, null, 5.84, 6.54, 6.36, 6.02, null, 5.64, 5.54, null, 5.76, 6.6, 5.33, 5.5, 6.06, 6.17, 4.93, 5.27, 5.86, null, 6.72, null, 5.89, 5.63, 6.22, 6.57, 6.46, 5.95, 5.63, 5.97, 6.51, 5.8, 5.24, 5.82, 5.85, 5.23, 6.05, 6.16, 6.71, 5.43, 6.25, 6.35, null, 5.56, 5.54, 6.0, 6.0, 5.74, null, 5.8, 5.2, 5.87, 6.15, 6.1, 6.1, 6.56, 5.52, 5.79, 6.58, 5.18, 5.94, 6.45, 6.45, 6.23, 6.24, 5.55, 6.51, 5.48, 5.51, 6.12, 5.76, 6.04]",586.21
power_outage,74,"[5.71, 5.72, 5.92, 5.77, 17.15, 28.57, 5.45, 5.68, 5.9, 6.38, 6.16, 5.91, 6.03, 5.88, 6.23, 6.04, 6.29, 5.5, 5.67, 5.99, 6.06, 6.63, 5.37, 5.9, 5.88, 5.98, 6.43, 6.17, 5.43, 6.37, 6.36, 5.99, 5.42, 5.86, 6.05, 6.21, 12.88, 20.68, 28.73, 6.36, 6.04, 6.25, 6.04, 6.2, 5.95, 6.05, 5.54, 6.12, 5.53, 6.12, 5.78, 6.02, 5.62, 5.76, 6.02, 6.13, 6.24, 5.56, 5.46, 5.61, 5.59, 6.38, 6.31, 5.61, 6.42, 6.29, 5.42, 5.6, 5.41, 5.88, 5.91, 5.91, 5.3, 5.48]",593.41
hot_truck_transit,49,"[26.91, 18.76, 19.45, 18.98, 20.28, 18.68, 19.05, 21.04, 21.69, 21.84, 23.42, 25.36, 24.57, 25.35, 26.08, 26.23, 27.3, 25.82, 26.93, 23.96, 24.13, 22.77, 21.77, 18.83, 19.09, null, 17.36, 16.46, 17.95, 19.6, 20.35, 19.82, 21.6, 23.14, 24.89, 25.83, null, 25.83, 26.62, 26.86, 26.49, 25.16, 26.78, 25.14, 24.53, 23.33, 21.42, 19.6, 22.58]",364.08
power_outage,42,"[3.09, 3.22, 3.12, 3.52, 2.86, 3.14, 3.13, 2.92, 3.33, 3.07, 2.63, 3.21, 2.84, 15.82, 28.78, null, 3.31, 2.94, 2.92, 2.37, 2.77, 2.7, 3.08, 2.95, 2.71, 3.03, 2.97, null, 3.32, 3.29, 2.91, 3.09, 2.89, 2.5, 3.64, 3.21, 3.27, null, 3.32, null, 2.91, 3.21]",675.94
market_display,22,"[34.78, 32.02, 32.04, 30.27, 33.03, 33.17, 34.47, 32.51, 33.26, 34.16, 34.62, 33.41, 32.54, 34.4, 34.44, 30.88, 33.38, 34.13, 33.83, 32.64, 32.39, 34.61]",282.36
hot_truck_transit,20,"[30.91, 24.59, 23.27, 22.3, 23.66, 24.6, 24.48, 25.34, 26.34, 27.44, 28.68, 30.16, 30.94, 32.62, 32.78, 30.84, 31.21, 31.57, 28.92, 31.88]",306.8
stable_cold,18,"[4.36, 3.68, 3.83, 3.48, 3.41, 3.25, 3.47, 3.72, 3.66, 4.29, 3.53, 2.9, 4.15, 3.01, 3.27, 3.6, 3.66, 2.92]",707.27
power_outage,59,"[2.32, 2.55, 2.77, 2.54, 3.1, 2.51, 2.91, 2.8, 2.97, 3.1, 1.98, 2.59, 2.47, 2.54, 2.39, 11.48, 20.45, 29.95, 2.79, 2.36, null, 2.3, 2.21, 2.44, 2.61, 2.89, 2.15, 2.5, 2.86, 2.15, 2.89, 2.38, 2.72, null, 2.65, null, 2.47, 2.81, 2.59, null, 2.46, 2.45, 2.08, 2.65, 2.71, 2.75, 2.94, 2.79, 2.33, 2.39, 2.76, 2.62, 2.5, 2.25, 2.35, 2.68, 1.92, 1.81, 2.72]",669.29
stable_cold,61,"[5.54, 5.92, 5.34, 5.57, 4.77, 5.45, 5.33, 5.84, 5.13, 5.25, 5.77, 5.31, 4.91, 6.37, 4.92, 5.32, 5.49, 5.46, 5.27, 5.28, 5.26, 4.9, 6.21, 5.26, 5.59, 5.22, 5.21, 5.17, 4.73, 5.29, 5.19, 5.82, 4.87, 5.12, null, 5.93, 5.0, null, 5.74, null, 4.8, 4.81, 5.69, 4.85, 5.51, 5.4, 5.5, 5.54, 4.98, 4.96, 5.64, 5.1, 4.25, 5.61, 4.94, 5.54, 5.91, 5.36, 5.75, 5.41, 5.99]",601.34
market_display,71,"[30.95, 31.16, 31.73, 32.55, 34.57, 32.82, 33.75, 31.56, 31.92, 31.8, 32.37, 33.41, 32.21, 32.25, 33.31, 32.0, 31.68, 32.21, 34.8, 33.67, 34.89, 31.05, 33.08, 32.16, null, 30.76, 34.17, 30.66, 33.68, 32.14, 31.52, 31.46, 32.67, 32.17, 32.62, 30.23, 30.13, 30.43, 33.57, 34.35, 32.29, 33.5, 33.03, 34.01, 34.06, 31.13, 32.84, 33.64, 33.64, 33.53, 32.57, null, 30.91, 30.97, 34.42, 33.92, null, 32.43, 31.44, 32.39, 34.94, 31.6, 32.4, 34.07, 32.71, 32.15, 33.52, 32.04, 33.18, null, 30.51]",261.68
stable_cold,38,"[5.38, 5.79, 5.34, 4.6, null, 4.88, 5.29, 5.18, 5.89, 5.18, 4.87, 4.55, 5.48, 5.0, 4.4, 5.01, 4.61, 4.83, 5.01, 4.64, 4.81, 4.71, 4.72, 4.6, 4.81, 4.65, 5.24, 5.08, 5.48, 5.76, 5.27, 5.18, 5.3, 5.19, 5.02, 4.99, 4.59, 5.34]",636.5
stable_cold,12,"[5.48, 5.5, 6.34, 5.38, 5.39, 5.61, 5.83, 5.48, 5.03, 5.31, 6.17, 5.69]",655.09
stable_cold,58,"[3.71, 3.94, 2.64, 3.9, 3.74, 3.76, 4.06, 3.75, 3.32, 3.72, 3.81, 3.83, null, null, 3.35, 3.85, 4.3, 3.09, 3.85, 3.55, 3.63, 3.42, 3.71, 4.52, 3.28, 3.31, 3.26, 4.47, 3.6, 3.77, 3.62, 3.4, 3.69, 4.76, 4.34, 3.44, 4.04, 3.45, 3.07, 4.19, 4.25, 4.2, 3.59, 3.71, 4.08, 3.94, 3.62, 3.13, null, 4.21, 3.3, null, 3.91, 4.08, 4.13, 3.5, 3.13, 3.57]",653.01
power_outage,76,"[5.17, 5.58, 5.67, 6.05, 5.5, null, 5.21, 5.98, 5.68, 5.57, 6.3, 5.98, 5.35, 5.62, 6.48, 18.64, 30.71, 5.1, 6.06, 5.47, 6.05, 5.44, 5.8, 5.46, 5.55, 5.84, 5.26, 6.37, 5.35, 5.33, null, 6.04, 5.56, 5.34, 5.38, 5.35, 5.75, 5.64, 5.78, null, 5.9, 5.53, 5.44, 5.7, 5.64, 5.73, 5.44, null, 5.3, 5.52, 6.0, null, 5.97, 5.23, 5.18, 5.21, 5.69, 18.26, 30.82, 6.02, 5.92, 5.41, 5.4, 5.89, 6.08, 5.35, 6.05, 5.08, 5.77, 5.63, 5.6, 5.67, 5.4, 5.79, 5.68, 5.94]",583.93
stable_cold,38,"[6.6, 5.47, 6.16, 5.97, 6.13, 6.58, 6.12, 5.67, 6.34, 5.64, 5.96, 5.38, 5.48, 5.91, 6.04, 5.21, 6.09, 5.57, null, 5.75, 5.44, null, 5.53, 6.4, 5.89, 5.83, 6.13, 5.49, 5.38, null, 5.45, 5.45, 6.23, 6.1, 5.39, 5.65, 5.53, 6.6]",611.9
power_outage,68,"[3.65, 4.47, 3.95, 4.08, 3.54, 4.18, 3.82, 4.32, 3.73, 4.34, 4.22, 3.8, 4.36, null, 4.09, 3.64, 4.18, 3.96, 3.95, 3.96, 3.93, 3.68, 3.48, 3.42, 4.03, 3.21, 4.16, 4.09, 3.85, 4.25, 3.86, 4.06, 8.96, 14.48, 20.69, 26.5, 11.23, 17.91, 25.04, 32.22, 3.9, 4.11, 3.6, 3.44, 3.78, 4.17, 3.72, 4.13, 3.63, 3.76, 4.01, 3.74, 3.79, 3.16, 4.19, 3.9, 3.65, 4.49, 3.7, 3.78, 3.65, 4.27, 4.37, 4.34, 4.34, 3.76, 4.44, 3.88]",631.71
market_display,56,"[29.62, 30.21, 31.55, 30.38, null, 28.27, 30.67, 28.59, 28.51, 29.46, 28.72, 31.11, null, 31.95, 28.39, 28.27, 28.06, 28.12, 29.93, 27.45, 27.86, 29.68, 26.46, 27.29, 29.0, 29.55, null, 29.58, 28.03, 30.88, 30.15, 28.08, 28.83, 26.7, 30.18, 27.53, 28.41, null, 27.41, 28.06, 29.51, 28.46, 30.11, 29.95, null, 28.52, 28.52, null, 30.83, 29.29, null, 28.27, 28.51, 29.57, 31.22, 30.01]",286.18
market_display,48,"[29.63, 28.63, 28.14, 28.6, 31.47, 30.17, 30.51, 30.81, 29.63, 29.14, 32.29, 30.5, 27.87, null, 30.77, 28.81, 29.71, 27.24, 29.31, 30.96, 29.22, 28.46, 29.57, 29.91, 29.44, 27.97, 30.34, 29.18, 30.08, 28.69, 31.36, 30.72, 29.43, 30.23, 31.83, 31.28, 31.68, 30.59, 29.22, 30.57, 31.91, null, 28.87, null, 30.78, 30.07, 30.78, 29.12]",299.56
market_display,30,"[31.28, 28.59, 30.07, 28.58, 29.54, 31.24, 30.1, 30.33, 27.35, 29.0, 29.22, 28.56, 30.85, 30.72, 31.63, 32.19, 32.31, 31.09, 30.89, 31.0, 29.45, 30.99, 30.05, 29.19, 28.51, 27.76, 30.36, 29.85, 29.76, 29.28]",316.56
market_display,92,"[28.6, 33.24, 32.68, 32.38, 30.22, 30.86, 31.07, 33.34, 32.5, 31.07, 32.0, 30.2, 29.63, 31.21, 29.93, 29.27, 31.34, 30.98, 30.09, 30.82, 31.75, 31.03, 31.46, 31.09, 33.37, 32.89, 31.44, 30.31, 30.62, 29.75, 30.34, 32.1, 30.58, 31.09, 32.71, 31.96, 31.38, 31.16, 31.06, 32.41, 31.65, 30.99, 29.77, 31.88, 31.71, 29.4, 31.11, 31.7, 30.98, 33.47, 33.13, 29.78, 31.0, 32.46, 31.2, 32.18, 30.52, 29.41, 32.13, 30.9, 34.39, 32.42, 30.02, 32.1, 31.21, 31.93, 30.43, 31.67, 32.57, 32.28, 32.61, 35.04, 30.74, 33.46, 31.65, 30.83, 31.29, 32.38, 30.85, 28.94, 32.3, 31.57, 30.67, 29.78, 31.78, 32.85, 30.22, 31.63, 33.95, 32.44, 31.3, 31.18]",238.14
mixed_chain,87,"[4.17, 3.52, 4.0, 3.47, 4.34, 4.17, 4.46, 3.63, 4.12, 4.14, 4.89, 4.0, 3.86, 4.1, 4.74, 4.43, 4.34, 3.99, 3.99, 4.68, 3.91, 3.88, 3.41, 3.46, null, 3.27, 4.73, 3.98, 4.23, 4.51, null, 4.32, 3.67, 3.83, 4.26, 4.25, 4.23, 4.67, 4.05, 4.73, 4.11, 4.32, 27.66, 25.14, 24.71, null, null, 26.48, 24.33, 25.58, null, 28.49, 28.93, 29.58, 30.94, 30.8, null, null, 31.37, null, 30.28, 30.09, 29.73, 28.57, 31.6, 26.34, 28.67, 27.12, 28.17, 25.27, 24.51, 27.99, 26.82, 28.6, 27.75, 27.68, 26.95, null, 25.19, null, 25.77, 26.39, 26.28, 26.42, 23.85, 26.64, 28.24]",290.76
power_outage,68,"[3.65, 7.99, 13.51, 18.36, 23.0, 27.88, 3.7, 4.06, 3.7, 3.81, 3.33, 3.45, 3.76, 3.17, 3.64, 3.72, 3.57, 3.67, 3.59, 3.39, 3.22, 3.55, 3.97, 3.88, 3.47, 3.47, 3.44, 3.45, 3.66, 3.89, 4.26, 3.33, 3.77, 3.74, 3.48, 3.27, 3.66, 4.21, 3.66, 3.34, 3.53, 3.23, 11.75, 20.12, null, 2.6, 3.66, 3.43, 3.35, 3.35, 3.7, 3.45, 3.86, 3.86, 3.5, 3.42, 3.62, 3.53, 3.05, 4.15, 3.79, 3.44, 3.0, 3.52, 3.4, 3.56, 2.93, 3.44]",641.34
mixed_chain,68,"[4.96, 5.33, 5.13, 5.91, 5.95, 6.56, 5.58, 5.52, 5.98, 5.47, null, 6.25, 6.19, 6.3, 5.36, 6.1, 5.88, null, 6.17, 5.88, 30.79, 25.05, null, 25.38, 24.46, 25.5, null, 26.37, 28.15, 28.85, 29.56, 31.44, 30.65, 31.28, 32.73, 31.93, 33.72, 32.02, 30.54, 30.7, null, 28.12, 27.29, 27.27, 27.12, 28.9, null, 28.49, 28.8, null, 29.02, 28.63, 28.82, 29.23, 27.09, 28.81, 26.51, 29.88, null, 27.81, 28.89, 29.48, 30.38, null, 27.66, 29.07, 30.09, 28.6]",294.23
stable_cold,81,"[4.44, 4.35, 4.51, 4.45, 4.69, 3.99, 3.53, 4.33, null, 4.69, 4.57, 4.84, 4.31, 4.15, 3.51, 4.18, 3.84, 4.15, 4.08, 4.25, 4.02, 4.43, null, 4.14, 4.54, 4.81, 4.35, null, 4.13, 4.06, 4.27, 4.06, null, 3.85, null, 4.27, 4.07, 3.92, 3.83, 4.26, 4.37, 3.61, 3.55, 4.44, 3.51, 4.28, 4.71, 4.71, 4.36, 4.34, 4.96, 3.13, 3.87, 4.4, 3.93, 4.56, 4.04, 4.11, 3.95, 3.85, 3.84, 4.17, 3.75, null, 4.32, 4.5, 3.61, 3.38, 4.06, 5.22, 4.57, 3.84, 4.23, 4.35, 3.51, 4.61, 3.99, 4.02, 4.07, 4.52, 3.76]",625.21
hot_truck_transit,83,"[30.73, null, 21.56, 21.15, 21.59, 21.54, null, 23.46, 23.92, 25.66, null, 27.14, 29.73, 28.42, 29.57, 31.59, 29.89, 28.88, 27.06, 27.96, 26.24, 26.27, 24.25, 24.04, 24.15, 22.9, 20.9, 21.89, 22.73, 21.14, 24.34, 23.93, 25.25, 25.55, 26.89, 27.11, 29.89, 30.72, 31.4, 28.41, 29.95, 29.63, 28.09, 28.12, 25.71, 27.0, 23.56, 24.02, 23.63, 21.88, 23.06, 20.36, 21.93, 21.01, 22.38, 23.43, 24.34, 26.84, 25.92, 26.58, 28.31, 29.38, 30.09, 30.75, 27.97, 30.64, 28.0, 27.6, null, 24.09, 24.44, 24.62, 23.5, 21.96, 22.13, 22.19, 21.75, 22.75, 22.35, 23.07, 24.55, 23.89, 33.11]",246.54
mixed_chain,91,"[4.84, 5.33, 4.6, null, 4.55, 4.04, 5.01, null, null, 4.27, 3.96, 3.66, 4.98, null, 4.78, 4.22, 4.16, 4.45, 4.99, 4.52, 4.04, 4.27, 4.71, 5.11, 4.88, 4.29, 4.62, null, 4.61, null, 4.36, 3.34, 4.75, null, 5.22, 4.61, 4.28, 4.55, 4.69, 5.13, 4.78, 3.96, 4.96, 3.87, 33.4, 25.65, 25.31, 25.83, 24.76, 26.24, 26.13, 27.27, 27.01, 30.03, null, 31.64, 32.9, 32.41, 32.84, 31.74, 33.18, 33.73, 31.96, 30.51, 30.92, 28.03, 27.65, 26.64, 27.06, 25.89, null, 24.77, 25.45, 25.87, 26.47, 26.64, null, 33.36, 33.38, 34.77, 31.08, 31.15, 30.25, null, 30.43, 33.5, 32.18, 31.52, 30.61, 30.39, 31.29]",263.76
hot_truck_transit,78,"[25.86, 20.24, 19.92, 20.89, 19.09, 20.83, 20.65, 20.53, 23.04, 23.22, 24.11, 28.22, 27.4, 28.06, 27.96, 27.18, 27.87, 27.32, 25.43, 27.57, 25.1, 23.47, 23.2, 21.04, 20.56, 21.9, null, 20.13, 20.36, 20.54, 20.88, 23.95, null, 23.42, 25.57, 25.11, 27.79, 27.44, 28.11, 28.38, 27.73, 28.34, 27.49, 26.55, 23.96, 23.86, 23.02, 23.53, 20.18, 20.17, 21.14, 19.39, 19.75, 22.01, 21.6, 22.83, 23.68, 24.23, 25.25, 26.85, 26.29, 28.99, 27.58, 28.96, 28.41, 27.17, 27.35, 26.24, 23.76, 24.07, 22.11, 22.55, 21.2, 21.38, 19.72, 19.1, 19.42, 26.33]",301.08
market_display,73,"[32.48, 31.2, 29.84, 30.61, 32.77, 29.98, 31.66, 32.05, 31.77, 32.15, 31.0, 30.92, 33.22, 33.4, 32.77, 31.7, 30.35, null, 30.88, 32.36, 31.51, 31.74, 31.0, 28.04, null, 30.96, 32.2, 30.63, 32.98, 30.4, 30.95, 31.06, 29.23, null, 32.03, 31.54, null, 29.97, 28.97, 29.61, 31.14, 32.48, 31.25, 30.45, 32.83, 30.9, 29.39, 32.24, 31.81, null, 32.98, 30.91, 31.37, null, 30.19, 30.47, 31.87, 30.23, 30.92, null, 30.97, 30.12, 30.79, null, 30.99, 31.0, 31.13, null, 33.21, 29.05, 30.59, 29.94, 31.41]",256.22
mixed_chain,69,"[3.83, 4.82, 4.49, null, 4.96, 4.39, null, 4.79, 4.69, 4.61, 4.47, 3.92, 3.94, null, 3.58, 4.48, 4.34, 4.39, 5.0, null, 4.43, 3.92, 4.88, null, 5.13, 3.98, 4.5, 4.58, 4.72, 3.94, 3.9, 4.18, 4.65, 24.52, 20.48, 20.04, 20.47, 21.13, 20.07, 20.8, 22.24, 23.24, 24.87, 25.11, 25.84, 28.23, 27.73, 28.44, 26.74, 27.76, 28.37, 26.92, 25.95, 23.53, 29.29, 26.85, 27.41, 26.45, 26.44, 26.91, 27.44, 27.77, 27.69, 26.44, 27.09, 25.32, 27.15, null, 25.02]",332.72
power_outage,29,"[2.67, 2.77, 2.7, 2.74, 3.49, 3.09, 3.59, 3.05, 3.16, 2.72, 2.93, 2.96, 3.17, 2.97, 3.09, 3.08, 2.89, 2.86, 2.78, 13.32, 22.92, 33.13, 10.45, 18.33, 24.92, 33.12, null, 3.1, 2.94]",690.73
stable_cold,87,"[4.12, 4.22, 4.91, 4.07, 4.08, 4.62, 4.67, 4.76, 4.44, 4.98, 4.27, 4.86, 4.7, 4.85, 5.08, 4.43, null, 3.94, 3.8, 4.54, 4.57, 4.18, 4.26, 5.22, 4.96, 4.11, 4.44, 4.77, 4.36, null, 4.48, 5.05, 5.08, 4.32, 4.8, null, 4.21, 4.49, 4.11, 5.08, 5.23, 4.45, 4.35, 5.03, 5.1, 4.17, 4.55, 4.59, 4.3, 4.77, 4.33, 4.4, 4.57, 4.02, 3.79, 4.98, 4.32, 5.47, 5.4, 4.41, null, 4.99, 4.35, 3.58, 4.89, 4.62, 4.78, 4.52, null, 4.44, 4.89, 4.47, 4.47, 4.0, 4.65, 4.17, 4.98, 4.32, 4.49, 5.48, 4.49, 4.44, 4.85, 3.9, null, 5.01, 4.82]",598.41
market_display,83,"[27.6, 28.65, 30.84, 27.52, 26.52, 28.18, 27.66, 26.41, 29.12, 27.05, 26.92, 29.61, 30.31, 31.73, 26.76, 29.1, 26.95, 28.72, 28.44, 26.06, 29.26, 28.63, 29.36, 27.12, 31.17, 28.95, 29.03, 30.29, 28.61, 27.56, 29.94, 28.45, 29.79, 28.49, 31.24, 28.56, 27.86, 29.02, 28.05, 27.57, 30.23, 27.08, 29.85, 30.53, 28.2, 28.93, 27.61, 29.98, 27.06, 29.8, 28.61, 27.59, 27.77, 29.19, 27.17, 29.26, 28.81, 28.13, 29.19, 27.64, 28.27, 28.14, 27.08, 28.2, 26.72, 27.93, 26.52, 27.37, 27.49, 29.1, 27.45, 27.1, 28.14, 30.88, 26.61, 29.44, 29.02, 31.11, 28.96, 28.66, 28.65, 28.56, 29.45]",264.55
mixed_chain,53,"[4.3, 3.44, 3.53, 4.0, 4.48, 3.77, 3.37, 4.01, 3.78, 4.72, null, 3.5, 3.73, 3.51, 4.06, 3.81, 4.31, 4.93, 29.21, 25.68, 25.18, 25.05, 24.65, 24.87, 26.52, 27.48, 29.03, 29.46, null, null, 32.22, 32.07, 32.69, 32.61, 33.13, 30.23, 31.43, 31.57, 30.56, 32.14, 33.44, 30.77, 30.61, 31.01, null, 30.27, 30.42, 30.97, 30.2, 30.28, 31.67, 30.17, null]",286.94
hot_truck_transit,87,"[32.63, 24.77, 25.24, 26.69, 26.14, 26.62, 25.47, 28.03, 28.91, 29.4, 29.68, 31.93, 31.44, 33.14, 32.71, null, 32.69, 34.19, 31.05, 31.94, 30.86, 29.0, 27.67, 26.15, 27.35, 24.74, 23.06, 25.4, 24.21, null, 25.25, 26.69, null, null, 31.26, 31.15, null, null, 33.75, 32.25, 32.66, 32.61, 31.25, 32.27, 30.44, 28.17, 28.44, 28.2, 25.75, 26.78, 25.49, 25.31, 26.25, 25.85, 26.64, 27.23, 26.71, 29.48, 30.39, 30.85, 29.94, 33.11, 32.33, null, 32.04, 31.05, 32.35, 33.04, 29.72, 29.81, 28.04, null, 26.27, 26.31, 24.32, 25.23, null, 26.25, 26.58, 27.23, 27.83, 28.87, null, 31.55, 33.07, 32.85, 36.72]",216.27
mixed_chain,92,"[5.0, 5.22, 5.37, 4.56, 4.94, 4.92, 4.9, 5.21, null, null, 4.54, 5.06, 4.51, null, 5.59, 5.54, 4.42, 4.49, 5.11, null, 5.44, 5.24, 5.14, 4.52, 5.26, 5.17, 4.92, 4.35, 5.54, 4.48, 4.34, 5.13, 5.35, 4.64, null, 25.96, 25.06, 24.51, 24.61, 24.97, 25.99, 26.31, null, 28.18, 29.58, 30.6, null, 32.58, 34.89, 33.67, 33.46, 33.2, 31.91, 29.41, 30.14, 28.43, 27.21, 25.48, 24.74, 28.94, 27.93, 27.38, 28.5, 28.75, 28.54, 28.59, 28.82, 25.74, 28.34, 27.21, 30.1, null, 28.24, 27.66, 25.3, 26.51, 27.32, 28.34, 27.43, 29.66, 27.19, 30.67, 26.41, 28.75, 27.76, null, 27.82, 26.93, null, 26.99, 28.15, 28.37]",279.53
market_display,84,"[null, 30.84, 28.27, 27.55, 28.76, 29.08, 29.3, 27.15, 28.11, 30.45, 29.73, 28.16, 30.15, 30.17, 31.66, 28.73, 28.19, 28.82, 30.11, 27.49, 29.0, 29.04, 30.59, 28.35, 28.82, 29.62, 28.26, 28.04, 31.24, 29.66, 30.45, 29.87, 28.85, null, 28.32, 28.11, 28.12, 28.06, 29.93, 27.84, 30.67, 29.9, 29.8, 29.28, null, 28.49, 27.98, 28.46, 27.42, 29.54, 27.8, null, 29.81, 29.31, 28.39, 27.98, 28.12, null, 28.98, 28.86, 31.28, 31.22, 30.83, null, null, null, 28.7, 29.04, 29.51, 29.84, 26.86, null, 30.14, 28.31, 30.06, null, 29.04, 28.82, 28.13, 27.49, 32.27, 29.75, 29.16, 31.17]",251.02
power_outage,53,"[2.62, 2.53, null, 2.02, 2.37, 1.92, 2.09, 2.68, 17.61, 32.82, 2.26, 2.12, 1.5, 1.77, 2.33, 1.87, 2.12, 1.78, 1.93, null, 2.43, 2.49, 1.93, 2.24, 1.72, 2.17, 2.43, 12.33, 22.95, null, 2.22, 2.07, 1.99, 1.71, 1.76, 2.45, 2.6, 1.82, 2.17, 1.68, 1.86, 2.23, 1.99, 1.57, 2.66, 2.13, 1.82, 2.19, 2.12, 2.28, 2.05, 2.24, 2.43]",679.61
market_display,87,"[29.81, 28.37, 28.75, 28.24, 28.37, 29.01, 30.36, 32.71, 29.43, 29.91, 26.36, 28.73, 31.09, 29.37, null, 32.74, 30.68, 30.18, 29.18, 29.58, 31.82, 31.94, 28.61, 27.31, 29.32, 30.17, 31.42, 29.13, null, 30.59, 28.15, 28.97, 29.26, 29.17, 30.79, 29.9, 28.61, 28.97, 32.61, 27.52, 27.0, 27.77, 29.62, 30.62, null, 28.58, null, 27.18, 31.18, 29.01, 29.52, 30.28, 30.92, 28.99, null, 29.23, 29.1, 28.59, 27.74, 29.72, 30.85, null, 28.35, 31.37, 27.94, 29.44, 30.51, 29.92, 30.95, 28.03, 29.04, 29.01, 30.62, 28.98, 29.54, 28.95, 29.69, 28.36, 27.91, 28.66, null, 29.01, 30.19, 27.65, 28.76, 31.86, 27.1]",274.76
stable_cold,28,"[null, 2.88, 3.1, null, 2.83, 3.16, 3.63, 3.09, 3.48, 3.28, 3.46, 2.78, 2.94, 2.95, 3.25, 3.34, 3.08, 3.38, 2.8, 3.38, 3.43, 3.3, 3.08, 3.31, 2.67, 3.11, 3.15, 2.5]",706.55
market_display,3,"[31.3, 31.08, 30.03]",337.52
hot_truck_transit,26,"[29.96, 21.77, 22.32, 22.53, 23.81, 24.45, 23.49, 23.54, 25.5, 26.57, 28.41, 28.07, 28.47, 29.88, 30.02, 30.13, null, 28.89, null, 28.64, 26.82, 27.08, 23.92, 24.1, 23.77, 29.48]",321.18
market_display,59,"[29.99, 31.4, 32.07, 31.92, 31.0, 32.03, 33.22, 32.02, 31.98, 30.9, 31.74, 33.38, 31.48, 31.17, null, 31.36, null, 31.82, 32.19, 32.58, 33.1, 32.85, 33.33, 31.28, 30.13, 31.39, 35.03, null, 29.34, 34.78, null, 30.59, 30.19, 31.77, 32.5, 32.41, 32.68, 29.81, 30.19, 31.59, 32.96, 31.08, 28.85, 32.62, 28.27, 31.0, 32.54, 32.5, 29.61, 32.68, null, 32.39, 31.31, 32.16, 30.72, 32.89, null, 31.09, 32.54]",261.76
stable_cold,19,"[3.02, 2.91, 3.58, 2.76, 2.84, 2.87, 2.44, 3.09, 2.66, 2.74, 2.68, 2.73, 2.63, 3.06, 2.9, 2.98, 3.91, 2.9, 3.21]",700.38
power_outage,34,"[3.6, 3.62, 3.29, 3.15, 15.91, 28.64, 3.47, 2.87, 3.09, 3.05, 2.62, 3.39, 3.45, 2.94, 3.44, 2.66, 3.14, 3.1, 3.16, 3.16, null, 3.02, 3.1, 3.54, 2.96, 3.81, 2.94, 3.21, 3.31, 3.05, 3.55, null, 3.07, 3.55]",676.68
mixed_chain,21,"[4.2, 3.17, 3.01, 2.57, 2.95, 3.54, 2.63, 2.78, 29.9, 25.39, 23.27, 25.47, 27.25, 26.8, 23.44, 26.38, 26.27, 28.23, 28.8, null, 26.18]",358.73
market_display,25,"[28.65, 28.22, 28.19, 26.81, 25.52, 26.37, 29.96, 27.04, null, 27.97, 27.29, 26.24, 26.48, 27.16, 27.16, null, 26.51, 26.55, 28.37, 29.6, 27.42, 27.85, 27.14, 27.24, 27.07]",342.14
stable_cold,47,"[4.36, null, 4.82, 4.37, 5.24, 4.22, 4.58, 3.91, 4.76, 3.91, 4.38, null, 4.38, 4.1, 3.88, 4.09, 4.81, 4.38, 3.68, 4.63, 3.84, 4.49, null, 4.44, 4.94, 3.86, 4.44, 4.7, 3.94, 3.9, 4.08, 4.33, 3.63, 4.42, 3.63, 4.71, 4.4, 4.96, 4.46, 4.07, 3.88, 4.29, 4.18, null, 3.82, 5.0, null]",640.7
power_outage,81,"[3.89, null, 3.88, 4.47, null, 4.35, 4.25, null, 4.32, 4.63, 4.26, 4.54, 4.47, 4.57, 5.06, 4.63, 4.72, 4.38, 4.64, 4.49, null, null, null, 4.45, 4.42, null, 4.62, 4.46, 5.02, 5.37, 4.4, 4.66, 4.88, 4.49, 4.27, 5.09, 4.78, 4.67, 5.01, 4.8, 4.56, 4.28, 4.42, 4.93, 4.78, 4.51, 5.1, 18.3, 32.43, 4.64, 5.15, 4.8, 4.58, 4.52, 4.57, 4.35, 4.16, 4.66, null, 4.41, 4.54, 4.59, 4.57, 5.09, null, 5.2, 4.44, 4.81, 4.46, 4.4, 5.21, 4.34, 3.9, 4.36, 3.97, 4.29, 4.31, 4.58, 3.96, 4.93, 4.01]",617.8
power_outage,89,"[2.73, 10.14, 17.72, 25.54, 33.01, 2.26, 3.35, null, 3.21, 2.63, 2.89, 3.13, 3.09, 2.76, 2.99, 3.04, 2.8, 2.51, null, 2.73, 2.85, 3.32, 3.11, 2.59, 3.39, null, 3.04, 2.56, 2.7, 3.15, 2.58, 2.86, 2.98, 2.53, 2.31, 3.11, 3.7, 2.98, 3.03, 2.57, 3.28, 2.73, 3.19, 3.02, 3.03, 3.02, 3.01, null, 3.13, 2.62, null, 3.28, 2.89, 2.74, 3.15, 3.09, 2.45, 3.06, 2.88, 3.05, 2.84, 2.98, 2.29, 2.57, 3.06, 3.63, 2.95, 2.63, null, 2.57, 3.21, 2.85, 3.16, 2.79, 3.18, 2.35, null, 3.0, 2.76, null, 2.94, 3.15, 3.03, 2.96, 3.1, 2.43, 2.61, 2.42, null]",632.01
stable_cold,94,"[3.38, 4.36, 3.67, 4.32, 3.57, null, 4.01, 4.67, 3.97, 3.76, 4.33, 4.1, 4.5, 3.78, 4.27, 5.18, 4.09, 4.26, 3.52, 3.85, 4.37, null, null, 4.36, 3.66, 4.59, 3.69, 3.88, null, 4.81, 3.79, 4.25, 4.25, 4.45, 4.66, 4.03, 4.59, 4.72, 4.9, 4.39, 4.25, 4.0, 3.6, 4.08, 4.23, 4.14, 4.43, 3.61, 4.12, 4.99, 4.59, 4.43, 4.34, 4.04, 3.49, null, 3.21, 4.06, 4.19, 4.01, 5.06, 4.92, 4.6, 3.82, 4.96, 4.44, 3.81, 4.2, 4.57, 3.95, 4.24, 4.31, 3.75, 4.08, 3.78, 4.54, 3.82, 4.3, 3.63, 3.73, 3.72, 4.07, 4.26, 4.33, 3.48, 4.12, 3.89, 4.4, 4.08, null, 3.89, 4.88, null, 4.03]",607.03
power_outage,27,"[4.49, 4.46, 4.2, 9.23, 14.32, null, 24.26, 28.92, 4.38, 4.68, 4.95, 4.11, 4.78, 4.35, 3.96, 3.9, 4.85, 4.88, 4.28, 4.38, 12.12, 21.1, 29.08, 3.98, 4.51, 4.03, 4.61]",657.66
hot_truck_transit,51,"[25.62, 23.41, null, null, 22.44, 25.46, 22.71, 25.31, 24.96, 25.44, 27.15, null, null, 29.48, 29.59, null, 30.6, 29.43, 29.93, 28.07, 27.51, 24.86, 25.63, 26.4, 24.41, 23.0, 21.81, 23.91, 22.61, 22.6, 23.25, 26.26, 25.47, 26.96, 27.47, 28.55, null, 31.2, 30.5, 29.47, 30.78, 29.97, 29.73, 28.33, 27.2, null, 27.05, 23.11, 23.84, 22.7, 24.89]",335.77
stable_cold,58,"[null, 2.4, 3.11, 2.79, 2.76, 2.01, 3.18, 2.18, 3.2, 3.31, 2.71, null, 1.27, 2.43, 2.94, 2.87, 2.02, 2.39, 1.49, 2.67, 1.75, 2.96, 2.98, 2.31, 2.71, 2.42, 2.6, 2.04, null, 1.85, 1.77, 2.45, 2.42, 2.61, 2.24, 3.26, 2.57, 2.6, 2.58, 2.9, 2.73, 2.68, 2.8, 1.77, 1.79, 2.47, 2.42, 2.74, 2.51, 2.74, 2.01, 2.5, null, 2.66, 1.75, 2.64, 1.92, 2.35]",680.14
market_display,23,"[28.68, 27.57, 27.67, 27.86, 28.65, 28.86, 26.13, 27.15, 26.23, 27.68, 27.0, 27.09, 27.2, 27.14, 30.5, 25.15, null, 25.67, 27.67, 25.77, 27.39, 26.59, 28.76]",329.54
power_outage,29,"[3.8, 3.83, 4.21, 3.97, 10.92, 17.78, 25.84, 32.33, 3.87, 4.56, 3.73, 3.83, 3.98, 3.43, 3.4, 3.77, 3.78, 3.95, null, 4.04, 3.27, 3.89, 4.02, 4.01, 3.86, null, null, 4.28, 3.73]",675.83
hot_truck_transit,61,"[27.07, 22.26, 20.24, 19.08, 23.03, null, 22.13, 21.83, 23.92, 25.48, 26.55, 26.35, 27.79, 29.08, 29.37, 29.42, 29.79, 28.69, 29.26, 27.08, 26.91, 25.9, 22.97, 23.67, 21.98, 21.05, 21.11, 21.45, 20.2, 21.87, null, 24.15, 23.78, 26.27, 26.66, 27.29, 29.16, 30.32, null, 28.73, 29.52, 27.64, 27.1, 28.36, 26.81, null, 26.79, 22.21, 22.98, null, 22.88, 20.89, 21.23, 20.41, 24.15, null, 24.67, 25.32, 25.91, 25.53, 31.64]",275.38
hot_truck_transit,9,"[26.71, 20.58, 20.75, 20.36, 19.67, null, 21.66, 22.75, 28.57]",345.81
hot_truck_transit,91,"[26.83, 18.94, 18.4, 17.87, 18.41, 18.64, 18.73, 20.89, 22.41, 22.32, 23.18, 24.79, 25.16, 26.56, 26.13, 26.65, 27.43, 26.66, 24.88, 25.05, 22.36, 22.02, 21.81, 21.41, 18.75, 18.7, 18.32, 18.11, 17.35, 19.12, 18.33, 21.09, 22.23, 21.67, 22.2, 24.16, 24.59, 25.48, 26.12, 25.44, 27.37, 25.13, 25.76, 23.47, 23.27, 22.54, 21.26, 19.98, 18.96, 18.39, 17.78, 18.45, 19.78, 19.01, 19.83, 21.05, 20.79, 20.74, 23.22, 24.87, null, 24.86, null, 26.39, 25.73, 24.81, 24.54, 24.64, null, 20.0, 21.56, 19.72, null, 19.05, 19.86, 17.61, 18.24, 17.46, 19.7, 19.63, 22.41, 22.47, 22.99, null, 25.3, 26.2, 25.11, 26.06, 26.04, 25.82, 31.8]",254.1
market_display,52,"[33.54, 32.92, 32.78, 28.61, 31.99, 31.48, 33.34, 32.4, 30.67, 33.35, null, 32.61, 33.23, 32.98, 35.09, null, 32.76, null, 32.42, 32.09, 33.74, 34.61, 32.48, 33.33, 31.59, 33.45, 31.57, null, 33.21, 34.26, 30.21, 34.6, 34.14, 33.31, 32.31, 33.96, 34.94, 32.36, 34.43, 33.87, 34.18, 33.62, 32.71, 31.27, 32.11, 33.51, 32.45, null, 31.97, 31.35, 32.99, 33.72]",259.53
mixed_chain,35,"[2.74, 3.82, null, 3.76, 4.25, 2.87, 4.24, 3.81, 3.51, 3.52, 4.42, 31.62, 26.45, 24.83, 24.68, 27.06, 26.32, 30.64, 26.07, 25.31, 26.73, null, 25.75, 26.81, 27.95, null, 25.47, 25.99, 24.21, 27.0, 27.13, 26.25, 27.76, 25.52, 26.35]",344.35
hot_truck_transit,16,"[24.81, 18.46, 18.58, 18.11, 19.43, 19.03, 19.55, 20.35, 22.69, 22.02, 23.22, 24.14, 23.31, 25.59, 26.73, 30.22]",325.89
hot_truck_transit,52,"[22.88, 18.56, 16.94, 18.1, 18.13, 19.56, 20.01, null, 20.55, 23.61, null, 24.56, 24.6, 26.23, 24.82, 25.72, 26.31, null, 25.17, 24.48, 23.34, null, 22.21, 21.65, 19.3, 17.77, 18.12, 18.24, 16.54, 19.78, 18.83, 19.51, 20.86, 21.79, 23.25, 24.8, 26.02, 26.27, 25.28, 26.08, 26.12, 25.88, 25.39, 24.23, 23.14, 22.9, 21.03, 20.94, 19.99, 19.87, 18.48, 22.49]",362.87
stable_cold,33,"[2.93, 3.59, 2.95, 2.13, null, 2.77, 2.8, 2.37, 3.6, 2.74, 3.58, 2.78, 2.58, 3.48, 2.92, 2.93, 2.44, 2.77, 3.12, 2.43, 2.74, 2.78, 2.98, 3.54, 2.83, 2.67, 4.05, 2.78, 2.87, 2.81, 2.84, 2.98, 3.32]",684.12
hot_truck_transit,14,"[33.16, 22.99, 22.22, 21.62, 22.16, null, 22.73, 24.79, 25.18, 27.14, 27.75, 27.99, 28.77, 34.25]",294.99
power_outage,43,"[null, 2.45, 2.85, 2.47, 2.08, 2.13, 2.32, 2.01, 2.53, 2.84, 2.26, 12.1, 21.59, 31.17, 16.95, 23.93, 31.12, 1.95, 2.45, 2.75, 2.65, 2.88, null, 2.69, 2.1, 2.65, 2.93, 2.58, 2.93, 2.25, 2.39, 2.16, 2.44, 2.52, 2.44, 2.29, 2.29, null, null, 2.09, 1.87, 2.26, null]",697.44
market_display,22,"[27.03, 29.01, 29.81, 28.55, 29.62, 30.95, 28.96, 28.35, 29.55, 31.83, 30.26, 27.84, 31.28, 29.15, 29.37, 28.1, 29.83, 27.31, 28.3, 30.38, 29.8, 28.75]",329.57
hot_truck_transit,20,"[28.85, null, null, 21.55, 21.9, 22.11, 22.49, 23.34, 24.59, 24.52, 26.11, 29.02, 28.61, 29.86, 29.53, 28.81, 29.01, 27.46, 29.32, 33.16]",297.95
stable_cold,59,"[4.33, 4.52, 4.49, 4.7, 4.15, 4.61, 4.09, 4.37, 3.84, 4.37, 4.3, null, 4.51, 4.58, 4.52, 3.68, 3.73, 4.41, 4.64, 4.44, 4.19, 4.44, 4.4, 4.84, 4.82, 4.31, 4.51, 4.64, 4.7, null, 4.52, 5.0, 4.07, 4.28, 3.68, 4.59, 4.79, 3.51, 4.61, 4.77, 4.75, 4.05, 4.84, 4.54, 4.77, 4.48, 4.69, 4.98, 4.45, 4.65, 5.03, 4.48, 4.08, 4.8, 5.11, 5.05, 4.82, 3.6, 4.28]",636.74
power_outage,15,"[5.21, 5.21, 10.84, 17.39, 22.91, 28.76, 5.3, 5.38, 4.72, 5.11, 5.76, 5.59, 5.06, 5.31, 5.0]",663.87
hot_truck_transit,10,"[null, 24.35, 24.86, 24.99, 23.38, 24.02, 25.96, 25.73, 27.35, 31.29]",320.99
stable_cold,79,"[4.56, null, 5.96, null, 5.74, 5.34, 4.76, null, 6.2, 5.96, 4.71, 4.9, 5.16, 4.87, 5.52, 5.66, 4.93, 5.81, null, 5.28, 5.43, 4.72, 5.37, 5.51, 5.57, 5.65, 5.6, 5.4, 5.62, 5.9, 5.47, null, 5.43, 5.24, 5.71, 5.28, 5.66, 5.51, 5.38, 5.37, 5.3, 4.85, 5.66, 5.6, 5.84, 5.29, 6.26, null, 5.15, 5.11, 4.81, 6.12, 6.05, 5.74, 5.14, 6.23, null, 5.4, 6.08, 5.77, 6.38, 5.6, 5.34, 5.26, null, 5.39, null, 5.74, 5.51, 5.11, null, 5.91, 5.68, 5.57, 5.18, 5.85, 4.25, 5.66, 6.53]",573.89
stable_cold,48,"[3.45, 3.39, 3.6, 3.82, 3.8, 3.74, null, 3.29, 3.1, 3.28, 3.53, 3.2, 3.56, 3.13, 2.85, null, 3.33, 3.18, 3.08, 3.69, 4.07, 3.36, 3.43, 3.95, 2.79, 4.31, 4.5, 2.44, 3.48, 3.23, 3.41, 3.35, 3.84, 3.47, 3.15, 3.45, 3.72, 3.04, 2.86, 4.32, 3.26, 3.46, 3.36, 3.74, 4.23, 3.75, 2.91, 2.96]",675.82
mixed_chain,86,"[5.62, 5.25, 5.57, 5.45, 5.09, 5.52, null, 4.99, 5.87, 5.32, 5.52, 5.2, 5.44, 6.36, null, 5.41, 5.03, 5.36, 5.31, 5.66, 5.24, 5.8, 5.42, 4.93, 5.93, 5.35, null, 5.48, 27.43, null, 22.11, 22.82, 24.24, 23.34, 24.11, 24.02, null, 27.2, null, null, null, 29.24, 30.63, 32.67, 30.86, 32.08, 28.97, 29.75, 28.81, 26.19, 24.72, null, 23.69, 29.42, null, 27.87, 29.12, 28.93, null, 29.75, 28.91, 27.71, 25.95, 27.87, 27.75, 29.9, 29.69, 28.22, 28.77, 30.22, 27.21, 28.39, 27.18, 28.96, 27.48, 25.95, 29.53, 27.99, 29.76, 29.58, 28.46, 26.33, 28.59, 27.63, null, 28.77]",280.16
hot_truck_transit,81,"[31.44, 25.82, 24.19, 23.54, 22.79, 23.81, 24.14, 24.26, 24.68, 26.75, 28.43, 30.31, 29.66, 31.04, 29.92, 30.78, 29.32, 32.67, null, 29.55, 28.88, 29.44, 26.04, 24.63, 26.19, 22.97, 24.59, 23.36, 23.9, 22.81, 26.67, 25.11, 25.82, 27.86, 27.94, 29.76, 29.24, 31.0, 30.8, 30.79, 30.53, 31.59, 29.97, 29.27, 28.8, 28.33, 25.64, 25.6, 23.86, 23.79, 24.41, 21.54, 22.82, 23.77, 24.89, 26.39, 25.03, 28.55, 28.87, 29.23, 29.07, 30.42, 32.1, 31.44, 31.14, 30.11, 30.83, 29.3, 28.26, 27.34, 25.87, 24.77, 23.37, 23.46, 22.11, 23.81, 23.02, 23.64, 24.56, 24.78, 28.62]",275.02
stable_cold,45,"[null, 4.45, 4.18, 4.85, 4.79, 4.49, 5.08, 4.34, 4.48, 5.07, 5.13, 4.44, 4.85, 4.44, 4.68, 4.81, 4.98, 4.88, 4.86, 4.32, 4.91, 4.98, 5.03, 4.47, 5.12, 4.23, 4.58, 4.64, 4.25, 4.64, 4.84, 4.02, 4.6, 4.06, 5.57, 4.84, 4.81, 4.85, 5.0, 5.15, 4.13, 5.28, 5.25, 4.73, 4.71]",642.11
mixed_chain,14,"[4.19, 4.39, 4.8, 4.71, 4.44, 32.41, null, 23.92, 22.47, 28.24, 26.65, 27.12, 27.12, 25.84]",367.43
power_outage,86,"[4.5, 4.45, 4.52, 4.77, 5.18, 4.44, 4.32, 4.62, 4.36, 9.01, 14.7, 19.29, 24.2, 28.45, 4.44, 4.19, 4.61, 4.66, 4.66, 4.42, 4.36, 4.56, 4.72, 4.44, 4.33, 4.35, 4.42, 4.48, 4.29, 4.48, 4.99, 4.53, 4.24, 3.94, 5.17, 4.96, 4.7, 4.96, 4.77, 4.59, 4.24, 5.19, 4.49, 4.5, 4.63, 4.63, 4.79, 4.75, 4.44, 4.62, 4.78, 4.42, 5.05, 4.61, 5.1, 4.2, 4.81, 4.35, 4.43, 4.89, 4.55, 5.4, 4.77, 4.41, 4.77, 4.54, 4.87, 4.53, 9.62, 14.44, 19.29, 24.46, 28.48, 4.65, 4.41, 4.21, 4.36, 4.43, 4.55, 4.72, 4.78, 4.49, 5.09, 4.5, 4.03, 4.51]",599.55
hot_truck_transit,48,"[36.04, null, null, 25.0, 25.72, 25.78, 26.33, 27.5, 27.75, 28.46, 30.27, 30.46, 31.6, 31.18, 32.78, 32.13, null, 31.47, 31.69, 31.59, 29.43, 28.13, 28.46, 27.6, 26.38, 25.04, 24.51, 24.61, 24.96, 24.03, 25.26, 27.87, 28.0, 29.85, 30.72, 30.62, 31.46, 33.11, 33.34, 33.66, 32.73, 32.45, 31.5, 30.83, null, 28.81, 27.71, 30.19]",292.31
mixed_chain,61,"[4.72, 5.22, 4.57, 5.84, null, 5.57, 5.21, 5.37, 4.72, 5.46, 4.77, 5.79, null, 5.52, 4.75, 5.54, 4.57, 4.6, 5.66, 5.62, 5.06, 5.09, 5.19, 5.35, 28.15, 23.24, 24.48, 23.0, 24.39, null, 23.95, 26.24, 25.64, 27.3, 28.05, 32.91, 28.08, 27.8, 28.59, 28.07, 28.31, 28.62, null, 28.24, 27.23, 29.4, 28.06, 29.2, 30.11, 28.72, null, 28.51, 27.85, null, 28.32, 27.3, 27.48, 29.58, 28.94, 29.14, 29.63]",296.64
stable_cold,35,"[6.41, 6.16, 6.4, 6.08, 6.1, 5.23, 5.82, 5.85, 6.43, 5.74, 6.05, 6.03, 6.41, 5.89, null, 5.26, 5.3, 5.03, 6.26, 6.21, 6.3, null, 5.72, 5.9, null, 6.62, 6.26, 6.08, 6.48, 5.84, 5.79, 5.89, 5.55, 5.87, 5.5]",635.45
market_display,96,"[25.98, 27.09, 25.64, 27.39, null, 27.58, 26.25, 26.07, null, null, 26.91, 25.8, 25.55, 24.94, 25.93, 24.6, 25.1, 26.34, 27.33, 26.23, 29.02, null, 26.88, null, 27.33, 27.32, 25.5, 26.68, 28.47, 26.95, null, 26.23, null, 27.21, 26.44, 26.92, 26.69, 25.69, 26.71, 25.87, 25.4, 27.57, 25.62, 26.46, 25.57, 28.37, 27.22, 25.44, 26.64, 26.66, 26.76, 25.89, 25.82, 28.41, 25.56, 25.38, null, 26.33, 25.09, 29.27, 25.0, 25.71, 29.24, 27.93, 24.44, 26.65, 26.92, 25.45, 27.37, 24.92, 24.58, 27.77, 27.31, 28.83, 26.5, null, 25.95, 28.0, 28.86, 25.52, 24.47, null, 26.86, 26.43, null, 25.27, 26.48, 25.69, 28.58, null, 25.77, 26.68, 26.42, 25.04, 28.53, 26.11]",279.63
stable_cold,46,"[2.71, 2.2, 2.25, 2.04, 2.4, 2.76, 2.48, 2.49, 2.46, 1.67, 1.87, 2.14, null, 1.79, 1.47, 1.68, 2.12, 2.19, 1.9, 2.25, 2.05, null, null, null, 2.3, 1.66, 2.18, null, 2.18, 1.92, 2.37, null, 2.22, 2.45, 2.58, 1.91, 2.23, 2.29, 2.84, 1.63, 1.85, 3.34, 2.11, 1.46, 1.99, 1.11]",719.7
mixed_chain,46,"[5.98, 4.98, 4.62, null, 5.22, 5.34, 5.03, 5.92, 5.56, 5.32, 5.17, 6.32, 5.17, 5.25, 5.13, 29.58, 26.02, 24.59, 25.41, 26.82, 26.74, null, 27.09, 28.01, 29.88, 28.59, 30.83, null, 27.65, 27.87, null, 25.19, null, 27.54, 26.96, 26.04, 27.6, 26.21, 26.57, null, 27.89, 27.75, 28.43, 25.87, 28.29, 28.29]",317.56
market_display,80,"[28.69, 29.06, 28.76, 29.84, 32.16, 32.33, 32.31, 29.7, 30.71, 30.0, 28.87, 27.69, 27.74, 30.04, 28.21, 28.9, 30.29, 27.05, 31.61, 29.91, 29.4, 29.09, 30.42, 28.69, 31.44, 30.89, 28.98, 29.62, 31.31, 30.34, 29.58, 28.96, 29.72, 29.35, 30.22, 29.47, 28.69, 31.17, 30.5, 28.65, 29.14, 30.7, 28.84, 29.65, 29.5, 28.98, 28.58, 29.79, 28.73, 29.14, null, 28.99, 30.4, 31.0, 29.72, 30.46, 28.82, 30.74, 30.63, 31.6, 31.26, 30.17, 33.16, 30.91, 31.38, null, 29.41, 29.94, 28.65, 29.9, 29.8, 31.16, 31.25, 30.0, 29.4, 32.0, null, 27.99, 30.43, 29.77]",262.56
mixed_chain,29,"[4.51, 4.38, 5.37, 4.15, 4.76, 4.78, 4.17, 4.54, 4.5, 4.41, 24.09, 18.23, 18.56, 18.32, 18.84, 18.93, 21.29, 27.3, 28.45, 28.21, 28.0, null, 26.6, 27.39, null, 27.56, 26.35, 26.03, 28.2]",334.24
market_display,7,"[29.93, 27.41, 28.4, 29.2, 28.31, 28.12, 25.95]",370.88
hot_truck_transit,16,"[25.84, 20.03, null, 18.49, 18.73, 19.61, 21.5, 21.7, 22.21, 23.11, 23.42, 24.6, 26.27, 26.79, 27.81, 30.96]",319.52
market_display,37,"[26.39, 26.88, 28.39, 25.48, 25.09, 26.62, 26.74, 26.9, 26.93, 27.23, 26.72, 28.85, 28.2, 27.07, 28.31, 24.11, 27.62, 28.24, 26.54, 27.85, 26.45, 27.62, 25.64, 28.3, 27.22, 27.49, 27.13, 28.51, 27.51, null, 26.56, 27.89, 29.1, 29.15, 24.14, null, 25.44]",344.67
mixed_chain,57,"[3.41, 3.14, 3.49, 3.39, 3.68, 3.42, 2.63, null, 3.84, 3.27, 3.78, 3.87, 3.96, 3.07, 3.11, 3.5, 2.76, 3.06, 3.61, 2.65, 2.77, 3.69, 2.84, 4.56, 3.08, 3.05, null, 26.24, 26.77, 25.71, 25.74, 26.62, 25.5, 27.0, 30.23, 28.47, 31.64, 29.99, 31.44, 32.73, null, 33.77, 34.07, 32.93, 35.15, 27.1, 28.04, 24.67, 25.77, 25.48, 26.33, 27.65, null, 25.29, 27.21, 25.68, 25.8]",332.66
power_outage,38,"[3.08, null, 2.51, 2.25, 1.93, null, 14.7, 20.25, 26.09, 32.3, 2.58, 2.73, 2.64, 2.71, 2.41, 2.86, 2.18, 2.52, 2.87, null, null, 3.23, 2.97, 2.59, 2.25, 1.93, 2.76, 2.92, 2.66, 2.03, 2.59, 2.4, 2.59, 3.13, 2.78, 2.72, null, 2.67]",689.82
mixed_chain,49,"[null, 4.86, 4.73, 4.81, null, 4.47, 5.35, 5.06, 4.62, 4.66, 4.8, 4.58, 4.06, 4.36, 4.36, 4.67, 4.27, 5.08, 4.8, 4.59, 4.43, null, 5.13, 4.0, 25.94, 19.16, 18.72, 18.31, 18.91, 19.09, 19.18, 20.27, 21.75, 21.64, 23.89, 22.04, 25.42, 26.33, 25.7, null, 27.39, 28.63, 27.26, 29.28, 29.92, 26.85, 28.32, 26.45, 29.23]",313.37
hot_truck_transit,59,"[30.76, 25.94, 23.88, 23.82, 24.92, 24.48, 25.11, 27.75, 26.62, 27.93, null, 30.48, null, 33.41, 31.74, 32.32, 32.73, 33.71, 31.02, 29.78, 29.95, 30.19, 27.59, 26.29, 26.0, 23.39, null, 23.06, 24.36, 24.64, null, 26.66, 27.97, 28.36, null, 31.53, null, null, 32.1, 32.24, null, 32.05, 31.69, 30.88, 28.96, 27.86, 27.26, 26.89, 24.44, 24.87, 24.62, 24.13, 25.77, 26.04, 26.02, 27.93, 28.18, 28.62, 31.35]",274.79
hot_truck_transit,57,"[28.39, 19.86, 19.72, 19.3, 19.39, null, 19.79, 22.37, 21.12, 23.48, 24.48, 25.46, 26.86, 26.66, 27.88, 29.08, 27.24, 25.33, 26.21, 25.3, 24.85, 21.9, 22.72, 21.16, 21.31, 19.62, 20.33, 18.29, 19.65, 19.25, 20.28, 23.67, 21.7, 23.2, 23.62, 25.25, 26.2, 26.37, 28.62, 28.42, 26.6, 27.61, 25.94, 24.51, 23.96, 22.49, 23.21, 20.79, 21.7, 20.14, 19.31, 19.09, 21.03, 20.04, 20.26, 22.18, 28.65]",303.17
stable_cold,93,"[5.81, null, 4.92, 4.8, null, 4.72, 4.94, 5.33, null, 5.45, 4.29, 5.33, 5.23, 5.37, 5.85, 4.38, null, 5.44, 4.57, 5.79, 5.35, 5.54, 4.98, null, 5.63, 5.3, 5.3, 5.31, 4.86, 5.14, 5.14, 5.36, 5.6, 4.78, 5.15, 5.8, 4.91, 4.87, 5.28, 5.54, 5.21, 5.74, 5.55, 5.54, 5.43, 6.13, 5.12, null, 5.85, 5.02, 5.25, 5.73, 4.56, 4.7, 4.56, 4.89, null, 5.41, 5.31, 4.64, 4.28, 5.23, 5.01, null, 5.48, 5.26, 5.51, 5.3, null, 4.92, 5.13, 5.28, 5.53, 5.05, 5.41, 5.1, 5.16, 5.54, 4.41, 4.68, 4.61, 4.27, 4.93, 5.5, 5.09, 5.28, 5.64, 5.73, 5.18, null, 5.24, 4.87, 4.97]",588.12
mixed_chain,28,"[4.81, 4.79, 4.77, 4.8, 4.93, 4.77, 4.92, 4.47, null, null, 5.91, 5.12, 4.86, 26.47, 19.41, 17.62, 18.03, 18.25, 20.34, 19.93, 24.0, 32.78, 30.15, 29.9, 31.83, 30.6, 32.09, 29.9]",321.66
market_display,88,"[31.61, 33.95, 33.52, 32.71, 31.89, 30.7, 31.16, 30.63, 30.57, 32.26, 32.31, 30.05, 31.33, 30.95, 33.67, 29.4, 34.22, null, 28.84, 31.15, 32.45, 31.1, 31.59, 34.65, 31.41, 30.62, 33.02, 30.23, 32.76, 32.62, 34.11, 32.41, null, 31.88, 34.48, null, 31.66, 31.84, 32.49, 31.47, null, 31.11, 30.86, 31.73, 31.18, 31.7, 31.74, 32.23, 30.76, 33.96, 33.41, 32.56, 32.8, 30.55, 31.22, 31.35, 30.21, 31.46, 34.64, 32.05, 33.75, 33.67, 30.78, null, 31.44, 33.04, 32.48, 33.92, 32.16, 32.91, 31.15, 30.16, 32.72, 32.1, 32.58, 33.62, 32.32, null, 33.14, 31.74, 31.2, 34.29, 32.38, 32.26, 30.74, 32.21, 32.3, 30.79]",243.19
stable_cold,90,"[4.51, 5.09, 4.37, 4.4, 4.93, 4.76, null, 4.18, 4.6, 3.87, 4.16, 4.99, 4.93, 4.59, 3.64, 3.93, 4.14, 4.34, 3.91, 4.31, 5.12, 4.57, 4.5, 4.01, 3.76, 3.92, 3.74, 4.44, null, 4.03, 4.47, 5.0, 5.2, 4.72, null, 4.71, 4.95, 3.61, null, 4.2, 4.2, 4.27, 4.54, 3.97, 4.3, 4.62, 4.5, 4.57, 4.28, 4.69, 4.84, 4.81, 4.58, 4.79, 4.76, 5.48, 4.9, 4.38, 4.05, 4.31, null, 4.62, 4.13, 4.89, 3.86, 3.76, 4.36, 4.08, 3.91, 4.16, null, 4.42, null, 4.2, 4.41, 4.82, 5.0, 4.47, 4.5, 4.34, 4.61, null, 4.94, 3.66, 4.32, 4.55, 4.4, 4.04, 3.89, 4.74]",597.37
hot_truck_transit,48,"[30.45, 22.02, 21.24, 21.06, 24.12, 22.19, 23.54, 24.68, 25.26, 26.19, 27.21, 28.7, 28.31, null, 28.34, 28.82, 29.14, 30.46, 28.93, 28.87, 27.66, 26.52, 24.52, 24.37, 23.69, 24.61, 22.17, 22.9, 22.35, 22.29, 24.18, 25.83, 25.49, 25.77, 27.72, 28.54, 30.92, 30.37, 29.43, 31.33, 30.8, 30.53, 29.5, 29.12, 27.7, 26.11, 25.39, 27.27]",318.29
market_display,70,"[31.96, 31.89, 33.26, 31.46, 30.95, 30.99, 31.53, 29.42, 32.72, 30.75, 30.93, 29.47, 31.17, 29.41, 29.02, 30.16, 30.74, 30.01, 31.38, 32.51, 31.3, 28.38, 31.02, 31.73, 30.59, 31.42, 31.36, 29.72, 32.48, 30.69, 30.64, 31.58, 29.11, 32.56, 29.86, 33.21, 32.39, null, 31.44, 29.89, 29.73, 28.04, 31.8, 30.49, 31.98, null, 29.58, 32.05, 31.66, 30.46, null, 30.71, null, null, 30.59, null, null, 33.01, 32.4, 32.81, null, 30.54, 30.83, 30.3, null, 31.61, 30.63, 31.56, 32.43, null]",262.06
stable_cold,41,"[3.1, 2.55, 3.32, 2.41, 2.75, 2.99, 3.06, 3.11, 2.47, 2.58, null, 2.5, 3.02, 2.94, 2.55, 3.26, 2.43, 2.29, 2.39, 2.13, 2.83, 2.7, 2.83, 2.42, 2.56, 1.71, null, 2.62, 2.14, 2.54, 2.48, 3.29, 2.16, 2.71, 2.14, 2.36, 2.69, 2.5, 2.58, 2.71, 2.38]",696.33
power_outage,90,"[3.59, 3.1, 2.85, 2.73, 3.13, 3.01, 3.05, 2.59, 3.0, 3.33, 3.23, 2.87, 2.96, 2.55, 2.79, 2.89, 3.18, 2.78, 2.68, 3.22, 2.86, 2.74, 3.23, 3.13, 2.93, 2.88, 8.9, 14.75, 20.45, 26.23, 31.81, 2.83, 2.94, 2.7, 2.67, 2.96, 3.29, 2.37, 2.87, 3.07, 3.31, 3.53, 2.91, 3.58, 3.13, 3.23, 2.67, 3.13, 3.26, 2.78, 2.21, 3.04, 2.93, 3.39, 2.83, 2.78, 2.64, 2.8, 3.79, 2.51, 2.59, 2.97, 3.58, null, 3.46, 2.87, 2.57, 2.86, 2.95, 2.99, 2.93, 3.17, 2.78, 2.71, 2.63, 3.05, 3.02, 3.32, 3.45, 2.63, 3.0, 2.93, 2.53, 2.83, 3.46, 2.8, 2.75, 2.97, 3.26, 2.9]",632.39
power_outage,42,"[2.04, 2.9, 3.08, 2.56, 2.54, 2.45, 2.39, 2.53, 2.63, 2.93, 2.27, 2.47, 2.4, 2.74, 3.15, 2.75, 2.67, 2.7, 2.81, 3.16, 1.93, 2.61, 1.66, 2.72, 2.6, 2.27, null, 2.43, 2.5, 8.5, 14.42, 20.43, 26.77, null, 2.67, 2.41, 1.91, 2.48, 2.56, 2.92, null, 2.16]",696.56
hot_truck_transit,22,"[23.11, 19.03, 18.74, 18.03, 18.97, null, 18.97, 18.42, 19.67, 24.29, 23.71, 25.1, 26.93, 25.27, 25.85, 24.78, 25.73, 25.31, 24.61, 24.94, 23.7, 25.19]",365.26
hot_truck_transit,13,"[34.81, 25.76, 25.21, 25.47, 23.73, 24.25, 26.17, 26.62, 27.49, 29.77, 30.74, 30.04, 37.11]",275.19
stable_cold,81,"[4.18, 4.62, 4.31, 3.67, 3.51, 3.36, 4.5, 3.6, 4.5, 4.12, 4.04, 3.79, 4.17, 3.9, 3.76, 4.19, 3.85, 3.59, 4.15, 3.89, 4.11, 3.73, 3.43, 4.6, 4.53, 4.26, 3.76, 3.79, 4.46, 3.77, 3.66, 4.66, 3.89, 4.62, 3.35, 4.12, 4.74, 3.92, 3.81, 3.44, 4.34, 3.6, 3.87, 3.42, 4.53, 4.37, 3.9, 3.45, 4.52, 3.76, 3.47, 3.21, 3.65, 3.33, 3.66, 4.21, 3.76, 4.05, 3.62, 3.94, 4.68, 3.77, 4.06, 3.28, 4.52, 3.72, 4.33, 3.86, 4.16, 4.18, 3.73, 4.35, 3.61, 4.22, 3.75, 4.05, 3.73, 3.93, 3.48, 4.01, 3.93]",622.49
hot_truck_transit,76,"[25.2, 19.0, 20.4, 18.95, 20.2, 21.09, 21.03, 22.45, 21.63, 23.46, 24.04, null, 25.09, 27.06, 28.14, 28.54, 26.55, 26.61, 25.76, 24.88, 24.33, 23.54, 22.26, 20.41, 21.47, 20.21, 19.98, 19.89, 20.16, 20.19, 20.03, 22.74, 23.0, 22.81, 23.86, 27.12, 26.23, 26.45, 26.97, null, 27.01, 27.1, 28.2, 24.27, 24.24, 23.58, 21.08, null, 21.42, 18.95, 19.6, 19.67, 20.12, 22.2, 20.11, 21.96, 22.39, 23.29, 24.58, 25.86, 26.36, 27.21, 27.33, 26.78, null, 27.81, 27.14, 26.07, 23.94, null, 23.23, 20.56, 20.15, 21.78, 20.07, 22.76]",333.84
stable_cold,72,"[5.58, 6.05, 5.73, 6.35, 5.95, null, 5.27, 5.87, 5.82, 5.43, 5.75, 6.02, 5.84, 5.28, 5.73, 5.66, 5.92, 5.88, 5.68, 5.66, 5.87, 6.23, 5.95, 6.41, 6.3, 6.44, 6.39, 6.47, 5.38, 6.1, 6.33, 6.4, 5.53, 6.11, 5.87, 6.58, 5.29, 5.53, 5.12, 5.9, 6.75, 5.82, null, 6.06, 5.8, 5.99, 6.0, 5.5, 5.8, 6.14, 6.21, 6.36, 5.98, null, 6.14, 5.6, 5.59, 5.79, 5.33, 6.01, 6.26, 5.56, 6.02, 5.59, 5.44, 6.66, 5.44, 5.33, 5.93, 5.95, 6.11, 6.64]",577.88
hot_truck_transit,61,"[30.38, 21.61, 19.54, 21.09, 21.48, 21.41, 20.52, 21.6, 23.59, 26.17, 25.27, 27.15, 26.98, 29.49, 28.56, 27.7, 27.88, 27.41, 27.59, 26.11, 25.31, 26.22, 23.16, 22.81, 21.62, 21.16, 21.34, 18.91, 20.92, 20.9, 21.98, null, 23.48, 24.9, 25.26, 28.24, 26.73, 29.28, 27.54, 28.46, 28.78, 27.39, 26.69, 26.44, null, 24.73, 25.15, 23.12, 21.47, 19.05, 19.56, 20.45, null, 21.05, 22.02, 22.43, 23.41, 26.23, 25.76, 26.56, 28.93]",295.85
hot_truck_transit,35,"[28.6, 24.06, 25.42, 23.39, 24.43, 25.15, 26.24, 25.23, 25.76, 27.03, 29.54, 31.51, 31.36, 30.85, 32.73, 31.54, 31.11, 31.11, 30.28, 29.35, 29.93, 27.5, 25.61, 26.38, 24.32, 23.71, 24.61, 23.33, 23.69, 24.48, 24.86, 25.57, 25.01, 27.78, 34.35]",276.25
hot_truck_transit,9,"[27.28, 22.62, 20.78, 20.32, 22.07, 20.53, 23.49, 22.52, 29.32]",339.09
mixed_chain,89,"[5.34, 5.76, null, 5.14, 5.52, 5.35, 6.38, 6.08, 5.96, 5.37, 6.3, 5.43, 5.28, null, 5.83, null, 5.41, 5.88, 5.44, 5.53, null, 5.3, 5.38, 6.68, 5.76, 5.77, null, 5.8, 6.1, 5.0, 5.76, 5.5, 5.77, 29.82, 20.43, null, 21.22, 21.0, 22.3, 23.02, 22.09, 23.83, 24.52, 26.99, 27.66, 27.02, 29.5, 27.74, 28.57, 27.93, 28.04, 25.98, 26.93, 24.6, 24.55, 24.82, 23.06, 23.89, 22.33, 21.91, 24.0, 32.98, null, 32.36, 33.7, 32.51, null, 33.18, null, 31.71, 35.26, 32.52, 34.86, 31.45, 31.54, 31.78, 32.23, null, 31.16, 33.48, 32.46, 33.36, 32.73, 35.42, 32.53, 33.53, 33.91, 30.95, 31.09]",262.16
hot_truck_transit,55,"[27.63, 21.01, 18.66, 18.88, 21.95, 20.46, 22.53, 21.57, null, 23.38, 27.4, 25.09, 28.47, 27.96, 28.18, 27.62, 27.36, 28.13, 28.1, 26.37, 25.84, 23.88, 24.92, 22.41, 23.01, 19.98, 20.32, 21.07, 20.47, null, 20.61, 21.89, 22.48, null, 25.1, 25.79, 27.55, 26.83, 26.36, 27.76, 29.8, 28.09, 26.37, null, 25.14, 24.53, 23.89, 22.37, null, 21.94, 20.78, 20.37, 20.39, 20.3, 23.44]",348.15
hot_truck_transit,78,"[29.63, 21.61, 22.61, 22.12, 22.73, 21.5, null, 24.22, 22.81, 26.43, 26.94, 27.38, 30.1, 30.49, 30.42, 30.34, 30.55, 28.48, 29.26, 29.27, 28.15, 25.44, 25.4, 23.38, 23.58, 22.22, 21.72, 22.57, 21.84, 22.18, 23.74, 23.1, 24.99, 25.05, 26.23, 29.22, 28.78, 29.17, 30.83, 31.58, 30.35, 30.56, 28.67, 28.33, 27.32, 26.54, 26.02, 23.11, 22.74, 22.43, 21.64, 22.47, 22.59, 22.87, 23.13, 25.36, 25.42, 26.16, 27.37, 28.88, 29.28, 29.06, 31.56, 30.65, 29.23, 28.29, 29.66, 29.32, 27.68, 26.77, 25.76, 24.29, 22.11, 22.26, 23.06, 22.75, 22.26, 26.01]",299.39
power_outage,77,"[17.56, 29.39, 5.83, 5.81, 5.71, 5.5, 5.71, 5.81, 5.66, 6.05, 5.9, 5.72, 5.01, 5.65, 5.9, 5.63, 5.81, 5.65, 5.78, 6.14, 5.95, 5.33, 5.22, 5.85, 6.07, 5.22, 5.65, 6.43, 5.63, 6.47, 5.47, 5.52, 5.5, 5.33, 5.21, 5.65, 5.76, 5.5, 5.57, 6.15, 6.01, 5.64, 5.84, 11.19, 17.73, 23.59, 29.46, 5.72, 5.68, 5.32, 6.22, 6.0, 5.6, 5.19, 4.98, 6.32, 5.66, 5.94, 5.43, 5.62, 5.64, 5.79, 5.74, 5.44, 5.44, 5.69, 5.19, 5.47, 5.67, 5.83, 6.17, 5.57, 5.73, 5.15, 5.82, 5.44, 5.62]",587.77
stable_cold,60,"[5.11, 4.67, null, 5.72, null, null, 4.52, 5.54, 5.31, 5.42, null, 4.92, 4.1, null, 5.45, 5.26, 4.77, null, 5.11, 4.75, 5.46, 5.09, 5.0, 4.95, 5.36, 5.27, 5.33, 5.32, 5.22, 4.84, 4.96, 5.09, 6.08, 4.71, 5.08, 5.29, 5.13, 5.68, 5.13, 5.16, 5.58, 5.98, 5.81, 5.2, 5.23, 5.27, 5.31, 4.91, 5.63, 5.33, 5.23, 4.74, 5.28, 4.49, 5.02, 5.03, null, 6.0, 5.48, null]",605.35
mixed_chain,46,"[4.01, 4.72, 4.48, 4.01, null, 4.17, 4.3, null, 3.97, 4.45, 4.2, 4.53, 4.24, 3.57, 4.37, 29.6, 20.55, 20.57, 20.79, 20.33, null, 21.95, 22.68, 23.07, null, 26.61, 26.39, null, 33.52, 31.85, 31.45, 30.85, 32.21, 32.47, 31.65, 32.07, 32.33, 32.84, 30.69, 30.88, 31.25, 31.77, 31.18, 31.4, 32.6, 30.0]",303.66
market_display,74,"[27.36, 24.76, 27.19, 25.07, 25.73, 26.19, 27.91, 25.55, null, 24.53, 26.18, 25.83, 27.92, 25.51, 24.53, 25.89, 25.67, 26.7, 28.0, 26.01, 26.85, 26.29, 27.02, null, 26.39, 27.55, 25.5, null, 26.33, 24.64, 27.28, 25.73, 26.36, 27.15, null, 24.99, 26.91, 27.6, 25.63, 27.37, 26.91, null, 27.45, 25.36, null, 27.82, 26.05, 24.69, 26.24, 26.31, 26.73, null, null, 25.37, 24.11, 24.68, 25.56, 27.01, 26.19, 26.85, 25.63, 26.93, 24.54, 26.63, 27.15, 25.33, 28.45, null, 27.27, 27.43, 25.39, 26.81, null, 26.78]",297.12
stable_cold,63,"[4.63, 5.29, 5.06, 5.53, 4.69, 4.89, 4.24, 4.32, 5.92, 6.03, 5.23, 4.87, 5.08, 5.55, 4.99, 5.29, 5.19, 4.97, 4.99, 5.31, 4.81, 5.38, 5.01, 5.25, 5.75, 5.13, 5.56, 4.48, 5.01, 5.21, 5.97, 4.41, 5.16, 5.78, 4.88, 5.11, 5.33, 5.27, 5.82, 5.38, 5.73, 5.05, 4.9, 5.11, 4.73, 5.39, 5.04, 4.93, 5.4, 4.74, 5.5, 5.01, 5.66, 5.04, null, 5.27, 5.49, 5.24, 4.53, 5.6, 5.16, 5.51, 5.47]",608.98
hot_truck_transit,47,"[27.27, 21.93, 20.2, 19.72, 19.72, 20.23, 20.56, 21.22, 23.32, 25.11, 24.55, 26.22, 26.17, 27.42, 26.69, 27.19, 27.03, 27.22, 25.77, 24.08, 23.82, 23.74, 22.21, 21.41, 21.26, 19.76, 19.95, 21.59, 19.71, 20.25, 21.35, 21.22, 22.37, null, 25.07, 25.13, 27.15, 28.58, 26.21, 28.19, 27.67, 27.1, 26.97, 26.98, 25.12, 24.64, 28.31]",313.65
hot_truck_transit,31,"[28.19, 24.64, 22.69, 23.36, 22.94, 23.83, 24.16, 25.27, 26.32, null, 27.82, 29.51, 29.4, 29.68, 29.3, 31.02, 31.1, 28.76, 29.02, 29.28, 27.6, 26.72, 26.37, 24.59, 24.16, 22.35, 23.1, 21.61, 21.78, 22.81, 28.33]",326.25
hot_truck_transit,31,"[27.72, 21.19, 20.63, 21.27, 21.44, 21.06, 23.8, null, 24.05, 26.08, 25.34, 26.59, 28.06, 27.29, 28.68, 30.65, 30.33, 29.19, 28.78, 27.4, 25.7, null, 23.21, 23.78, 21.77, 21.18, 21.58, 22.64, 22.29, 21.81, 25.91]",348.49
power_outage,34,"[11.06, 17.87, 24.25, 31.79, 4.57, 4.57, 4.09, 4.39, 4.46, 4.41, 4.07, 4.42, 4.15, 3.84, 4.6, 4.44, 4.57, 4.24, 4.59, 4.7, 4.92, 4.64, 4.51, 3.98, 4.37, 3.97, 4.15, 4.98, 4.09, 3.69, 4.64, 4.2, 4.63, 4.05]",664.1
power_outage,27,"[5.26, 5.21, 5.3, 4.89, 5.66, 5.08, 5.08, 5.58, 5.26, 5.12, 5.31, 5.38, 5.15, 5.47, 4.81, 5.27, 5.43, 14.23, 22.23, 31.72, 4.82, 5.57, 5.07, 5.54, 4.82, 5.31, 5.19]",648.14
market_display,58,"[30.74, 26.73, 26.61, 27.77, 26.54, 27.51, 29.96, 27.69, 26.15, 28.42, 29.64, 25.81, null, 28.12, 26.62, 27.86, 29.79, 27.6, 28.61, 28.69, 27.11, 26.79, null, 28.12, 28.31, 28.01, null, 28.29, 26.72, 28.52, 26.86, 30.85, 28.79, 28.4, 26.78, 29.38, 27.49, 28.78, 27.26, 25.76, 29.91, null, null, 30.42, 28.03, 29.51, 26.1, 27.66, 27.71, null, 27.0, 28.24, 27.85, 27.82, 27.44, 29.28, 26.56, 28.12]",299.79
mixed_chain,84,"[6.06, 5.99, 4.68, null, 6.01, 5.46, 5.77, 6.31, 6.11, 5.74, 5.68, 5.53, 5.77, 5.47, 5.97, 5.14, 5.3, 5.39, 6.04, 5.87, 5.67, 5.69, 4.75, 5.81, 5.11, null, 6.79, 5.74, 5.6, null, 6.04, 5.1, 5.31, 6.0, 5.54, 5.69, 5.3, null, null, 25.96, null, 20.08, 19.3, 21.52, null, 21.17, 21.16, 23.64, 24.16, 24.38, 26.1, 26.91, 26.77, null, 28.88, 28.36, 27.27, 27.16, 26.63, 24.62, 28.63, null, 28.81, 30.58, 26.88, 24.5, 26.45, 26.66, 26.47, 28.13, 25.99, 27.11, null, 27.08, 25.44, 27.68, 25.36, 27.04, 27.17, 25.37, 25.27, 26.14, 27.9, 27.08]",302.42
power_outage,51,"[2.32, 2.52, 2.6, 2.73, 2.77, 2.34, 2.08, 2.23, 2.34, 2.29, 2.0, 2.44, 1.83, 2.33, 2.35, 2.34, 2.56, 2.52, 2.97, null, 20.7, 29.84, 2.35, 1.92, 1.95, 2.31, 1.83, 2.2, 2.11, 2.21, null, 1.98, 2.57, 2.13, 2.17, 2.44, 2.22, 2.04, 2.19, 1.77, null, 1.37, null, null, 2.78, 2.96, 2.58, null, 2.96, 1.95, null]",698.42
stable_cold,48,"[3.01, 3.91, 4.43, null, 3.8, 3.7, 3.59, 3.96, 3.34, 3.82, 4.07, 3.77, 3.46, 4.27, 4.15, null, 3.34, 3.48, 4.08, 3.97, 4.18, 3.73, 3.49, 4.23, 3.64, 3.93, 3.24, null, 4.26, 3.57, 4.19, 2.93, 3.64, 3.79, 4.56, 3.39, 4.13, 4.28, 3.57, 3.71, 3.92, 3.27, 3.68, 4.37, 4.07, 3.8, 3.91, null]",652.49
mixed_chain,78,"[5.36, null, 4.48, 5.17, 5.33, 4.71, 5.76, 4.95, 5.5, 4.68, 5.4, null, 4.75, 5.19, 4.98, 4.66, 5.12, 4.94, 4.97, 4.61, 5.42, 4.91, 4.96, 4.66, 5.51, null, 4.43, 5.13, 32.36, 25.72, 23.83, 25.26, 24.19, 24.04, 26.03, 26.07, 27.26, 28.96, 30.08, 30.17, 31.36, 32.62, 31.7, 31.15, 31.89, 31.62, 31.14, 32.23, 34.84, 26.79, 28.11, 28.45, 28.72, 28.13, 27.94, 24.91, 28.68, null, null, 26.78, 26.51, 28.57, 26.47, 27.67, null, 28.32, 27.3, 28.08, 26.8, null, 27.14, 26.8, 26.74, 26.29, 28.39, 28.18, 27.32, 28.73]",288.16
hot_truck_transit,83,"[26.49, 23.09, 22.93, 21.09, 22.84, 21.13, 25.06, 25.04, 24.97, 26.76, 27.89, 29.04, 29.54, 30.88, 29.5, null, null, 29.84, 29.68, 27.86, 29.42, 26.88, 24.61, 25.53, 22.97, 23.74, 23.62, 24.28, 22.97, 23.23, 22.21, 24.29, 25.05, 26.51, 27.27, 29.28, 29.04, 30.5, 30.43, 30.16, 29.95, 30.31, 30.58, 28.07, 27.73, 27.04, 25.6, 23.25, 24.21, 21.99, 21.6, 21.61, 22.66, 22.42, 22.68, 24.96, 25.6, null, 27.11, 28.6, 30.12, 29.07, null, 31.45, 30.53, null, 29.45, 29.63, 27.67, 26.69, 25.61, null, 24.23, 22.53, 21.78, 21.26, 21.56, 21.38, null, 24.31, 26.47, 26.7, 32.15]",251.23
power_outage,36,"[2.68, 2.36, null, 2.62, null, 2.81, 2.75, 2.63, 2.49, 3.14, 2.33, 2.77, 2.52, 2.68, 2.92, 2.45, 2.73, 2.63, 2.35, 2.92, 2.76, 12.73, 23.5, 33.23, 2.54, 2.42, null, 2.4, 2.77, 2.72, null, 3.1, 2.32, 2.12, 2.8, 1.9]",709.28
stable_cold,72,"[1.9, 2.21, 2.19, 2.08, 2.04, 2.22, 2.21, 1.77, 2.51, 1.8, 2.11, 2.08, null, 1.35, 2.55, 1.92, 2.68, 2.0, 2.17, 2.96, 2.08, 2.69, 2.21, 2.36, 2.22, 2.53, 1.92, 1.8, 1.94, 2.23, 2.11, 2.48, 2.72, 1.8, 1.9, 1.62, 3.01, 2.32, 2.39, 1.66, 2.19, 2.4, 2.09, 2.62, 3.12, 1.82, 1.79, 1.84, 2.84, 2.61, 2.14, 2.21, 1.87, 2.55, 2.04, 2.09, 2.44, 2.12, 2.1, 2.2, 2.51, 2.85, 2.43, 2.52, 2.11, 1.91, 2.46, 2.26, 1.62, 2.06, 2.16, 1.99]",674.11
hot_truck_transit,43,"[32.17, 26.32, 25.49, 23.06, 25.26, 26.34, 25.65, 28.12, 27.74, 29.01, 30.47, 30.53, 32.82, 33.74, 32.25, 33.12, 34.64, 33.61, 30.8, 32.2, 27.56, 29.76, 27.55, 27.63, 26.63, 25.91, 25.87, 24.87, 24.92, 26.55, 26.44, 26.81, 28.09, 29.05, 30.02, 31.62, 31.4, 33.95, null, 31.8, 33.35, 31.99, 37.35]",248.55
market_display,50,"[31.72, 31.01, 30.84, null, 30.32, 30.7, 30.76, 28.04, 30.13, 30.12, 31.06, 29.4, 28.34, 28.58, 30.16, 31.12, 29.28, null, 27.26, 27.16, null, 30.27, 30.58, 27.21, 31.47, 29.05, 28.99, 30.52, 29.82, 31.75, 30.58, 31.57, 29.22, 31.19, 27.06, 29.62, 28.11, 29.88, null, 30.87, 30.03, 28.85, 29.17, 29.97, 28.95, 31.15, 29.28, null, 28.91, 30.47]",287.55
stable_cold,93,"[4.41, 4.55, 4.33, null, 4.4, 4.3, 4.25, 4.2, 4.46, 4.53, 4.45, 3.9, 3.97, 4.53, 4.96, 4.43, 4.2, 4.46, 3.91, 4.89, 4.44, null, 4.3, null, 4.89, 4.29, 4.43, 4.6, 4.07, 4.45, 4.48, 3.75, 4.47, 4.35, 4.42, 4.38, 4.47, 4.9, 3.9, null, 4.64, 4.56, 4.55, 5.47, 4.62, 4.82, 4.25, 3.97, 4.24, 4.65, 4.53, 4.53, 4.28, 4.22, null, 4.66, 4.71, 3.97, 4.67, null, 4.56, 4.29, 5.0, 4.2, null, null, 4.02, 4.34, null, 4.16, 4.19, 4.81, 4.13, 4.6, 4.5, 3.81, 4.58, 3.8, 4.62, 4.17, 4.37, 3.85, null, 4.74, 4.05, 4.13, 4.55, 4.56, 3.4, 5.18, 4.58, null, 4.31]",602.18
power_outage,80,"[4.21, 4.31, null, 3.79, 3.86, 4.32, 3.93, null, 4.28, 3.9, 4.35, null, 4.09, 4.18, 3.82, null, 4.08, null, 4.38, 4.07, 3.73, 4.0, 4.19, null, 4.28, 4.34, 4.88, 4.51, 3.67, 4.05, 4.08, 4.34, 3.88, 4.0, 3.79, 3.98, null, 4.07, null, 4.46, 4.3, 3.73, 4.17, 3.69, 4.57, 4.65, 4.15, 3.91, 3.96, 4.03, 4.13, 4.57, 4.45, 17.02, null, null, 3.93, 4.18, 3.8, 4.25, 4.4, 4.33, 4.31, 3.6, 4.56, 3.69, 4.12, null, 4.27, 3.78, 3.83, 4.25, 4.32, 3.83, 4.28, 3.71, 4.35, 3.9, 4.19, 4.14]",617.73
mixed_chain,96,"[3.62, 3.73, 3.41, 3.02, 4.0, 3.99, 3.98, 3.29, 3.59, 3.03, 4.52, 3.15, 4.19, 3.38, 3.81, 3.58, 3.53, 3.85, 3.47, 3.04, 3.62, 4.13, 3.69, 3.31, 4.79, 3.69, 3.35, 4.55, 2.99, 3.31, 4.09, 3.31, 3.98, 4.03, 4.51, 4.11, 3.5, 3.39, 3.26, 3.24, 3.84, 2.98, 3.75, 2.91, 23.52, 20.64, null, 18.97, 19.9, 20.24, 19.41, 21.47, 22.89, 22.07, 24.54, 26.31, 26.31, 26.43, 26.11, null, 26.88, 27.43, 26.65, 25.02, 23.72, 22.85, 23.23, 20.12, 20.53, 23.18, 32.13, 30.87, 34.28, 32.64, 32.57, 30.7, 31.98, 31.49, 32.26, 30.12, null, 33.37, 31.71, 32.7, 31.12, 34.39, 31.14, 32.14, 31.41, 31.25, 34.28, 34.15, 31.79, 36.5, 33.72, 33.62]",246.63
power_outage,41,"[5.9, 5.5, 11.47, 17.06, 23.16, 29.78, 5.3, 5.7, 5.44, 4.91, 5.74, 5.41, 5.67, 5.87, 5.64, 5.67, 5.31, 5.78, 5.52, 4.97, 5.82, 5.91, 6.02, 6.22, 5.8, 5.73, 5.9, 5.31, 5.07, 5.43, null, null, null, 5.74, 5.65, 5.19, 5.67, 5.45, 6.08, 5.91, 5.46]",628.4
mixed_chain,56,"[5.26, null, 5.87, 5.08, 5.14, 5.21, 4.48, 5.74, 5.22, 5.07, 5.57, 5.15, 5.38, 4.88, 4.97, 5.34, 5.0, null, 5.81, 4.67, 5.58, 5.16, 5.68, null, 5.19, 5.43, 32.05, 23.13, 24.39, 23.42, 24.14, 23.11, 25.89, null, 27.64, null, 27.32, 29.02, 30.6, 31.6, 30.54, 34.52, 32.62, 30.13, null, 29.91, 31.44, null, null, 30.66, 31.99, 31.97, 29.37, 31.82, 29.25, 31.33]",288.37
power_outage,87,"[3.42, 2.35, 2.82, 3.13, 2.34, 2.54, 2.49, 3.41, 3.47, 2.65, null, 2.96, 2.78, 2.38, 3.56, 2.32, 2.93, 2.67, 3.17, 3.12, 2.57, 2.63, 2.4, 2.92, 3.08, 2.73, 2.79, 3.44, 3.15, 3.27, 2.19, null, 2.94, 2.49, null, 2.8, 2.46, 2.63, 10.18, 17.95, 25.02, 32.55, 3.17, 2.34, 2.93, 2.98, 2.99, 2.72, 2.55, 3.32, 2.61, 2.53, 2.87, 2.64, 3.18, 2.79, 3.22, 3.0, 2.75, 3.2, 2.67, 2.77, 3.02, 2.93, 2.66, 2.4, 2.86, 2.65, 2.87, 2.74, 2.65, 2.79, null, 3.07, 2.99, 3.49, 2.91, 2.66, 2.82, 3.04, 3.17, 3.27, 2.56, 3.25, 2.85, 2.59, 2.8]",638.04
market_display,44,"[27.88, 28.8, 25.88, 27.97, 26.95, 25.32, 26.34, 25.63, 27.9, 25.37, null, 27.06, 27.48, 27.07, 26.02, 27.53, 27.23, 26.45, 30.14, 25.65, 27.68, null, 26.73, null, 27.61, 26.98, 26.4, null, null, 28.72, 28.12, 27.16, 26.18, 26.69, 26.36, 26.95, 25.15, 26.4, 25.76, 26.23, 29.27, 26.68, 27.3, 26.8]",325.73
mixed_chain,64,"[4.97, 5.01, 5.06, 4.97, 5.91, 4.33, 4.25, 4.62, 4.96, 4.81, 4.41, 5.73, 5.19, 4.84, 4.6, 4.86, 4.77, 5.12, null, 4.66, 5.31, null, 5.22, 4.94, 4.86, 29.65, 25.66, 24.63, 23.09, 24.22, 24.49, 24.64, 26.75, 28.33, 27.87, 28.93, 29.48, null, 32.03, 33.62, 32.11, 31.95, 31.64, 30.65, 29.32, 31.32, 28.61, 27.67, 31.1, 26.83, 26.54, 30.15, 28.81, 27.73, 27.19, 27.5, 28.32, 30.05, 27.77, 26.82, 26.31, 28.61, 29.15, 30.06]",290.39
market_display,56,"[27.19, 32.05, 29.01, 29.87, 29.08, 30.95, 30.02, 31.9, 29.45, null, 29.68, 32.21, 31.49, null, 29.58, 28.66, 31.95, 28.59, 30.25, 29.44, 30.33, 28.19, 31.26, 31.89, 31.49, null, 30.76, 30.04, 30.24, null, null, 31.06, 28.15, 30.33, 31.36, 30.06, 30.98, null, 29.68, 30.08, 29.59, 31.32, 31.55, 31.02, 27.2, 29.86, 31.25, 30.04, 29.97, 31.36, 31.42, 30.96, 28.45, 28.9, null, 27.74]",301.46
power_outage,43,"[3.41, 3.37, 3.39, 3.79, 2.8, 3.27, 3.35, 3.3, 8.13, 13.05, 18.63, 23.11, 28.83, 3.45, 3.2, null, 3.32, 9.89, 15.34, 21.36, 28.21, null, 3.37, 3.49, 3.45, 2.84, null, 3.68, 3.34, 2.89, 3.19, 3.45, 3.83, 2.7, 3.4, 3.01, 3.44, 3.46, 3.22, 3.48, 3.63, 3.24, 2.89]",677.49
power_outage,65,"[3.45, 2.86, 2.65, 3.56, 2.54, 3.2, 3.38, 3.19, 3.24, 2.99, 3.21, 2.86, 2.9, null, 2.61, 3.24, 2.33, 3.18, 3.21, null, 2.7, 2.95, null, 3.17, 2.74, 3.1, 3.15, 3.14, null, 10.27, 17.66, 24.7, 31.82, 3.56, 3.12, 2.82, 2.82, 3.12, null, 2.98, 3.21, 3.42, 2.61, 3.1, 3.05, 3.08, 3.11, null, 3.49, null, 3.71, null, 2.95, 2.78, 2.91, 3.28, 3.33, null, 2.87, 2.87, 3.66, 2.82, 3.49, 3.19, 2.85]",658.82
stable_cold,72,"[5.43, 5.08, 5.55, 5.14, 4.97, 5.25, 4.63, 5.26, 4.55, 4.76, 4.36, 5.1, 5.81, 5.12, 5.43, 6.11, 5.33, 4.86, 4.92, 5.17, 4.92, 4.95, 5.57, 5.58, 4.51, 4.84, 4.99, 5.41, 5.63, 6.25, 4.98, 5.0, null, 4.9, 5.11, 5.0, 4.12, null, 5.1, 5.68, 5.17, 4.67, 5.07, 4.33, 4.69, 5.43, 5.07, 5.54, null, null, 4.98, null, 5.44, 5.43, null, 5.02, 5.71, 4.75, 4.74, 5.47, 4.57, 5.4, null, 5.6, 5.15, 5.19, 5.37, null, null, 5.36, 5.16, 5.01]",608.62
stable_cold,81,"[5.31, 5.83, 6.34, 5.74, 6.56, 5.96, 6.41, 5.66, 5.67, 6.0, 6.16, 5.9, null, 6.2, 5.4, 5.83, 5.76, 5.78, 6.13, null, 5.17, 5.87, null, 6.17, 6.29, 5.1, 5.66, 6.11, 5.4, 6.28, 6.39, 5.9, 5.66, 5.04, 6.29, 6.77, 6.69, 5.89, 5.53, 6.3, 5.92, 6.16, 6.09, 6.0, null, 6.39, 5.76, 5.6, 4.97, 5.83, 5.53, 6.14, 5.83, 5.88, 6.29, 6.13, 5.92, 6.64, 6.26, 5.8, 5.82, 6.28, 6.05, 5.52, 6.33, 6.47, 6.44, null, 6.8, 6.66, 6.1, 5.88, 5.24, 5.97, 6.18, 5.99, 5.21, 5.85, 6.23, 5.56, 6.03]",579.39
power_outage,22,"[2.84, 2.43, 3.4, 2.92, 2.35, 2.79, 2.66, 2.73, 2.37, null, 2.48, 9.78, 17.15, 24.04, 31.25, 2.97, 2.46, 2.53, 2.35, 2.48, 2.77, 2.92]",700.93
market_display,69,"[26.51, 28.25, 28.31, 29.27, 27.9, 27.54, 27.35, 27.33, 27.07, 26.64, 25.45, 29.06, 28.31, null, 26.3, 30.41, 27.88, 26.16, 25.65, 27.42, 29.14, 28.38, 27.61, 29.42, 28.2, 26.16, 29.6, 26.8, 26.77, 27.79, 28.45, 27.28, 25.94, 27.32, 29.24, 28.05, 29.39, 28.67, 27.39, 27.19, 28.28, 28.29, 28.19, 28.3, 27.88, 27.91, 27.07, 26.78, 28.94, 26.86, 25.8, 27.63, 28.38, 27.85, 26.61, 29.37, 28.33, 29.44, 27.99, 28.64, 26.68, 24.36, null, 26.44, 29.09, 29.16, 28.42, 27.04, 28.04]",289.75
mixed_chain,58,"[2.21, 2.09, 2.36, 2.27, 1.9, 2.42, 1.82, 1.73, 2.23, null, 2.5, null, 1.43, 1.92, 2.21, 2.84, 2.0, 1.5, 1.72, 2.08, 2.32, 3.04, 1.9, 2.37, 2.57, 1.93, 2.82, 33.73, 24.87, 25.02, null, 24.92, 25.91, 26.12, 28.88, 27.91, 29.11, 31.45, 32.22, null, 32.37, 34.25, 35.78, 25.74, 27.41, 26.14, 26.69, 25.27, 27.44, 25.57, 25.39, 26.2, 24.89, 25.35, 25.41, 26.73, 25.6, 26.81]",324.56
market_display,60,"[31.62, 31.39, 31.83, null, 32.77, 31.24, 31.64, 30.44, 32.34, 31.85, 30.6, 30.04, 31.72, 33.1, 33.43, 29.98, 32.65, 32.49, 33.19, 32.1, 31.13, 32.47, 28.44, null, null, 30.72, 29.71, 30.85, null, 31.21, 31.87, 30.03, 30.99, 31.42, 29.3, 31.44, 31.82, 32.44, 29.95, null, null, 29.45, 31.52, 29.7, 31.01, 30.56, 31.98, 31.18, 30.0, 33.36, null, 32.71, 30.22, 31.06, 32.73, 30.63, 31.52, 31.45, null, 31.45]",268.77
mixed_chain,12,"[3.26, 3.55, 3.17, 3.0, 23.04, 23.45, 31.04, 29.56, 30.74, 30.02, 32.02, 31.86]",315.88
hot_truck_transit,96,"[27.39, 19.76, 21.01, 20.27, 19.55, 20.06, 20.5, 22.68, 23.68, 24.4, 25.21, 26.48, 25.48, 27.66, 28.69, 28.16, 27.88, 26.93, 26.35, 25.56, 25.19, 23.59, 21.48, 22.61, 21.56, 20.8, 19.36, 19.58, 20.53, 20.53, 20.59, 23.01, 22.26, 21.59, 25.08, 26.08, 26.85, 27.76, 27.39, 28.8, 26.75, 27.42, 26.3, 26.78, 24.37, 24.03, 23.01, 22.13, 20.56, 20.8, 20.13, null, 21.37, 20.6, 20.35, 23.54, 23.72, 24.5, null, 26.57, 25.16, 28.68, 28.56, null, 28.54, 27.93, 26.0, 26.12, 25.31, 23.87, 22.76, 22.7, 21.29, 22.01, 19.59, 20.3, 19.38, null, 20.26, 22.21, 23.88, 24.02, 24.22, 26.73, 27.09, 27.37, 27.06, 26.69, 29.64, 26.98, 26.01, 26.23, 24.2, 24.37, 24.02, 25.23]",292.09
hot_truck_transit,84,"[30.43, 25.14, 26.13, 24.33, 25.45, 24.85, null, 27.99, 28.69, 30.12, 30.07, 32.0, 31.55, 32.37, 33.24, null, 32.7, 33.3, 32.29, 31.55, 29.63, 28.97, 28.17, 27.55, 25.8, null, 23.71, 25.87, 26.17, 24.21, 26.51, 26.98, null, 29.11, 30.75, 30.94, 31.56, 33.36, 34.0, 32.26, 34.05, 31.96, 30.24, 31.29, 30.72, 28.06, 26.66, 26.88, 25.95, 26.91, 25.42, 25.86, 25.58, 27.07, null, 27.21, 26.99, null, 31.2, 31.98, 32.01, 31.55, 33.07, 32.73, 33.88, 32.4, 31.75, 33.02, 30.95, 30.14, 27.83, 26.4, 27.3, 27.01, 24.38, 24.86, 24.68, null, 27.32, 26.98, 27.94, 27.71, 29.55, null]",227.94
mixed_chain,36,"[1.51, 2.42, 1.61, 2.03, 1.94, null, 1.93, 2.43, 2.6, 2.13, 2.24, null, 1.7, 1.63, 2.18, 1.91, 27.8, 18.01, 20.05, 18.89, 19.0, 20.99, 20.09, 21.65, 20.57, 22.67, 25.13, 29.04, 27.0, 28.25, null, 28.39, 29.04, 28.21, 29.24, 29.31]",321.64
hot_truck_transit,43,"[34.68, 26.38, 25.78, 24.12, null, 24.51, 25.45, 26.37, 29.69, 28.67, null, 31.05, 32.22, 32.76, 32.1, 33.72, 32.56, 32.13, 31.82, 31.89, 29.78, 29.31, 28.53, 27.45, 26.57, 24.65, 25.48, 24.51, 23.97, null, 26.0, 29.61, 28.99, 29.87, 29.95, 31.09, 34.13, 32.2, null, 34.71, null, null, 35.27]",261.5
market_display,70,"[29.17, 26.22, 28.5, 26.88, null, 28.07, 27.83, 27.23, 28.19, 26.17, 28.05, 27.23, 27.18, 30.4, 29.62, 29.68, 28.95, null, 29.69, 28.33, 28.67, 29.6, 28.91, 28.46, null, 28.07, 28.54, 28.66, 26.45, 27.05, null, 28.09, 27.91, null, null, 27.73, 27.74, 28.15, 28.96, 27.49, 29.55, 26.76, 28.76, 27.31, 29.33, 28.2, 26.48, 28.06, 28.41, 28.2, 28.33, 27.66, 27.26, 25.96, 28.63, 28.54, 30.22, 27.88, null, 28.11, 28.97, 27.31, 28.11, 27.96, null, 30.6, 28.33, 26.2, 26.53, 29.2]",279.63
power_outage,58,"[5.79, 5.77, 6.03, 6.21, 6.15, 5.85, 5.72, 6.35, null, null, 5.52, 5.78, 6.4, 5.6, 6.41, 6.35, 6.02, 5.19, 5.6, null, 6.48, 19.78, 33.72, 6.01, 5.53, 5.95, 5.72, 6.76, 5.68, null, 5.61, 6.04, 6.11, 6.0, 5.98, 6.22, 6.08, 5.91, 5.75, 5.91, 5.9, 5.9, 5.98, 5.53, 5.65, 6.21, 5.28, null, null, 6.46, 6.32, 5.86, 5.89, 6.43, 6.34, 6.25, 6.3, 5.63]",608.05
stable_cold,95,"[4.95, 5.78, 5.81, 5.54, 4.84, 4.36, 5.67, 5.28, 4.94, 5.71, 4.89, 5.07, 5.45, 4.79, 5.19, 5.67, 5.32, 5.73, 5.69, null, 4.3, 4.79, 5.54, 4.62, 5.11, null, 5.82, 5.01, 4.98, 5.21, 5.38, 5.17, 5.66, 4.92, 5.28, 5.41, 5.08, 5.57, 5.3, 5.55, 5.31, 5.39, 4.98, 4.98, 5.73, 5.49, 4.83, 5.31, 4.29, 5.01, 5.62, 5.19, 5.28, 4.03, 5.08, 5.37, 5.42, 5.62, 5.15, 5.17, 4.7, 5.15, 4.73, 4.5, 4.8, 5.84, 5.13, 5.32, 5.03, 4.52, 5.61, 4.37, null, 5.21, 5.33, 4.95, 4.5, 4.92, 4.94, 4.93, 5.62, 4.75, 5.36, 5.3, 5.62, 5.18, 5.55, 5.17, 5.41, 4.63, 4.18, 5.39, 5.41, 5.43, 5.03]",585.14
market_display,40,"[30.25, 32.16, 31.1, 29.78, 31.21, null, 31.23, 31.76, 32.06, 31.6, 29.79, 30.41, 32.46, 30.71, null, 31.9, 32.9, 31.0, null, 33.36, null, 31.14, 31.11, 32.18, 31.62, 31.12, 31.98, 30.31, null, 31.89, 31.63, 30.96, 30.35, 28.97, 28.98, 29.08, 32.56, 30.3, 29.64, 30.98]",292.26
market_display,45,"[29.38, 27.88, 29.03, 28.69, null, 27.73, 29.39, 28.02, 27.69, 30.41, 30.66, 27.71, 30.09, 26.86, 27.68, 27.37, 28.22, 28.82, 27.31, 28.3, 27.69, 29.1, 28.96, 30.49, 26.72, 30.18, 30.19, null, 28.38, 29.21, 30.03, 26.36, 28.27, 29.34, 28.9, 28.85, 26.86, 28.22, 28.35, 27.75, 30.15, 28.37, 27.79, 31.17, 29.36]",302.23
hot_truck_transit,7,"[25.8, 19.3, 19.87, 19.08, 19.8, 22.49, 25.24]",378.94
power_outage,44,"[3.16, 2.67, 2.91, 12.26, 22.2, 31.91, 2.71, 2.48, 2.35, 3.07, 2.45, null, 3.02, 2.64, 2.74, 3.09, 2.55, 2.52, 2.72, null, 3.27, 2.76, 2.58, 3.11, 2.29, 2.86, 2.78, 3.18, 3.21, null, null, 2.62, 2.7, 2.98, 17.09, 31.64, 3.08, 3.25, 2.88, 2.83, 2.46, null, 2.94, 2.83]",679.48
power_outage,89,"[5.45, 5.48, 4.98, 5.88, 5.96, 6.07, 5.41, 5.87, 5.74, 5.96, 5.55, 5.64, 5.28, 5.53, null, 5.79, 5.24, 5.59, 5.79, 6.16, 5.49, 5.89, 5.57, 5.61, 5.48, 5.43, 5.6, 6.06, 5.52, 5.47, 5.8, null, 5.72, 5.82, 5.44, 5.47, 6.04, 5.7, 5.92, 6.11, 6.0, 5.33, 5.71, 6.05, 5.9, 10.85, 15.36, 20.73, 25.99, 30.6, 5.98, 5.71, 5.15, 5.57, 5.66, null, 6.17, 5.92, 5.33, 5.29, 5.66, 5.78, 6.04, 6.26, 6.28, 5.61, 6.02, 5.87, 5.41, 5.18, 5.78, null, 5.49, 5.54, 5.81, 6.13, 5.75, null, 10.18, 15.99, 20.92, 25.81, null, 5.38, 5.54, 5.67, null, 5.91, 5.88]",569.2
market_display,14,"[32.48, 33.72, null, 33.56, 32.76, 32.65, 32.19, 33.68, 31.35, 31.03, 32.44, 31.58, 32.76, 34.69]",289.79
power_outage,27,"[3.51, 4.0, 3.53, 3.5, 3.78, 3.27, 3.86, 8.53, 13.32, 18.17, 23.91, 28.22, 3.64, 3.92, 3.41, 4.0, 3.65, 3.24, 3.5, 3.33, 3.68, 3.42, 3.39, 3.75, 3.67, 4.02, 4.01]",672.4
market_display,94,"[29.57, 28.1, 30.0, 27.76, 26.37, 30.33, 26.24, 28.02, 29.63, 30.18, 28.5, 28.0, null, 29.79, 29.98, 29.26, 29.42, null, 28.53, 26.47, 27.08, 29.5, 30.13, 28.91, 27.37, 28.93, 29.14, 26.4, null, null, null, 28.59, 28.29, 30.24, 28.01, 27.25, 28.55, 27.43, 29.85, 28.57, 27.26, 27.8, 28.12, 28.3, 26.7, 27.28, 28.99, 30.21, 28.05, 28.78, 31.47, 28.96, 26.33, 29.34, 28.93, 28.14, 27.31, 29.65, 25.41, 28.15, 28.24, 27.82, 28.54, 27.17, 29.33, 32.17, 27.59, 29.17, 28.86, 28.93, null, 28.69, 28.94, 29.65, 29.56, 30.23, 27.8, 28.91, 28.5, 29.71, 26.81, 30.0, 29.07, 30.13, 28.75, 28.47, 27.9, 28.2, 26.25, 28.49, 28.05, 28.8, 27.84, null]",255.8
power_outage,36,"[4.31, 3.76, null, 4.34, 4.36, 4.27, 4.62, 4.08, 3.94, 4.11, 4.18, 4.34, 4.12, 3.72, 3.59, 4.4, 11.29, 18.29, 26.35, 33.9, 4.33, 14.13, 23.82, 32.74, 4.62, 4.73, 4.91, 4.23, 4.02, 4.77, 4.51, null, 4.16, 4.44, 4.04, 4.36]",653.47
stable_cold,19,"[4.01, 4.62, 4.58, 3.78, 4.38, 3.86, 4.32, 4.37, 4.55, 3.85, 4.46, 3.3, 4.57, 4.04, 4.05, 3.24, 3.89, 4.59, 3.88]",685.46
hot_truck_transit,82,"[26.49, 22.76, 20.56, 23.6, 22.3, 22.03, 23.21, 25.73, null, 26.53, 29.03, 29.0, 28.92, 28.43, 30.7, 29.78, 30.72, 29.75, 29.48, 29.04, 25.98, 26.43, 25.28, 24.56, 23.9, null, 21.95, 21.42, 21.19, 22.96, 23.92, 24.05, 25.96, 26.24, 27.29, 27.18, 28.8, 30.53, 31.31, 30.17, 30.88, 30.92, 28.41, 28.58, 27.51, 27.19, 24.62, null, 23.29, 23.2, 23.44, 23.51, 23.45, 22.07, 23.12, 25.13, 25.78, 26.12, 26.63, 25.2, 27.88, 29.55, 29.96, 30.66, 30.67, 31.6, 28.54, 26.77, 26.62, 27.67, 25.3, 25.14, 23.05, 22.46, 21.09, 22.06, 22.47, 23.56, 23.95, 25.92, 25.17, 28.66]",275.82
market_display,91,"[32.66, 30.63, 29.65, 30.79, 32.39, 31.37, 32.1, 29.72, 29.36, 31.99, 31.71, 30.2, 29.92, 31.1, 31.24, 29.83, 31.21, 29.55, 30.53, 29.72, 31.16, 30.53, null, 31.66, 29.72, 32.39, 31.06, null, 29.74, 32.02, 33.76, null, 30.58, 32.68, 30.48, 31.88, null, 30.6, 31.91, 33.7, 32.48, 32.15, 28.94, 30.14, 32.34, 30.93, 30.7, 32.71, 32.09, 30.31, 32.21, 30.14, 29.39, 31.67, 29.81, 29.78, 30.06, 31.48, 32.23, 30.93, 29.84, 29.93, 29.42, null, 30.2, 31.55, 29.11, 32.8, 31.26, null, 30.55, 31.49, 30.21, 31.71, 32.81, 32.37, 31.24, null, null, 31.12, 31.15, 31.38, 31.79, 30.2, 32.63, 32.83, 34.23, 29.21, null, 30.31, 32.05]",234.5
mixed_chain,22,"[4.34, 4.11, 4.07, 4.54, 4.56, 3.84, 3.91, 4.59, null, 31.41, 24.02, null, 23.87, 23.91, null, 26.36, 28.42, 25.39, 28.76, 29.52, 27.49, 26.27]",357.03
stable_cold,67,"[2.97, 2.12, 2.47, 3.09, 2.87, 1.78, 3.36, 2.91, 2.53, 3.26, 2.59, 2.58, 3.0, 3.57, 3.51, 3.0, 3.05, 3.18, 2.36, 3.12, 2.57, 2.99, 2.77, 3.06, 2.91, 1.63, 2.93, 3.12, 3.04, 2.82, 3.52, 2.98, 3.04, 3.28, 3.01, 2.5, 1.88, 2.67, 3.16, 2.72, 3.18, 2.92, 3.38, 2.74, 3.05, 3.06, null, 2.18, 2.68, 3.2, 3.48, 2.96, 2.74, null, 3.21, 2.72, 2.99, 3.33, 3.62, null, 2.88, 2.84, 3.08, 2.81, 2.94, 2.44, 3.38]",649.37
stable_cold,57,"[1.98, 1.68, 2.38, 2.33, 2.19, 3.18, 2.6, 2.67, null, 1.98, 2.39, null, 1.63, 2.3, 2.38, 2.29, 2.05, null, 2.31, 2.41, 2.62, 2.81, 2.26, 2.19, 2.55, 2.62, 2.2, 2.69, 2.77, 2.89, 3.09, null, null, 2.38, null, 2.12, null, 2.41, 2.07, 2.41, 2.06, 1.94, 2.47, 2.44, 2.61, 3.25, 2.49, 2.57, 1.95, 1.86, 3.01, 2.01, 1.96, null, 2.34, 2.02, 2.25]",683.39
mixed_chain,84,"[4.16, 3.88, 4.19, 4.52, 4.5, 4.19, 4.27, 4.51, 4.14, 4.26, 4.02, 4.77, 3.93, 4.33, 4.67, 4.7, 4.0, 4.77, 4.65, 4.73, null, null, 4.7, 5.46, 3.78, 4.63, 4.76, 4.58, 4.87, 4.85, 4.61, 27.27, 21.14, 20.52, 19.05, 22.06, 21.38, 21.53, null, 24.32, 25.41, 25.29, 27.6, 27.13, 27.9, 27.94, 28.72, 28.43, 27.15, 31.95, 26.98, null, 24.98, 26.01, 24.69, 25.43, 23.91, 26.24, 27.03, 26.13, null, 26.28, 26.66, 26.8, 26.83, 27.46, 24.14, 27.01, 25.8, 25.5, null, null, null, 25.07, 27.26, 26.95, 27.87, 25.88, 26.85, 24.18, 28.94, 28.22, 25.07, 27.99]",292.67
mixed_chain,26,"[4.63, 4.85, 4.15, null, 4.1, 4.23, 3.91, 4.19, 30.6, 22.41, 22.18, 22.0, 25.94, 30.07, 29.22, 30.97, 29.19, 31.18, 30.1, 30.56, 30.75, 31.63, 31.06, 29.56, 30.86, 30.55]",314.93
stable_cold,51,"[4.39, 3.88, 4.23, 4.4, 4.0, 5.06, 5.29, 4.59, 4.39, 3.88, null, null, 4.28, 4.59, 4.16, 4.46, 3.82, 4.83, null, 4.86, 4.32, 4.34, 3.91, 4.7, 4.05, 4.2, 4.4, 4.45, 3.72, 4.31, 4.72, 4.25, 4.31, 4.46, 4.35, 3.99, 4.38, 4.8, null, null, 3.85, 4.78, 4.36, 4.06, null, 3.92, 3.99, 3.81, 3.97, 4.94, 4.11]",648.42
hot_truck_transit,18,"[28.82, 26.06, 25.69, 24.71, 24.94, 25.73, 25.35, 26.03, 27.04, 28.67, 29.1, 29.86, null, 31.11, 31.79, 31.94, 32.39, 35.2]",283.97
hot_truck_transit,8,"[32.31, 26.18, 25.68, 24.3, 25.45, 24.81, 27.13, 31.7]",319.3
hot_truck_transit,7,"[27.0, 21.9, 20.44, 20.4, 20.56, 21.07, 27.68]",355.54
mixed_chain,54,"[3.75, null, 2.73, 2.96, 3.15, 2.96, 2.75, 3.04, 3.54, 2.54, null, 2.64, 2.64, 2.42, 3.09, 2.38, 3.14, 3.03, 3.26, 2.23, null, 33.77, 25.23, 26.4, 24.85, 24.29, 26.15, 26.54, 28.03, 27.48, 29.39, null, 31.55, 35.07, null, null, 26.48, 28.58, 26.72, 27.16, 27.9, 26.66, 26.73, 26.72, 27.26, 29.78, 28.28, 28.1, 25.81, 26.37, 27.57, 24.64, 25.93, 28.32]",312.96
market_display,3,"[31.81, 31.42, 30.93]",329.85
market_display,5,"[26.34, 27.2, 25.83, 28.76, 26.12]",371.47
stable_cold,72,"[4.12, null, 3.65, 4.25, 4.46, 3.5, 3.69, 3.94, 3.99, 3.59, 4.55, 3.96, 4.01, 4.5, 3.62, 3.76, 3.29, 3.73, 3.2, 4.09, 3.96, 3.68, 3.75, 4.1, 3.34, 3.88, 4.07, 3.08, 4.07, 3.13, 3.75, 3.33, 4.37, 3.33, 3.13, 3.85, 3.63, 3.19, 4.01, 3.0, 3.38, 3.56, 4.12, 4.31, 4.24, 3.73, 2.82, 3.95, 4.38, 4.29, 3.98, 3.32, 3.58, 4.57, 3.23, 3.34, 4.17, 3.62, 3.32, 4.41, 3.98, 3.64, null, 4.61, 3.79, 4.35, 4.15, 3.59, 3.59, 4.37, 4.38, 3.04]",649.12
power_outage,82,"[null, 2.13, null, 2.67, 2.63, 2.59, 1.8, 2.4, 2.47, 2.59, 2.43, 2.74, 1.73, 2.45, 2.42, 2.55, 2.74, 2.01, null, 2.52, 2.22, 2.01, 2.34, 2.36, null, 2.09, 2.46, 2.16, 2.64, 2.79, 2.03, null, 2.57, 2.36, null, 2.54, 2.1, 2.34, 1.98, null, 2.15, 2.55, 2.21, 2.13, 2.4, 1.96, 2.82, 2.33, null, 2.16, 2.28, 2.58, 2.01, 2.17, 2.26, 10.44, 17.98, 25.86, 33.09, 2.71, 2.66, 2.49, 2.51, 9.8, 18.23, 25.3, 33.25, null, null, 2.26, 2.34, 2.24, 2.27, 2.73, 2.03, 1.9, 2.1, 2.5, 2.53, 2.46, 2.55, 2.36]",650.02
stable_cold,7,"[3.48, 3.18, 2.77, 4.36, 3.33, 2.91, 3.08]",715.01
market_display,84,"[31.47, 32.83, 33.7, 34.5, 35.13, 31.04, 31.93, 32.71, 31.3, 34.79, 32.94, 34.2, 32.58, 33.28, 31.15, 31.52, 31.54, 30.74, 34.02, 32.77, 34.06, 32.65, 34.14, 33.93, 32.64, 33.03, 33.21, 34.13, 32.75, 33.22, 31.02, 31.73, 31.91, 33.41, 31.94, 32.93, 32.59, 32.79, 33.83, 32.99, 32.49, 33.27, 34.73, 32.85, 31.25, 31.14, 32.38, 31.35, 29.85, null, 33.17, 34.38, 32.7, 33.09, 33.34, 32.82, 31.92, 35.32, 31.53, 33.22, 31.78, 32.85, 33.21, 32.47, 31.26, 32.3, 34.07, 30.91, 34.67, 32.83, 33.57, 31.45, 32.54, 31.92, 33.07, 31.41, 31.97, 35.2, 33.49, 33.17, 33.15, 34.47, 32.56, 33.84]",227.63
market_display,76,"[33.71, 33.4, 32.45, 31.94, 33.12, 32.8, 30.74, 33.62, 31.71, 31.75, 33.81, 32.73, 32.33, 32.08, 32.24, 32.49, 34.5, 30.21, 35.54, 35.34, 32.09, 32.75, 32.75, 33.81, 32.69, 32.98, 33.94, 30.2, 32.34, 32.8, 32.14, 30.49, 32.58, 31.87, 32.01, 32.51, 30.5, 32.18, 31.71, 30.98, 33.13, 30.98, 33.18, 33.58, 32.39, 33.84, 35.31, 33.21, 32.16, 33.94, 30.2, 35.33, 32.64, 32.86, 30.65, 33.62, 32.67, 32.36, 31.77, 31.46, 31.64, 30.57, 32.76, 34.43, 33.0, 31.54, 32.91, 29.34, 34.57, 31.85, 33.14, 32.45, 33.22, 35.32, 29.95, 32.83]",241.83
mixed_chain,46,"[4.5, null, 4.18, 4.41, 4.3, 3.44, null, 2.92, 4.23, 4.44, 4.28, 4.23, 4.22, 4.34, 3.74, 3.85, 29.37, 24.4, 24.32, 24.04, 23.24, 24.88, null, 26.81, 25.86, 27.72, 27.66, 30.42, 34.68, 32.03, 30.33, 28.61, 31.13, 32.14, 30.49, null, 28.89, 30.09, 29.18, 30.97, null, 30.69, 30.5, null, 29.56, 30.91]",297.0
mixed_chain,69,"[3.65, 4.52, 4.86, 3.88, 3.99, null, 3.69, 3.77, 3.77, 4.27, 4.09, 3.96, 4.55, 4.53, 4.78, 4.23, 4.51, 3.74, 4.49, 4.51, 3.89, 4.44, 30.1, 22.63, 20.41, 20.47, 21.17, null, 22.54, 22.89, 23.89, 24.9, 26.39, 27.16, 28.29, 28.32, 27.55, null, 28.4, 33.06, 31.28, 25.41, 27.84, 29.08, 26.7, 28.57, 26.61, 28.61, 28.67, 29.48, 28.95, 27.46, 28.69, 29.0, 27.53, 29.79, 29.3, 26.67, 28.65, 27.38, 26.24, 27.93, null, 31.17, 27.97, 28.67, 28.98, 28.18, 28.94]",293.99
market_display,48,"[29.84, 29.53, 29.57, 28.97, 29.98, 30.01, 30.37, 31.13, 32.51, 31.88, 28.79, 31.74, 31.97, 31.58, 30.13, 32.43, 29.59, 31.95, 31.91, 31.27, 28.51, 30.91, 31.67, 30.73, 30.57, 30.22, 30.04, 30.55, 32.11, 29.82, 31.14, 27.44, 30.04, 31.52, 31.88, 29.33, 31.01, 31.6, 29.7, 28.66, 29.04, 28.75, 31.51, 30.78, 30.14, 29.59, 31.98, 30.4]",289.21
power_outage,10,"[3.97, 9.89, 15.5, null, 25.85, 32.1, 3.75, 4.65, 4.45, 4.52]",677.91
hot_truck_transit,72,"[25.47, null, 20.86, 20.31, 19.58, 18.28, 19.82, 22.08, 22.29, 23.49, 25.1, 26.48, 25.78, 27.51, 28.73, 28.72, 27.02, 27.28, 27.01, 25.59, 24.41, 22.19, 21.85, 21.02, 19.74, 20.2, 20.41, 19.24, 17.95, 20.02, 20.97, 21.74, 21.97, 22.61, 25.32, 25.86, 25.86, 25.84, 27.62, 26.86, 27.75, 27.17, null, 25.52, 26.21, 23.64, 22.01, 20.73, 20.05, 20.46, 19.82, 18.11, 20.53, 21.29, 19.27, 22.39, 23.89, 22.14, 24.24, 24.9, 27.18, 26.71, 27.08, 27.91, 28.69, 26.99, 26.03, 25.35, 25.14, 22.51, 22.53, 26.69]",304.4
stable_cold,93,"[2.7, 1.84, 2.29, 2.11, 2.21, null, 2.83, null, 2.35, 2.36, 1.86, 2.31, 2.69, 2.86, 1.81, 1.66, 2.29, 2.71, 2.41, 2.54, 1.72, 2.04, 1.39, null, 1.4, null, 2.89, 2.32, 1.66, 2.42, 3.01, 2.46, null, 2.07, 1.92, null, 1.5, null, 2.32, 2.62, 2.08, 1.65, 2.84, 1.82, 2.41, 2.45, null, 1.95, 2.21, 1.89, 2.59, 2.5, 2.26, 2.04, 3.11, 1.75, 1.65, 2.24, 2.17, 2.71, 2.53, 2.28, 2.47, 2.46, 3.11, 2.37, null, 2.35, 1.22, 2.26, 2.71, 2.51, 2.39, 2.53, 2.71, 2.84, 2.45, 2.14, 1.34, 2.66, 2.47, 2.33, 1.99, 2.65, 2.17, 2.25, 2.25, 2.45, 1.81, 2.49, 1.98, 1.99, 2.62]",640.16
mixed_chain,32,"[4.68, 4.9, 4.03, 4.8, 5.04, 5.0, 4.61, 4.48, 4.86, 4.54, 5.1, 5.53, 28.02, 25.55, 24.72, 25.36, 25.55, 25.37, 26.62, 25.7, 30.16, 32.04, 30.83, 31.55, 30.06, 32.88, 32.16, 31.18, 31.5, 31.6, 31.78, 30.7]",309.63
power_outage,28,"[2.55, 2.74, 2.78, 2.68, null, 2.28, 2.73, 2.59, 2.62, 2.47, 2.3, 2.22, 2.68, 2.73, 7.78, 13.04, 18.07, 23.67, 28.77, 2.47, 2.84, 2.77, 2.12, 2.6, 2.29, 2.62, 1.64, 2.64]",700.89
hot_truck_transit,7,"[25.88, 21.16, 19.94, 19.48, 18.72, 20.53, 21.92]",414.01
hot_truck_transit,79,"[29.13, 21.28, 20.95, 22.03, 21.59, 23.42, 22.35, 23.42, 24.59, 24.51, 25.36, 26.26, 25.55, 28.76, 28.19, 28.94, 30.05, 28.07, 28.75, 26.1, 25.85, 26.76, null, 24.4, 24.42, 21.57, 20.97, null, 21.74, 22.21, 23.16, 24.48, 23.51, 26.86, 26.18, 27.66, 28.14, 28.21, 28.27, 29.54, 28.46, 28.65, 27.87, null, 24.96, 22.83, 25.0, 24.27, 20.49, 22.24, 21.68, 20.31, 22.22, 22.81, 23.39, 24.76, 25.13, 24.7, 26.42, 27.68, 29.41, 28.63, 28.72, 28.04, 29.93, 29.0, 27.5, null, 26.13, 24.31, 25.4, 21.72, 22.65, 21.81, 20.19, 21.63, 20.95, 23.25, 27.35]",290.1
mixed_chain,80,"[5.11, 5.09, 5.17, 5.41, 6.1, 5.71, 5.59, 5.43, 4.57, 4.56, 5.02, 4.84, 4.67, 5.72, 5.24, 4.99, 4.81, null, 5.3, 4.74, 5.15, 6.08, 5.74, 5.35, 5.48, null, 5.22, 4.87, 5.05, 5.52, 5.9, 5.47, 5.72, 4.5, 5.52, 5.46, 5.02, 5.3, 29.84, 21.39, 22.18, 20.53, null, 22.56, 21.22, 24.73, 23.2, 25.37, 26.3, 25.94, 26.44, 27.28, 28.54, 29.39, 28.47, 27.86, 27.15, 26.67, 25.6, 24.47, 22.98, 22.17, 22.67, 20.82, 21.62, 20.93, 22.5, 21.49, 27.67, 31.24, 35.17, 33.99, 31.34, 33.67, 33.78, 34.82, 31.86, 32.71, null, 33.16]",261.23
market_display,30,"[29.84, 27.89, 28.42, 28.04, 26.86, 26.33, 25.73, 28.02, 28.85, 27.19, 25.59, 29.41, 29.57, 26.6, 26.84, 29.21, 25.95, 26.63, 30.03, null, 28.33, 26.86, 29.66, 28.18, 29.5, 27.64, 26.9, null, 27.25, 27.64]",331.87
market_display,12,"[27.71, 27.42, 27.0, 26.87, 28.78, 28.06, 28.41, 27.35, 28.14, 27.3, 26.59, 27.71]",349.43
market_display,4,"[32.47, 31.8, 31.15, 29.87]",337.78
mixed_chain,17,"[1.82, 2.61, 3.23, 2.32, 1.94, 28.02, 24.49, 23.31, 28.02, 31.09, 31.63, 33.31, 32.3, 30.74, null, 33.89, 32.35]",307.6
stable_cold,64,"[4.02, 4.0, 4.16, 3.67, 4.2, 3.55, 3.69, 3.7, 3.49, 4.32, 3.53, 3.64, 4.42, 3.69, 3.84, 3.51, 4.25, 4.25, 4.21, null, 3.95, 3.71, 3.59, 4.43, 4.22, 3.64, 3.93, 3.8, 3.46, 3.99, 3.75, 3.54, 3.32, 3.29, 3.77, 3.88, 3.57, 4.18, 3.89, 4.15, 3.84, 3.6, 3.96, 3.41, 4.13, 3.54, 4.28, 3.78, 4.34, 3.47, 3.65, 4.07, 4.38, 4.58, 3.93, 4.65, 3.8, 4.36, 3.54, 4.08, 2.98, 3.47, 4.1, 3.39]",650.23
power_outage,28,"[4.51, 4.67, 4.25, 4.26, 4.26, 4.7, 4.36, 4.29, 4.49, 4.93, 4.4, 4.3, 4.96, 9.54, 14.27, 18.53, 23.27, 27.66, 4.67, 4.4, 3.84, 4.74, 4.28, 4.31, 3.92, 4.53, 4.53, 4.36]",663.64
stable_cold,48,"[3.66, 4.5, 4.24, 4.19, 4.5, 4.33, 4.26, 3.72, 3.61, 4.0, 3.85, 4.39, 3.56, 4.1, null, 4.26, 4.44, 4.15, 4.01, 4.78, null, 4.85, 4.15, 4.27, 4.22, 4.37, 4.11, 4.32, 4.89, 4.7, 4.7, 3.74, 3.81, 4.37, 4.59, 4.07, 4.0, 4.84, 4.55, 4.7, 4.1, 4.07, 4.66, 4.17, null, 3.91, 4.07, 4.63]",641.3
market_display,62,"[31.62, 32.82, 32.22, 32.87, 31.97, 32.91, 31.85, 34.04, 33.11, 32.6, 32.73, 32.3, 32.9, 34.55, null, null, 31.83, 29.77, 33.49, 34.05, 33.28, 35.55, 32.32, 31.68, 34.17, 34.25, null, 31.46, 31.91, 30.78, 35.12, 31.65, 31.3, 32.63, null, 33.55, 32.6, 31.94, 32.28, 32.03, 34.43, 32.75, 33.51, 32.5, 30.56, 34.72, 33.45, 33.22, 30.21, 32.59, 34.6, 34.31, 32.49, 34.22, 34.64, 32.57, null, 34.28, 33.76, null, 31.7, 33.69]",249.79
stable_cold,71,"[5.31, 5.62, 5.15, 5.86, 5.24, 5.37, 5.32, 5.8, 5.74, 4.48, 5.63, 4.83, 5.39, 5.48, 5.38, null, 5.81, 5.21, 5.2, 5.51, 4.91, 5.33, 6.06, 4.92, 5.39, 5.29, 6.33, null, 5.33, 5.11, 5.53, 5.63, 5.17, 5.92, 5.63, 5.87, 5.39, 5.62, 5.44, 6.11, 5.57, 5.53, 5.34, 5.32, 5.62, 5.85, 5.25, 5.57, null, 5.67, null, 5.15, 4.98, 5.54, 5.16, 5.33, 5.05, 5.36, 5.07, 5.83, 5.72, 5.58, null, 4.71, 5.34, 5.22, 5.62, 5.77, 5.65, 6.03, 5.3]",603.7
hot_truck_transit,66,"[null, 22.63, 22.93, 21.98, 21.81, 23.14, 24.06, 22.89, 24.54, null, 26.26, null, 27.96, 29.83, null, 29.52, 29.49, 30.57, 29.57, 29.78, 24.98, 26.42, 23.05, 23.96, null, 21.6, 21.64, 21.74, 22.47, 21.6, 22.57, 24.4, 25.52, 28.09, 27.15, 28.49, null, 30.57, 29.1, 29.93, 30.05, 29.84, null, 27.82, 27.73, 24.85, 25.15, 22.47, 22.97, 24.52, 22.33, 21.6, 22.53, 22.48, 22.25, 22.51, 24.94, 25.83, 26.81, 28.66, 29.92, 30.04, null, null, 30.75, 36.16]",240.88
mixed_chain,44,"[2.25, 2.34, 1.5, 2.01, 2.85, 2.68, 2.16, 1.82, 2.52, 1.49, 2.45, 2.28, 2.15, 2.68, 28.01, 19.63, 19.71, 20.97, 18.34, 19.63, 20.2, 21.92, 27.51, 28.09, 24.55, 25.0, 26.19, 27.13, 26.26, 27.19, 27.17, 24.67, 25.86, 23.63, 26.67, 28.59, 25.33, 25.66, 25.19, 27.82, 26.81, 25.68, 24.39, 25.7]",344.22
market_display,58,"[31.72, 30.07, 30.86, 32.44, 31.25, 30.59, 31.14, 30.1, 33.7, 32.63, 34.51, 31.68, 31.14, 30.53, 32.11, 31.02, 30.41, 33.15, 31.61, 31.87, 31.82, 32.05, 29.46, 30.18, 33.77, 31.5, 32.05, 32.52, 31.11, 30.28, 29.92, 30.35, 30.73, 30.65, 30.01, 32.66, 33.33, 30.44, 29.51, 31.63, 33.38, 29.96, 30.0, 28.72, 31.87, 30.36, 32.62, 32.43, 33.35, 32.88, 29.66, 31.22, 32.93, null, 31.11, 31.64, 31.5, 31.91]",267.42
hot_truck_transit,83,"[30.53, 22.66, 21.86, 21.49, 20.87, 22.59, 22.34, 24.18, 25.73, 25.32, 27.66, 27.72, 28.88, 27.98, 28.88, 29.01, 30.51, 28.75, 28.9, 27.51, 26.32, null, null, 23.3, 22.52, 21.4, 21.82, 23.14, 22.9, 22.09, null, 24.05, 24.7, null, 26.79, 27.61, 27.84, 29.28, 27.58, 29.74, 27.74, 29.2, 27.57, 28.55, 26.63, null, 24.82, 22.84, 23.6, 22.62, 21.22, 20.68, 21.33, 21.94, 21.79, 23.12, 23.98, 25.33, 26.37, 27.88, 28.34, 29.27, 29.55, 29.33, null, 26.76, 28.03, 27.03, 26.62, 24.98, 24.89, 24.07, null, 22.2, 20.6, 21.87, 21.25, 21.38, 21.29, 23.41, 23.53, 24.3, 31.92]",254.58
hot_truck_transit,21,"[27.73, 20.96, 20.05, 19.67, 20.7, 19.87, 21.19, 23.12, 21.98, 23.84, null, 25.34, 25.3, 25.87, 27.48, 29.34, 27.25, 27.23, 26.87, 26.88, 28.79]",332.63
hot_truck_transit,5,"[31.01, 23.9, 24.57, 23.88, 26.9]",364.17
mixed_chain,40,"[null, null, 2.37, 2.12, 2.0, 2.12, 1.73, 1.81, 2.04, 2.09, 1.24, 1.64, 2.29, 2.35, 1.4, 2.12, 27.08, 21.64, 20.91, 21.74, 21.99, 21.04, 22.62, 22.37, 27.07, 26.45, 28.55, 26.01, 26.84, 26.76, 26.51, 25.87, 26.01, 25.37, 26.56, null, null, 29.16, 28.14, 27.93]",329.06
mixed_chain,79,"[2.84, 3.35, 2.87, 3.54, 2.92, 3.28, 3.32, 3.19, 3.26, 2.4, 2.81, 2.84, 3.3, 3.51, 3.15, 2.92, 3.05, 3.16, 3.01, 2.77, 2.58, 2.64, 2.58, 3.11, 2.78, 3.29, 33.37, 25.43, 25.75, 26.02, 25.33, 25.46, 26.43, 26.75, 28.75, 28.79, 29.71, 31.23, 31.12, 33.52, 31.49, 32.0, 33.57, 33.6, 33.25, 30.4, 29.8, 29.09, 28.16, 27.69, 30.43, 28.16, 28.27, 25.76, 27.91, 28.2, 27.95, 24.79, 25.92, 25.93, 26.63, 26.48, 30.56, 26.25, 26.91, 27.61, 26.99, 29.18, 27.48, 26.55, 26.51, 28.02, 28.46, 27.59, 26.26, 26.18, 27.61, 28.82, 27.81]",293.67
mixed_chain,67,"[4.13, 3.24, 4.2, 4.29, 4.28, 3.83, 3.54, 4.56, 3.96, 3.92, 3.86, 4.3, 4.47, 4.27, 4.25, 3.96, 3.93, 3.95, 4.26, 3.89, 4.33, 4.36, 4.37, 29.39, 23.81, 23.02, 22.77, 23.18, 24.27, 23.75, 26.6, 26.64, 26.9, 28.87, 28.56, 30.22, 31.08, 31.65, 31.15, 30.27, 30.72, 31.07, 28.73, 27.74, 27.08, 26.69, 29.39, 25.08, 27.94, 25.18, 26.44, 25.5, 26.76, 27.44, 26.09, 27.21, 26.99, 26.59, 27.35, 28.99, 27.78, 24.39, 24.65, 26.19, 23.87, 26.12, 24.48]",333.16
hot_truck_transit,82,"[29.48, 24.67, 24.48, 23.67, 23.56, 24.05, 25.75, 26.21, 26.82, 28.78, null, 29.85, 30.21, 32.47, 32.12, 32.1, 32.92, 31.5, 31.39, 30.37, 31.88, 28.14, 27.96, 26.05, 25.78, 24.63, 25.02, 24.17, 24.79, 24.18, 24.78, 24.74, 27.5, 27.73, 31.04, 29.87, 32.07, 32.63, 31.91, 31.66, 32.0, 32.62, 32.9, 29.26, 29.29, 27.76, 26.92, 27.61, 24.8, 23.5, 24.54, 24.55, 24.05, 24.24, null, 25.17, 27.55, 27.97, 30.39, 30.5, 30.95, 31.53, 30.56, 32.15, 31.95, 31.75, 30.92, 31.39, 29.07, 27.57, 25.88, 25.89, null, 23.74, 24.13, 25.16, 25.13, null, 25.45, 26.58, null, 33.64]",239.7
mixed_chain,96,"[4.14, 3.81, 3.97, 4.0, 3.8, null, 3.79, null, 4.19, 3.46, 4.16, 3.97, 3.07, 4.61, 3.59, 4.04, 4.15, 4.0, 4.31, 4.35, 4.07, 3.62, 4.04, 4.47, 3.95, 3.41, 4.45, 3.81, 4.35, 3.78, 4.2, 3.89, 3.75, 4.19, null, null, 4.29, 3.76, 4.11, 4.1, 4.27, 4.36, 4.19, 4.25, 4.36, 3.78, 31.48, 24.86, 26.68, 26.53, 26.46, 26.23, 26.47, null, 28.93, 30.22, null, 32.23, 33.35, 33.78, 32.33, 34.25, 33.46, 34.37, 32.39, 32.54, 31.87, 30.31, 28.19, 28.05, 26.19, 25.75, 26.73, 31.61, 28.09, 27.79, 24.82, 26.24, 25.64, 25.82, 27.37, 26.92, 24.21, 27.46, 25.56, 26.63, null, 27.01, 25.43, 26.64, 27.14, 25.95, null, 24.91, null, null]",310.53
hot_truck_transit,62,"[33.36, 24.65, null, 23.77, 24.67, 24.44, 25.55, 25.53, 26.01, 27.19, 29.69, 29.29, 30.74, 32.36, 32.94, 31.4, 30.13, null, null, 30.72, 28.28, 26.77, 26.42, 25.77, 27.03, 24.81, 24.84, 25.06, 23.96, 24.8, 25.56, 26.67, 27.05, 29.02, 30.1, 29.96, 31.62, 31.96, 34.18, 32.9, 32.36, 31.19, 30.18, 30.61, 27.85, 29.48, 25.5, 25.36, 26.16, 24.69, 24.47, 23.63, 24.22, 25.27, 24.69, 25.97, 27.15, 27.97, 29.82, 30.55, 30.93, 32.65]",263.57
stable_cold,21,"[null, 5.65, 5.83, 5.02, 4.98, 5.01, 4.89, 4.95, 5.19, 4.7, 4.34, 5.03, 4.61, 4.65, 4.83, 4.74, 5.33, 4.82, 5.35, 4.97, 4.85]",662.98
market_display,10,"[28.65, 28.16, 28.59, 27.69, 28.16, 29.03, 30.34, 27.67, 29.08, 26.55]",361.87
stable_cold,3,"[3.08, 3.4, 3.73]",704.76
mixed_chain,6,"[3.11, 2.2, 24.78, 26.45, 26.47, 26.17]",371.06
market_display,9,"[29.34, 31.41, 31.1, 29.82, 30.44, 28.81, 29.89, 30.08, 28.61]",343.82
mixed_chain,52,"[1.7, 2.57, 1.37, 1.9, 2.27, 2.05, 1.82, 2.55, 1.58, 2.15, null, 2.41, 1.88, 2.11, 1.99, 2.08, 2.17, 2.12, 2.08, 1.83, 2.2, 1.64, 2.26, 2.1, 1.21, 26.56, 18.17, 20.24, 20.0, 19.73, 20.42, 18.67, 19.19, 23.44, 22.08, 24.7, 28.79, 30.44, 29.14, 31.21, 29.08, 28.71, null, 30.53, 29.39, null, null, 30.86, 28.99, 29.93, 30.09, 29.16]",311.34
stable_cold,21,"[2.6, 2.62, 2.73, 2.5, 1.91, 2.65, 2.37, 2.18, 2.26, 2.1, 2.73, 1.81, 1.98, null, 3.02, 2.8, 1.72, 2.92, 2.91, 1.9, 1.37]",739.49
stable_cold,75,"[3.43, 2.62, 3.12, 3.28, 3.21, 3.56, 3.38, 3.51, 2.97, 3.6, 3.9, 2.86, 2.89, 3.78, 3.17, 3.81, 3.07, 3.83, 3.3, 3.35, 3.87, 3.1, 2.87, 3.06, 3.42, 2.62, 3.5, 3.03, 3.7, 2.29, 2.93, 2.57, 2.91, 3.34, 3.17, 3.14, 3.18, 3.33, null, 3.53, 3.51, 3.4, 3.47, 3.36, 4.06, 3.21, 3.12, 2.94, 2.83, 2.75, 2.89, 3.22, 3.38, 3.26, 2.94, 3.6, 3.54, 3.18, 2.98, 3.46, 3.32, 2.66, 3.22, 3.35, 2.88, 3.32, 2.66, 3.78, 3.74, 3.14, 3.39, 2.28, 2.78, 3.13, 2.81]",651.98
mixed_chain,40,"[4.57, 3.88, 4.13, 4.27, 4.63, null, 3.54, 3.4, 4.08, 3.76, 4.55, 3.61, 3.5, 3.47, 4.84, 4.54, 3.49, 3.77, 3.74, null, 26.1, 25.59, 25.43, 26.06, 27.45, null, 27.16, 28.0, 31.27, 32.28, null, 32.69, 37.18, 32.7, 30.97, 31.76, 32.14, 34.02, 32.81, null]",298.35
stable_cold,76,"[6.0, 6.12, 5.86, 6.81, 6.42, 6.31, 6.15, 6.55, 5.27, null, 5.45, 5.62, 6.07, 6.34, 5.38, 5.64, 5.88, 5.77, 6.19, 7.22, 6.01, 5.55, 5.33, 5.71, 5.47, 6.03, 6.02, 5.66, 6.64, 5.55, 5.8, 6.1, 6.2, 6.36, 6.02, 6.26, 5.58, 6.21, 6.21, 6.45, 5.18, 5.48, 6.17, 4.78, 6.04, 6.27, 5.61, 5.67, 5.41, 5.64, 5.65, 5.57, 5.55, 5.74, 5.73, 6.59, 5.69, 5.98, null, 5.61, 5.16, 5.22, 5.36, 5.92, 6.27, 5.13, 5.62, 5.3, 5.74, 6.27, null, 5.83, 6.43, 6.03, 5.54, 5.91]",586.82
power_outage,4,"[11.16, 16.88, 22.55, 27.51]",360.01
hot_truck_transit,91,"[26.49, 24.36, 21.39, 22.87, 21.61, 23.49, 25.26, 23.81, 23.91, 26.91, 27.16, 28.48, 29.74, 30.54, 30.95, 30.6, 30.84, 29.94, 29.19, 28.61, 28.12, 26.11, 25.76, 24.26, 23.21, 24.0, 23.06, 22.93, 22.0, 22.96, 24.28, 24.92, null, 26.8, 27.13, 28.28, 28.77, 29.57, null, 30.25, 31.56, 30.79, 30.14, 28.42, 28.39, 27.44, 26.87, 24.19, 23.81, 22.56, 24.87, null, 23.78, 23.29, 24.5, null, 26.33, 26.85, 29.02, 28.87, 28.87, 30.5, 30.5, 29.83, 30.79, 29.59, 29.26, null, 26.04, 26.28, 26.33, 24.47, 22.27, 23.09, 23.15, 22.39, null, 22.8, 24.29, 23.97, 26.03, 26.41, 28.66, 28.24, 28.56, 30.58, 30.88, 30.95, 31.17, 29.29, 32.75]",239.69
stable_cold,51,"[1.98, 1.86, 2.35, 2.36, 1.93, 1.89, null, null, 2.74, 2.26, null, 1.76, 2.42, null, 1.87, 2.44, 2.28, 1.13, 2.07, 2.18, 1.99, 2.19, 1.4, 1.0, 1.74, 2.24, 0.84, 1.79, 1.36, 2.03, null, 2.04, null, 2.46, 2.14, 2.04, 2.5, 2.32, 2.24, 2.07, 1.99, null, 1.99, 2.62, 1.71, 2.7, 2.32, 1.74, 2.33, 1.87, 2.14]",692.24
market_display,31,"[27.36, 28.18, 30.82, 28.06, 26.99, 27.05, 27.76, 28.36, 26.89, 29.12, 27.19, 29.54, 28.29, 27.58, 24.61, 27.56, 28.01, 28.06, 28.71, 27.54, 28.73, 26.92, 29.22, null, 28.42, 28.95, 27.67, 27.82, 27.75, 29.59, 28.27]",325.32
market_display,11,"[31.28, 30.24, 31.79, 32.15, 30.36, 30.5, 29.31, 31.15, 31.22, 30.0, 30.64]",324.24
hot_truck_transit,87,"[25.83, 20.6, 20.55, 19.6, 19.11, 19.45, 20.5, 21.85, 22.5, 23.28, 25.25, null, 26.02, 27.89, 27.97, 26.69, 26.47, 26.25, 26.47, 26.61, null, 24.27, 24.16, 21.83, 21.73, null, 18.56, 19.42, 19.71, 22.27, 20.84, null, 23.41, 23.06, 24.82, 26.37, 25.75, null, 28.43, 27.95, 28.93, 26.83, 27.13, null, 24.19, 23.18, 24.26, 22.52, 21.55, 19.71, 20.37, 19.38, 21.16, 21.18, null, 22.32, 22.56, 24.06, 25.94, 26.04, 25.83, 28.14, 26.99, 27.65, 27.15, null, null, 27.41, 24.96, null, 22.51, 21.85, 20.76, 20.25, 20.1, 20.88, 19.13, 20.21, null, 22.69, 20.91, 22.55, 24.74, 26.56, 26.11, 27.67, 33.86]",241.91
power_outage,64,"[3.22, 3.26, 3.06, 2.81, null, 3.32, 3.18, 3.28, 2.9, 3.18, 3.17, 3.53, 3.4, 2.92, 3.3, 2.92, 2.36, 3.66, 3.03, 3.46, 2.95, 2.9, 2.98, 3.22, 3.2, 3.3, 3.0, 3.16, 2.89, 3.59, 2.75, 2.9, 3.02, 3.86, 3.38, 2.89, 3.39, 3.3, 3.23, 3.35, 3.16, 3.2, 2.68, 3.58, 3.01, 2.77, 2.99, 3.01, 2.91, 3.38, 3.44, 2.56, 10.58, 18.2, 25.87, 34.02, 2.9, 3.61, 3.1, 3.62, 3.05, 3.02, 3.14, 3.53]",645.83
stable_cold,96,"[4.07, 4.27, 4.29, 3.66, 3.87, 4.02, 3.25, 3.26, 3.19, 3.67, 3.58, 3.14, 3.77, 3.67, 4.19, 4.52, 3.89, 3.43, 3.97, 3.72, 3.62, 3.37, 3.53, 3.64, 4.03, 3.92, 4.44, 3.98, 3.88, 3.59, 3.3, 3.48, 3.43, 2.69, 3.31, 4.35, 3.86, 3.56, 3.87, null, 3.83, 4.22, 3.66, 3.0, 3.55, 4.22, 3.82, 3.15, 4.66, 3.21, null, 3.3, 3.3, 3.53, 3.97, 4.23, 3.56, null, 3.9, 3.92, 3.81, 3.82, 3.67, 3.75, 3.64, 4.14, 4.6, null, 3.71, 3.81, 3.45, null, 3.89, 3.54, 4.07, null, 3.32, 3.85, 3.81, 4.1, 4.04, 3.67, 3.52, 3.71, 3.86, 3.91, null, 3.68, 4.11, 3.44, 4.7, 4.02, 3.26, 3.79, 4.02, 3.57]",614.7
hot_truck_transit,23,"[26.23, 19.72, 18.44, 17.93, 19.58, 17.06, 18.41, 20.69, 21.68, 23.49, 21.41, 24.86, 24.01, 25.97, 25.99, 26.85, 25.85, 26.45, 24.34, 24.11, 23.36, 23.52, 25.53]",360.96
hot_truck_transit,23,"[30.14, 21.51, 20.19, 21.85, 23.08, 21.55, 22.16, 23.49, 25.58, 24.27, 26.25, 26.93, 29.02, 29.09, 29.33, 29.59, 30.23, 30.1, 29.39, 28.2, 27.88, 24.99, 28.48]",332.51
mixed_chain,72,"[null, null, 4.49, 4.29, 5.01, null, 4.05, 4.89, 4.86, 4.03, 3.77, 4.46, 5.75, 5.68, 5.34, null, 4.4, 4.21, 4.24, 4.98, 5.43, 4.63, null, 4.36, null, 28.85, 20.48, 20.52, 18.71, 19.28, 21.01, 20.61, 22.41, 22.75, null, 24.12, null, 28.48, 28.13, 28.97, 28.38, 27.22, 27.24, 26.67, 25.85, 29.52, 28.88, 29.74, 31.04, 28.73, 31.86, 32.3, 29.54, 31.19, 31.69, 29.33, 30.05, 30.22, 31.0, 32.3, null, 28.71, 28.42, 29.62, 30.19, 31.97, 28.45, 30.31, 32.31, 31.01, 29.04, 30.73]",278.57
stable_cold,4,"[3.52, 3.94, 3.63, 3.9]",700.29
hot_truck_transit,49,"[27.68, 23.13, 21.98, 22.58, 22.64, 22.5, 22.1, 23.74, 23.15, 26.18, 26.52, 27.33, 29.17, 28.27, 29.77, 29.55, 29.54, 29.51, 30.11, 28.14, 27.94, null, 25.4, 22.35, 22.8, 21.48, 24.25, null, 20.76, null, null, 23.92, 25.66, 24.96, 27.79, 27.77, 28.26, 29.42, 30.82, 29.86, 28.8, 29.62, 28.98, 27.67, 27.67, 23.99, 25.07, 24.45, 23.94]",347.15
mixed_chain,61,"[5.91, 5.93, 5.84, 5.6, 6.61, 5.25, 5.79, 5.88, 4.94, null, 6.09, null, 5.13, null, 5.52, 5.97, 6.27, null, null, 5.28, 4.79, 27.93, 24.13, 22.33, 22.53, 21.61, 23.87, 23.55, null, 24.15, 27.38, 27.64, 27.76, 34.07, 32.7, 32.53, 34.3, 29.95, 33.12, 30.45, 35.42, 34.19, 32.34, 32.9, 32.47, 31.65, null, 32.34, 29.19, 33.97, 34.44, 32.08, 34.12, 31.78, 31.71, 32.64, 33.02, 31.38, 32.79, 32.73, 29.68]",292.1
power_outage,90,"[5.49, null, 5.29, 5.75, 5.01, 5.71, 5.22, 5.34, 5.03, 4.88, 5.19, 5.67, 5.06, 5.76, 5.1, 4.95, 5.35, 5.48, 5.33, 5.32, 5.76, null, 5.13, 4.93, 5.66, 5.15, 5.18, 5.59, 5.89, 5.35, null, 5.27, 5.14, 5.17, 5.17, 5.55, 5.25, 5.68, 5.24, 10.38, 16.09, 20.92, 26.09, 31.35, 5.71, 5.37, 5.65, 5.2, 5.6, 5.35, 5.54, 5.56, 4.99, 5.3, 5.56, 5.61, 5.65, 5.31, 5.74, 5.08, 4.83, 5.19, 14.32, 22.33, 30.9, 4.76, 5.5, null, 5.44, 5.18, 5.04, 4.98, 5.34, 5.05, 5.27, null, 5.46, 5.56, 5.32, null, 5.41, 5.47, 5.22, 5.19, 6.02, 4.89, null, null, 5.17, 5.22]",581.33
stable_cold,49,"[null, 4.38, 5.06, 4.12, 5.29, 4.96, 4.37, 4.4, 4.6, 4.76, 4.95, 3.98, 4.69, 3.67, 4.45, 5.1, 3.95, 3.88, 4.61, 5.07, 4.65, 3.75, 3.84, 4.56, null, 4.57, 4.6, 4.32, 5.24, 4.75, null, 4.89, null, 4.44, 4.4, 4.79, 4.26, 5.21, 4.22, 4.6, null, 4.34, 5.39, 4.34, 4.39, 4.25, 4.53, 4.48, 4.07]",650.86
market_display,36,"[25.08, 26.26, 27.52, 27.59, 28.08, 26.7, 25.9, 27.27, 26.79, null, 24.31, 26.55, 27.06, 26.55, 26.39, 26.39, 25.49, 27.58, 26.19, 23.53, 25.81, 25.63, null, null, 26.41, 26.78, 25.59, 26.61, 27.34, 26.12, 27.34, 28.13, 25.41, 26.9, 28.99, 26.83]",333.97
mixed_chain,17,"[5.32, 5.03, 5.32, 5.05, 5.06, 27.57, 19.05, 18.92, 19.5, null, 23.07, 27.42, 25.61, 29.72, 29.93, 27.28, 27.14]",352.77
hot_truck_transit,32,"[26.63, 20.7, 20.25, 19.59, 20.91, 22.17, 20.32, 22.07, 22.49, 24.48, 25.42, 26.15, 26.4, 27.13, 27.3, 26.67, 28.89, 28.04, 27.9, 25.77, 25.47, 23.37, 22.55, 23.68, 20.92, 21.34, 20.38, 18.93, 20.07, 20.88, 21.78, 26.26]",345.31
power_outage,86,"[4.93, 5.0, 4.5, 4.76, 4.84, 4.63, 4.68, 4.95, 4.96, 4.42, 4.91, 4.99, 4.65, 4.62, 4.96, 4.05, 4.82, 5.31, 4.04, 5.07, 4.99, 4.39, 4.98, 5.12, 4.47, 4.61, 4.83, null, 4.66, 4.81, 4.62, null, 5.14, 4.85, 4.72, 4.81, 4.58, 4.52, 5.18, 5.31, 4.29, 5.0, 5.08, 4.46, 4.68, 4.65, 5.39, 5.32, 4.55, 4.39, 5.06, 4.99, 5.2, 4.51, 5.04, 4.6, 5.01, 4.81, 5.39, 4.96, 11.65, 18.71, 25.57, 32.17, 5.4, 5.3, 4.77, 5.03, 5.44, 5.19, 4.73, 4.8, 4.31, 5.06, 5.2, 5.2, 5.03, 4.93, 4.52, 4.92, 4.63, 4.98, 4.59, 4.98, 5.22, 4.94]",593.98
stable_cold,36,"[5.73, 5.92, 5.95, 5.66, 5.21, 4.98, 5.85, 5.42, 6.39, 5.25, 6.18, 5.33, 5.93, 6.07, 4.98, 5.2, 4.98, 4.9, 5.66, 5.31, 5.41, 5.62, 4.65, 5.91, 5.25, 5.61, 5.64, 5.94, 5.35, 4.54, 5.42, 5.47, null, null, 5.25, 4.86]",647.39
mixed_chain,63,"[2.04, 1.77, 1.94, 2.06, null, 1.38, 2.22, 2.68, 1.92, 1.66, 2.49, 1.61, 1.53, 1.32, 2.25, 1.54, 1.37, 2.11, 1.62, null, 2.26, 2.08, 1.74, 2.37, 32.6, null, null, 25.07, 24.6, null, null, 27.65, 27.97, 29.03, 30.19, 31.52, 31.57, 32.45, 32.83, 31.72, null, 33.12, 33.26, 30.92, 34.46, 26.05, 30.82, 28.01, 26.96, 29.32, 28.95, null, 29.55, 30.87, 29.82, 28.25, 31.98, 30.92, 29.66, 30.31, 29.39, 29.25, 29.56]",294.42
power_outage,44,"[2.9, 3.33, 3.45, 2.84, 2.55, 3.35, null, 2.67, 2.14, 2.79, 2.94, 2.73, 3.28, 2.83, null, 3.79, 3.11, 3.04, 3.05, null, null, 2.77, 2.95, 2.87, 2.99, 3.62, 3.26, 3.05, 3.45, 3.13, 2.58, 3.57, 3.03, 2.4, 7.93, 14.08, 18.59, 24.81, 29.76, 3.29, 3.0, 3.23, 3.17, 3.06]",675.33
stable_cold,53,"[3.7, 3.51, 3.87, 4.48, 3.58, 3.94, 3.74, 3.74, 3.66, 3.38, 3.86, 3.61, 3.36, 4.13, 3.77, null, 4.26, 2.99, 4.23, null, 3.81, 3.49, 3.36, 4.25, 4.47, 3.64, 3.86, 3.75, 4.42, 2.88, 3.88, 3.43, 2.78, 3.58, 4.46, 3.46, 4.04, 4.21, null, 3.77, 3.04, null, 4.09, 3.75, 3.87, 3.78, 4.6, 3.55, 4.37, 3.78, null, 3.24, 3.8]",653.37
power_outage,11,"[4.78, 18.49, 31.83, 5.24, 4.45, 4.61, 5.32, 4.41, 5.33, 5.44, 5.49]",658.76
power_outage,44,"[6.34, 6.16, 6.15, 5.66, 5.99, 6.03, 5.2, 5.96, null, 5.49, 6.1, 5.94, 6.33, 5.79, 5.97, null, null, 5.81, 5.94, 5.21, 6.12, 5.94, 5.94, 6.13, null, 5.93, 6.17, null, 5.36, 5.93, 5.93, 6.18, 12.37, 18.74, 25.3, 32.59, 6.0, 6.33, 6.38, 5.69, 5.67, 5.88, 6.1, 5.49]",623.99
mixed_chain,43,"[null, 2.45, 2.98, 2.94, 2.11, 2.88, 2.83, 2.74, 3.0, null, 2.79, 3.23, 3.37, 2.6, 2.74, 3.03, 2.69, 26.12, 19.32, 19.71, 19.42, 20.85, 17.92, 20.56, 21.69, 23.6, 28.28, 25.56, 28.24, 25.19, 25.52, 24.36, 22.75, 26.12, 25.99, 25.83, 26.84, 27.03, 25.28, 26.18, 25.97, 26.11, 27.9]",327.47
hot_truck_transit,6,"[29.14, 25.29, 24.03, 24.48, 25.28, 28.51]",348.4
power_outage,22,"[3.92, 3.75, 4.59, 3.95, 4.1, null, 4.42, 3.8, 4.44, 3.71, 4.44, 16.13, 29.17, 4.58, 4.3, 4.22, 3.78, 3.87, 4.49, 4.23, 4.36, 4.11]",676.17
stable_cold,55,"[2.12, 2.84, 3.03, 2.85, 3.53, 2.42, 2.56, 2.87, 2.92, 2.06, 3.06, 2.92, 1.97, 2.77, 2.5, 2.64, 2.28, 2.99, 3.52, 2.93, 1.96, 2.93, 2.74, 2.38, 2.96, 3.17, 2.55, 2.16, 2.01, 2.55, 2.76, 2.61, 2.55, 3.05, 3.0, 2.9, 3.15, 2.56, 2.38, 2.61, 2.58, 2.0, 2.6, 3.26, 3.14, 3.03, 2.87, 3.4, 2.4, 2.43, 3.27, 2.83, 2.55, 3.04, 2.64]",676.58
mixed_chain,72,"[4.6, 4.33, 4.82, 4.8, null, 4.8, 3.98, 4.76, 3.75, 4.82, 3.94, 4.09, 4.15, 3.99, 4.77, 3.54, 4.43, 4.46, 3.8, 4.04, 3.82, 4.09, 4.59, 4.07, 4.34, 4.18, 5.03, 4.27, 3.88, 29.46, 21.44, 22.0, 22.22, 23.12, 23.87, null, 24.33, 26.07, 26.73, 27.34, 27.8, 29.22, 30.68, 30.13, 29.9, 30.99, 29.31, 35.32, 28.15, 28.03, 27.86, 26.68, 26.45, 27.46, 27.35, 30.04, 27.5, 27.18, 26.39, 25.85, 25.26, 25.78, 26.72, 28.23, 27.58, 25.9, 26.34, 26.94, 26.66, 26.05, 24.12, 25.79]",319.6
stable_cold,96,"[4.57, 4.77, 4.42, 4.86, 4.86, 4.68, 4.42, 4.79, 4.55, 4.77, null, 4.25, 5.62, 4.72, 4.91, 4.45, 5.2, 4.7, 4.59, 4.52, 4.64, 4.91, 4.82, 4.73, 4.46, 4.44, 4.56, 4.93, 5.01, 5.07, 4.75, 4.9, 4.68, 4.05, 4.66, 4.6, 4.33, 4.52, 4.8, 4.29, 4.46, 5.37, 4.11, 4.67, 4.28, 4.45, 4.67, 4.35, 4.98, 5.29, 5.08, 5.16, 4.2, 4.65, 4.93, 5.1, 5.45, 5.18, 5.11, 5.8, 4.79, 4.63, 4.82, 4.38, 4.77, 4.06, 4.54, 4.7, 5.13, 5.19, 4.36, 5.58, 4.81, 4.84, 4.1, 4.5, 5.17, 4.82, 4.79, 4.84, 4.17, 4.71, 5.31, 5.18, 4.7, 5.37, 4.24, 4.36, 5.49, 4.98, 4.63, 4.73, 4.42, 4.86, 4.83, 4.76]",590.12
market_display,45,"[31.84, 34.62, 33.43, 31.37, 33.41, 32.95, 31.14, 32.35, 32.19, 29.15, null, 33.57, 31.4, 32.98, 33.79, 29.79, 34.21, null, 32.74, 34.6, 33.43, 32.06, 31.64, 31.74, 31.6, null, 32.93, 32.53, 32.01, 33.15, 30.02, null, 31.96, 31.14, 33.65, 33.63, 32.19, 33.87, 33.48, 32.73, 30.31, 32.43, 32.29, 31.98, 31.83]",279.69
mixed_chain,33,"[3.65, 4.16, 3.74, 2.84, 3.16, 3.16, 3.81, 3.06, 3.99, 4.24, 3.91, 2.74, 22.0, 18.3, 18.62, 17.99, 18.29, 19.51, 17.76, 19.12, null, 22.08, 22.95, 29.11, 34.17, 31.12, 32.47, 32.04, 32.28, 31.96, null, 32.8, 31.0]",308.2
stable_cold,90,"[4.63, 5.0, 4.97, 4.24, 4.54, null, 4.4, 4.15, 5.04, 4.54, 4.3, 4.87, 3.52, 3.58, 4.71, null, 4.49, 3.86, 4.38, 5.19, 4.72, 4.46, 4.21, 4.23, 3.54, 4.49, 4.73, 3.76, 4.13, 3.93, 4.0, 4.41, 3.56, 4.64, 4.69, 4.29, 3.4, 3.99, null, 3.28, 4.25, 3.92, 4.71, 4.12, 4.55, 4.62, 5.12, 4.31, 4.54, 3.8, 4.87, 4.09, 4.17, 4.38, 3.76, 4.48, 4.78, 4.51, 3.75, 4.34, 4.69, 3.64, 3.96, 4.74, 4.5, 4.55, 5.13, 4.58, null, 5.47, 4.3, 4.07, 4.56, 4.57, 4.18, 3.98, 5.31, 4.52, 4.1, 4.76, 4.35, 4.29, 4.61, 3.87, 4.53, 5.15, 4.58, null, 4.19, 4.23]",606.82
mixed_chain,71,"[4.8, 3.98, null, 3.44, 3.73, 4.46, 3.89, 4.08, 3.91, 4.4, 3.65, 3.89, 4.3, 3.99, null, 4.09, 3.45, 4.1, 4.46, 3.88, 4.53, 4.39, 4.45, 3.45, 4.01, 4.37, 32.0, 27.06, 24.06, 25.28, 25.23, 25.18, 26.74, 27.69, 28.18, 30.75, 28.88, 31.79, 31.22, 33.0, 33.66, 34.5, 38.28, 23.29, 27.38, 26.71, 26.2, 26.2, 25.22, 25.46, 25.13, 24.95, 26.23, 27.72, 25.46, 26.18, 25.81, 25.79, 25.68, 27.92, 25.91, 27.11, 25.97, 28.1, 27.59, null, 26.9, 26.8, 25.46, 26.34, 28.85]",294.28
power_outage,9,"[4.23, 4.27, 12.81, 20.88, 29.25, 24.35, 29.42, 4.57, 4.57]",677.46
hot_truck_transit,87,"[27.06, 19.9, 19.19, 19.47, 18.68, 21.33, null, 23.28, 23.76, 22.62, 24.25, 25.32, 26.6, 26.59, 27.85, 25.62, 26.4, 26.33, 25.32, 23.64, 24.77, null, 21.45, 21.63, 21.17, 19.11, 18.33, 18.37, 20.05, 20.5, 20.46, 21.22, null, 23.4, 24.69, 25.16, 26.01, 25.66, 27.82, 25.94, 26.87, 26.85, 26.76, 25.87, 24.97, 22.78, 23.85, null, 19.91, 19.33, 19.77, null, 18.14, 19.63, 18.38, 21.31, 22.5, 22.81, 24.98, 25.71, 25.04, 26.52, 26.47, null, 27.8, 26.99, 25.28, 25.2, 23.45, 22.64, 23.22, 23.06, 21.62, 19.78, 19.31, 19.84, 19.24, 18.42, 21.65, null, 22.95, 23.63, 25.55, 25.71, 25.38, 27.36, 29.89]",268.53
stable_cold,56,"[3.44, 3.36, 3.76, 4.77, 4.75, 3.81, 3.72, 3.33, 4.02, 4.05, 4.3, 4.35, 3.91, 4.21, 3.71, 4.2, 3.78, 4.17, 4.14, 4.01, 4.3, 3.36, 3.56, 3.88, 3.41, 3.82, null, 4.51, 4.04, 4.4, 4.11, 3.77, 4.04, 4.28, 4.46, 3.93, 3.33, 3.3, 3.86, null, 4.7, 4.23, null, 3.54, 4.4, null, null, 3.68, 4.03, 4.23, 4.46, 4.4, null, 4.39, 3.72, 3.26]",660.89
power_outage,39,"[3.75, 4.24, 3.92, 3.84, 4.33, 3.53, 4.35, 9.82, 16.14, 22.23, 28.13, 3.7, 3.81, 3.62, 4.51, 3.78, 4.27, 4.23, 4.03, 3.88, 3.98, 16.27, 28.29, 3.45, 3.38, 4.38, 3.13, 3.98, 3.85, 3.97, 3.58, 4.03, 3.99, 4.75, 3.96, 4.33, 3.47, 4.23, 3.99]",659.57
power_outage,10,"[4.22, 9.57, 15.91, 21.19, 26.87, 32.21, 4.3, 4.18, 3.84, 4.64]",675.44
hot_truck_transit,6,"[27.24, 22.5, 22.98, 21.99, 23.62, 28.04]",352.9
hot_truck_transit,42,"[32.25, 24.91, 25.26, null, 23.78, 24.56, 25.69, 26.37, 26.87, 27.21, 30.0, 29.89, 31.13, 31.02, 31.4, 32.5, 30.95, 30.63, 32.14, 30.76, 29.47, 27.24, null, 26.04, 24.92, 24.57, 23.09, 22.45, 24.48, 24.77, 25.47, 26.72, 27.48, 29.29, 30.08, 30.15, 31.06, 31.75, 30.74, 32.84, null, 32.57]",281.7
power_outage,94,"[5.79, 5.65, 6.33, 5.97, 5.2, 5.37, 4.95, 4.89, 5.56, 5.17, 6.02, 5.87, 5.45, 5.43, 5.97, 6.04, 5.25, 5.21, 5.44, 5.66, 5.37, 5.66, 19.11, 31.11, 5.39, 5.11, 5.28, 5.44, 5.31, 5.68, 5.57, 5.62, 5.44, 5.46, 5.42, 5.45, 5.65, null, 5.61, 5.27, null, 5.06, 5.42, 5.61, 5.66, 11.67, 18.65, 25.37, 31.38, 5.53, 4.91, 5.26, 5.61, 5.81, 5.35, 6.33, 5.62, 5.15, 5.91, 5.15, 5.63, null, 5.12, 5.82, 5.45, 6.05, 5.22, 5.06, 5.38, 6.39, 5.78, 5.69, 5.7, null, 6.35, 5.66, 5.64, 5.82, 5.15, 5.26, 5.45, 5.82, 5.14, 5.51, 5.46, 5.06, 5.37, 5.69, 5.08, 5.95, 5.67, 5.63, 5.53, 5.2]",578.11
power_outage,85,"[3.56, 2.74, 3.01, 3.91, 3.36, 4.04, 3.83, 3.37, 3.34, 3.93, 4.07, 3.35, 3.9, 3.75, 3.8, 3.47, 3.24, 3.12, 3.05, 4.01, 3.44, 3.09, 3.74, 3.29, 3.24, 4.06, 3.04, 3.51, 8.98, 14.65, 20.16, 26.34, 31.78, 3.61, 3.42, 3.34, 3.18, 3.87, 3.66, 3.23, 3.03, 2.87, 9.5, 15.15, null, 26.29, 32.28, 3.75, 3.42, 3.33, 3.14, 3.57, 3.61, 3.32, 3.35, 3.37, 3.67, 3.03, 3.11, 3.11, 3.39, null, 3.12, 3.71, 3.88, 3.56, 3.77, 3.16, 3.17, 3.59, 3.43, 3.17, 3.87, 3.53, 3.65, 3.24, 3.94, 3.39, 3.74, 3.26, 3.49, 3.6, 4.04, 3.31, 3.5]",621.26
mixed_chain,58,"[5.4, null, 6.38, 5.02, 5.94, 5.36, 5.44, 5.43, 6.15, 5.58, 5.8, 4.96, 5.17, 5.41, 5.63, 5.9, 5.39, 31.64, 26.96, 24.56, 27.13, 25.56, 26.22, 26.32, null, 27.45, null, 30.38, 31.6, 33.47, 33.68, 33.71, 35.42, 32.77, 37.61, 32.79, 29.19, 30.08, 32.33, 30.41, 31.03, 30.38, 30.95, 26.82, 30.51, 30.9, 30.43, 31.11, 29.39, 31.31, 32.96, 32.53, 31.83, 31.3, 30.13, 30.39, 32.02, 30.81]",284.61
hot_truck_transit,59,"[30.44, 23.64, 23.72, 21.5, 23.57, 24.51, null, 27.11, 26.04, null, 29.48, 29.47, 31.46, null, null, 31.42, 31.1, 30.86, 29.58, 29.97, 29.99, 25.98, 27.33, 25.62, 25.43, 23.49, 23.42, null, 23.52, 24.62, 24.13, 25.27, 26.8, 27.75, 29.12, 29.15, 30.25, 31.66, 32.44, 30.75, 32.24, 30.27, 30.42, 29.65, 28.07, 27.28, 24.97, 26.0, 24.37, 23.93, 23.1, 24.01, 23.71, 23.04, 24.51, 24.6, 26.41, 27.97, null]",277.92
mixed_chain,17,"[5.9, null, 5.5, 5.59, 5.62, 27.68, 22.52, 24.49, 23.32, 26.99, 32.36, 30.56, 32.22, null, 29.05, 29.5, 29.27]",332.84
hot_truck_transit,73,"[35.18, 25.52, null, 23.95, null, 24.49, 28.23, 25.72, 29.51, 29.09, 30.0, 31.58, 31.18, 33.2, 33.66, 33.12, 33.17, 34.11, 32.46, 30.48, 30.74, 28.68, 27.49, 27.52, 25.47, 25.68, 25.78, 26.63, 25.75, 24.47, 25.23, 28.49, 27.56, 27.89, 29.34, 31.74, 32.03, 33.09, 32.94, null, 31.54, 31.9, 32.03, 30.16, 30.93, 28.31, 26.75, 27.11, 26.89, 26.84, 23.95, 26.25, 25.39, 25.15, 26.82, 28.19, 26.73, null, null, 31.61, 33.1, null, 32.74, 33.46, 32.78, null, 32.35, 31.89, 31.0, 28.18, null, 28.33, 32.23]",254.21
stable_cold,18,"[5.46, 5.21, 5.52, 5.44, 6.07, null, 5.02, 5.5, 5.51, 5.97, 5.76, 5.57, 6.01, 4.95, 5.17, 5.06, 5.27, 4.88]",665.34
market_display,41,"[31.48, 32.95, 28.75, 31.15, 32.56, 31.77, 29.21, null, 27.96, null, 29.39, 30.58, 28.67, 30.12, 30.28, 29.48, 31.04, 29.49, 30.42, 28.48, null, 31.19, 28.03, 30.94, 29.64, 27.6, 29.5, 30.92, 32.8, 32.27, 28.92, 30.99, 29.5, 29.3, 31.24, 30.31, 30.31, 28.02, 28.87, 28.95, 30.65]",294.84
market_display,31,"[26.32, 25.16, 24.97, 25.81, 25.53, 24.97, 25.87, 24.46, 26.94, 26.73, 26.85, 25.02, 24.87, 27.61, 25.79, 26.71, 24.64, 25.68, 27.46, 26.19, 25.73, 26.71, 26.41, 28.53, 26.08, 26.8, 25.86, 24.84, 26.53, 24.27, 27.21]",336.02
power_outage,68,"[2.51, 2.69, 2.63, 2.48, 1.88, 2.5, 2.35, 2.2, 2.72, 2.27, 2.16, 16.82, 30.53, 2.14, 1.98, 2.07, 2.1, 2.5, 2.01, 1.76, 2.41, 2.13, 2.31, 2.7, 2.34, 2.77, 2.3, 2.62, 2.15, 2.35, 2.04, 2.07, 2.25, 1.92, 2.36, 2.22, 2.39, 1.92, 2.53, 2.82, 2.76, 2.89, 2.33, 2.21, 2.46, 2.24, null, 2.56, 2.25, null, 2.16, 2.25, 2.32, 2.32, 2.73, 1.93, 2.27, 2.05, 2.69, 2.15, 2.21, 2.63, 2.71, 2.76, 1.82, 2.46, 2.4, 2.3]",669.73
stable_cold,38,"[3.49, 3.76, 3.54, null, 4.53, 3.35, 4.22, 4.14, 3.77, 2.79, 3.58, 3.36, null, 3.14, 3.87, 3.96, 4.03, 3.41, null, 3.7, 4.27, null, 3.74, 3.47, 3.36, 3.83, 3.52, 3.72, 3.77, 3.7, 3.79, null, 3.2, 3.55, 3.56, 3.35, 3.66, 3.93]",665.93
stable_cold,43,"[null, 4.39, 3.96, 4.12, 4.04, 4.23, 4.71, 4.35, 4.22, 3.87, 3.62, null, 4.27, 4.99, 4.34, null, 4.09, 3.81, 3.9, 4.0, 5.14, 3.96, 4.62, 3.93, 4.66, 4.44, 4.22, 4.27, 4.02, 4.47, 4.1, 3.8, 3.78, 4.36, 4.92, 4.35, 4.24, null, 4.81, 4.37, 4.12, 4.73, 4.46]",649.58
stable_cold,96,"[2.39, 2.52, 3.12, 2.77, 2.28, 1.85, 2.86, 2.06, null, 2.04, 1.71, 2.02, 2.11, 2.5, 2.05, 1.7, 1.57, 2.29, 2.24, 1.99, 2.02, 2.36, 2.76, 1.9, 2.24, 2.59, 1.9, 2.2, 2.19, 1.68, 2.28, 2.22, 2.43, 1.73, 2.21, 2.76, 3.04, 2.72, 1.74, 2.39, 2.01, 2.32, 1.9, 1.52, 2.07, 2.5, 2.32, 2.37, 2.29, 2.37, 2.42, 2.1, 2.24, 2.9, 2.26, 2.22, 2.25, 2.12, 2.03, 2.29, 2.01, 2.15, 1.89, 2.25, 2.44, 2.12, 1.4, 2.44, 2.26, 1.81, 2.52, 1.65, 2.63, 2.18, 1.3, 2.28, 2.05, 1.98, 1.91, 2.16, 2.01, 1.46, 2.72, 2.11, 1.91, 1.76, 2.52, 1.69, 2.26, 1.97, 2.0, 1.77, 1.96, 2.21, 2.3, 1.89]",652.01
market_display,16,"[27.72, 28.88, 30.46, 27.2, 27.6, 29.44, 29.05, 28.24, 31.51, 27.23, 28.71, 28.99, 28.16, 27.85, 28.28, 30.56]",320.75
power_outage,83,"[5.75, 5.12, 5.38, 5.8, 5.87, 5.27, 5.76, null, 6.05, 5.62, 5.88, 6.07, 6.0, 6.01, 5.78, 5.72, 5.83, 5.52, 6.08, null, 5.59, 5.73, 5.89, 5.94, 6.19, 5.77, null, 5.7, 5.65, null, 5.43, 5.69, null, 5.8, 5.43, 5.64, 5.08, 5.73, 6.24, 5.39, 5.31, 5.55, 6.02, 6.26, 5.88, 5.36, 5.74, 6.28, 5.65, 5.79, 5.82, 5.28, 6.04, 6.0, 5.15, 5.35, 12.51, 20.09, 26.7, null, 5.69, 5.77, 5.89, 5.83, 5.74, 5.84, 5.81, 5.68, 5.62, 6.31, 5.61, 6.16, 5.54, 5.99, 6.28, 5.64, 5.55, 5.62, 5.74, 5.84, 5.73, 5.62, 6.33]",570.15
stable_cold,31,"[5.27, 5.48, 5.84, 5.87, null, 5.43, 5.45, 5.71, null, 5.41, 5.39, 5.33, 6.03, 5.76, 5.42, 5.63, 5.46, 5.9, 6.85, 6.0, 5.74, 5.51, 5.24, 6.07, 6.05, 5.59, 6.26, 5.79, 6.09, 5.9, 5.71]",635.67
stable_cold,96,"[3.48, 3.52, 3.24, 3.3, 3.75, 3.35, 3.58, 3.29, 3.23, null, 2.58, 3.26, 3.39, 2.85, null, 3.39, 2.5, 3.0, 3.53, 3.52, 2.9, 3.43, 3.78, 3.68, 3.33, 3.18, 3.11, 3.55, 3.44, 3.62, 3.42, 3.69, 3.4, 3.68, 3.71, 3.04, 2.64, 3.98, null, 2.68, 3.08, null, null, null, 3.93, 2.95, 3.05, 3.45, 3.52, 3.56, 3.73, 3.45, 3.56, 3.26, 3.39, 3.41, 3.45, 3.68, 3.59, 3.38, 3.04, 3.39, 3.35, 3.44, null, 3.16, 3.54, null, 3.41, 4.3, 3.21, 3.5, null, 3.23, 3.47, 3.7, 3.49, 3.87, 3.33, 3.23, 4.45, 3.52, 3.08, 3.09, 2.99, 3.74, 3.22, 3.42, 3.34, 3.66, 3.03, 2.94, 3.46, null, 3.5, 3.04]",625.82
power_outage,64,"[4.99, 5.28, 4.92, 5.2, 5.14, 5.97, 4.82, 4.39, 4.99, null, 4.97, 4.8, 4.91, null, 16.34, null, 27.23, 32.35, 5.46, 5.1, 5.66, 5.33, 4.95, 5.37, 5.19, 5.13, 5.21, 5.41, 4.55, 18.66, 32.54, 5.26, 4.85, 4.48, 5.7, 5.13, 5.64, 5.42, 4.95, 4.44, 5.05, 5.17, 5.32, 4.85, 5.24, 5.24, 5.48, 5.09, 5.32, 5.27, 5.45, 4.94, 4.26, 5.11, 5.12, 4.84, 4.73, 5.01, 5.15, 5.21, 4.5, 4.66, 5.52, 5.13]",609.8
stable_cold,2,"[4.35, 4.13]",697.17
hot_truck_transit,70,"[26.75, 22.4, 22.8, 22.59, 21.83, 21.91, 23.92, 24.29, 24.61, null, 26.64, 28.46, 30.32, 29.44, 29.34, 31.87, 29.71, null, null, 27.78, 28.19, 24.8, null, 24.13, null, 22.41, 22.08, 22.21, 21.92, 22.63, 22.69, 25.89, 25.92, 26.53, 26.82, 28.8, 29.21, 29.7, 29.58, 30.36, 31.35, 29.67, 28.76, 28.22, 27.21, 25.71, 24.51, 24.78, 24.28, 24.49, 22.65, 22.24, 23.0, 21.95, null, 24.97, 25.93, null, 26.7, 27.75, null, 28.71, 30.44, 30.68, 30.46, 29.73, 29.78, 28.6, 26.7, 25.97]",307.24
hot_truck_transit,63,"[23.79, 19.2, 18.2, 19.69, null, 20.68, 20.78, 22.05, 21.6, 24.84, 26.16, 25.37, 26.49, 26.8, 28.02, 27.98, 25.79, 26.15, null, 25.96, 24.5, 21.99, 22.76, 22.81, 18.68, null, 20.95, 20.1, 19.42, 20.6, 20.45, 21.78, 22.38, 23.43, 23.77, 24.97, 27.47, 26.31, null, 30.16, 26.86, 26.59, 25.85, 25.36, 23.77, 24.54, 22.15, 20.51, 18.22, 20.76, null, 19.65, 18.74, 19.96, 20.5, 22.08, 22.44, 22.45, 26.3, 25.69, 25.42, 26.96, 32.53]",269.93
market_display,68,"[32.26, 33.1, 34.64, 31.54, 33.92, 33.77, 31.19, 34.33, 31.2, 30.93, 31.67, 31.72, null, 31.35, 33.36, 32.52, 32.9, 33.49, 34.51, 32.16, 31.94, 33.64, 34.19, 32.78, null, 32.43, 31.94, 32.21, 32.58, 33.47, 33.69, 31.58, 32.76, 31.82, 32.37, 32.84, 33.83, 32.51, 33.21, null, 31.32, 32.37, 36.68, 31.74, 32.86, null, 32.72, 31.96, 33.35, 31.59, 33.14, 31.98, 33.88, 30.53, 32.55, 31.34, 33.67, 33.69, 29.53, 31.19, 33.8, 32.52, 33.41, 32.66, 32.87, 33.87, 31.25, 32.15]",253.97
mixed_chain,48,"[3.25, 3.41, 3.16, 3.79, 3.21, 2.83, null, 2.91, 3.55, 3.29, 3.37, 3.51, 3.56, 3.23, 3.32, 3.17, null, 33.22, 27.07, 24.32, 24.09, null, 25.15, 26.14, 26.76, 26.93, 30.27, 34.18, 33.61, 34.64, 31.74, 32.5, 32.68, 32.39, 33.22, 33.23, 31.86, 35.2, 31.59, 33.52, 33.23, 33.26, 29.95, 32.71, 32.72, 33.38, 31.33, 33.32]",276.83
hot_truck_transit,15,"[25.11, 20.17, 20.15, 20.63, 21.68, 20.96, 21.55, 23.39, 24.27, null, 26.86, 26.25, 27.37, 29.14, 33.42]",300.79
market_display,76,"[25.43, 27.18, 27.55, 25.31, 25.82, 26.18, 25.25, 25.58, null, null, 29.84, null, 24.4, 27.34, 26.39, 25.8, null, 24.7, 26.55, 25.94, 26.21, 26.23, 29.03, null, 25.16, 26.81, null, 24.55, null, 24.77, 24.54, 25.9, null, 24.62, 25.15, 25.55, 26.91, null, 26.26, 23.96, 25.91, 27.05, 25.6, 26.81, 23.87, 24.83, 26.84, 26.93, 28.41, 27.02, 27.56, 25.02, 26.16, 24.51, 27.47, 25.82, 26.75, 23.41, 23.15, 28.28, 30.32, 26.59, 28.03, 25.29, 24.28, null, 26.01, 25.91, 28.17, 25.75, 24.76, 24.51, 26.17, 27.22, 25.82, 26.03]",301.29
mixed_chain,54,"[5.19, 6.02, 5.94, 5.81, 5.92, 5.69, 5.64, 5.13, 5.32, 5.93, 5.91, 5.95, 5.42, 6.26, 5.52, 5.77, 6.7, 5.38, 5.88, null, null, 5.83, 5.34, 5.61, 32.41, 22.61, null, 22.95, 23.33, 23.08, 24.19, 25.78, null, 27.33, 28.96, 30.07, 29.74, 29.79, 30.9, 32.87, 34.58, 28.37, 28.72, 26.58, 28.83, 28.54, 27.25, 25.7, 28.9, 28.36, 28.16, 26.27, 30.66, 26.72]",326.5
mixed_chain,72,"[2.04, 2.16, 1.87, 2.63, 2.46, 2.19, 1.96, 1.38, 2.4, 2.13, 2.48, 1.52, 2.03, 2.0, 1.34, 1.49, 2.2, 3.13, 2.61, 1.36, 2.17, 1.81, 2.35, 2.14, 1.84, 2.42, 2.12, 2.19, 2.09, 2.1, 2.13, 2.62, 2.45, 2.56, 1.28, 28.78, 21.12, 21.77, null, 22.39, 22.16, 22.37, 23.25, 24.64, 26.83, 26.69, 27.85, 29.05, 28.77, 28.52, 29.54, 30.04, 28.85, 27.44, 27.99, 27.9, 25.5, 23.77, 24.29, 23.36, 25.23, 31.65, 33.29, 32.31, 31.36, 31.93, 31.24, 31.19, 31.16, 32.28, 31.19, 31.38]",279.96
power_outage,73,"[3.81, 3.17, 3.75, 3.36, 3.1, 3.97, 4.0, 3.44, 3.44, null, 3.36, 3.41, 12.8, 22.34, 30.67, 3.91, 3.71, null, 3.59, 3.56, 4.04, 4.05, 3.72, 3.97, 3.56, 3.94, 3.63, 3.93, 3.96, 3.82, 3.38, 3.48, 3.83, 3.87, 3.65, 3.51, 3.66, 3.52, 3.52, 4.19, 3.46, 3.75, 3.65, 3.23, 3.22, 3.58, 3.02, 4.15, 3.49, 3.47, 3.97, 3.56, 3.8, 3.43, 3.62, 3.89, 3.34, 3.76, 2.88, 3.98, 3.44, 3.58, 3.57, 3.31, 3.29, 3.76, 3.77, 3.34, 3.76, 3.77, 3.49, 3.21, 3.59]",635.64
market_display,91,"[25.98, null, 27.53, 24.95, 27.14, 26.21, 27.8, 25.18, 25.7, 24.41, 27.72, 25.43, 25.63, 27.12, 27.03, 27.99, 28.11, 28.58, 29.16, 28.48, 27.63, 27.49, 27.97, 24.8, 27.04, 25.03, 26.34, 25.45, 27.69, 27.95, 28.69, 26.07, 26.44, 28.53, 26.61, 26.36, 28.08, 27.85, 28.37, 27.8, 26.75, 28.88, 28.29, null, 28.29, 27.21, 26.11, 27.36, null, 28.48, 27.73, 26.15, 25.81, 26.93, 26.5, 27.25, 27.41, 25.52, 26.22, 26.8, 27.75, 27.79, 25.99, 25.76, 26.09, 28.18, 26.66, 27.35, 27.73, 28.7, 25.76, 28.68, 27.92, 29.23, 28.91, 27.36, 26.33, 28.02, 25.88, 27.49, 26.33, 26.94, 24.61, 27.13, 27.37, 26.59, 27.12, 25.93, 28.16, 27.26, 29.91]",256.8
stable_cold,26,"[5.47, 5.81, 5.61, 5.26, 5.24, 5.67, 5.72, 5.43, 5.1, 6.05, 5.97, null, null, 5.47, 5.63, 6.01, 6.21, 5.95, 5.65, 5.0, 4.74, 5.9, 6.09, 5.23, 5.44, 5.33]",648.18
power_outage,78,"[6.15, 5.54, 5.74, 6.31, 5.74, 4.89, 5.42, 5.26, null, 5.59, 5.94, 5.8, 5.8, 5.25, 5.77, 6.03, 5.19, 5.53, 5.73, 11.47, 17.69, 23.3, 29.02, 5.87, 5.85, 5.63, null, 5.92, 5.4, 5.6, null, 5.84, 5.99, 5.34, 5.57, 5.48, 5.94, 6.05, 5.48, 4.69, 5.97, 5.63, 5.64, 5.91, 5.51, 5.43, 5.51, 5.77, 5.88, 6.11, 5.74, 5.58, 5.89, 5.33, 6.05, 5.68, 5.55, 5.33, 5.81, 5.54, 5.59, 5.12, 5.49, 5.45, null, 5.54, 4.83, 5.5, 5.18, 5.31, 5.92, 5.11, 5.71, 5.47, 5.41, 5.33, 5.72, 5.75]",586.03
market_display,96,"[28.87, 30.13, 30.35, null, 31.03, 31.08, null, 31.22, 32.04, 30.37, 32.7, 29.37, 31.53, 30.18, 31.49, 30.97, 31.85, null, 30.25, 31.52, 29.32, 28.18, 27.67, 32.49, null, 30.88, 29.89, 30.69, 29.46, 30.28, 28.15, 28.05, 28.74, 29.29, 31.95, 33.35, 31.68, 26.49, 32.43, 29.84, 28.43, 32.59, 29.82, 29.15, 29.66, 29.91, 31.04, 30.55, 29.53, 27.97, 29.36, 30.6, 29.42, 30.47, 30.31, 31.68, 30.64, 31.35, 30.03, 32.27, null, 29.29, 31.91, 29.55, 28.99, 28.96, 29.7, 29.98, 30.8, 31.22, 30.33, 31.44, 31.28, 29.19, 29.13, 29.76, null, 30.4, 30.03, 32.26, 31.62, 29.94, 31.47, 30.1, 30.86, 27.98, 29.63, 30.5, 29.98, 31.85, 30.73, 31.04, 30.56, 30.32, 31.41, 32.44]",229.25
power_outage,81,"[null, 5.03, 5.23, 5.5, 5.61, 5.23, 5.44, 5.31, 5.61, 5.55, 5.28, 5.54, 5.27, 5.53, 5.54, null, 5.3, 5.35, 5.2, 5.09, 5.26, 5.6, 5.62, 5.48, 10.67, 15.97, 21.21, null, 31.82, 5.8, 5.95, 4.82, 5.48, 5.48, 5.46, 5.22, 5.7, 5.52, 5.71, 5.17, 4.98, 5.53, null, 5.71, 4.76, 5.26, 5.21, 5.3, 5.47, 5.51, 5.59, 5.62, null, 6.03, 5.81, 5.3, 5.35, 5.3, 5.5, null, 5.16, 4.75, 5.28, 5.72, 5.35, 5.37, 5.48, 5.1, 5.4, 5.66, 5.49, 5.69, 5.78, 5.59, 5.18, 5.29, 5.98, 5.49, 5.45, 5.14, 5.37]",589.45
power_outage,39,"[4.61, 4.75, 4.06, 4.77, 4.33, 4.04, 4.43, 4.32, 3.92, 4.01, 4.83, 4.42, 4.78, 4.21, 4.1, null, 18.61, 32.42, 4.22, 4.1, 4.68, 4.29, null, 4.16, 4.22, null, 3.91, 4.36, 4.63, 4.31, 4.65, 4.74, 4.61, 4.18, 4.33, 4.44, 4.2, 4.19, 4.17]",657.53
mixed_chain,16,"[3.75, 3.09, 4.12, 2.98, 3.17, 3.92, 26.86, 21.37, 21.39, 20.99, 21.13, 27.43, 31.38, 30.4, 30.46, 30.15]",327.6
power_outage,26,"[3.54, 3.92, 8.97, 14.9, 20.18, 26.2, 31.28, 3.93, 3.93, 3.84, 3.89, 3.95, 3.59, 3.98, 9.63, 14.99, 20.27, 25.94, 31.28, 3.83, 3.5, 4.28, 4.44, 3.65, 4.1, 4.3]",663.76
hot_truck_transit,51,"[26.92, 22.31, 18.98, 20.63, 20.46, 19.66, 22.4, 20.82, 22.49, 24.07, 24.51, null, 25.37, 28.31, 25.61, 25.24, 27.46, 27.61, 27.57, 26.84, 24.75, 23.95, 22.71, 22.77, 19.74, 19.56, 20.37, 20.4, 20.77, 20.03, 20.33, 22.12, 21.64, 24.89, 24.19, 25.33, 26.98, 26.44, 26.5, 28.48, 26.58, 27.22, 26.4, 24.03, 23.75, 23.84, 23.5, 20.94, 20.02, 20.59, 23.59]",351.3
hot_truck_transit,21,"[29.23, 19.08, 20.16, 19.68, 19.91, 18.93, 21.0, 21.91, 21.34, 22.88, 24.97, 26.13, 26.59, 27.31, 27.69, 27.37, 27.53, 26.15, 26.17, 25.77, 28.9]",331.88
stable_cold,24,"[3.2, 2.61, 2.69, 1.77, 2.8, 2.66, 2.36, 2.69, 2.69, 2.2, 2.76, 3.1, 2.53, 2.28, 2.55, 2.96, 2.13, 2.85, 2.35, 2.72, 2.4, null, 3.23, null]",720.61
hot_truck_transit,39,"[28.9, 23.04, 20.27, 21.93, 22.83, 21.48, 24.28, 24.01, null, 26.28, 25.47, 28.31, 28.74, 28.62, 30.68, null, 28.89, null, 29.15, 27.09, 25.98, 25.39, 24.79, 23.24, 22.7, 22.21, 21.47, 21.25, 20.81, 22.13, null, 22.87, 24.81, 26.56, 26.7, 27.96, null, 29.05, 34.5]",273.33
market_display,66,"[null, 26.4, 25.31, 26.16, 27.01, null, 28.47, 28.49, 26.98, 26.35, 27.08, 28.88, 27.88, 24.97, 24.43, 26.05, 27.08, 25.09, 26.89, 25.12, null, null, 29.18, 26.98, 26.71, 28.73, 27.92, 27.19, 26.77, 29.18, 26.26, 25.36, 26.9, null, 28.58, 27.32, 28.23, 24.06, 26.73, 28.9, 25.84, 26.8, 28.14, 26.53, 28.07, 26.41, 27.09, 27.94, 25.82, null, 28.23, 26.19, null, 28.3, 27.24, 27.46, 28.99, 29.89, 27.3, 26.63, 28.13, null, 28.71, 26.48, 26.63, 25.9]",310.74
market_display,10,"[31.28, 30.81, 31.68, 32.21, 29.82, 32.01, 33.14, 29.74, 31.45, 31.81]",315.65
stable_cold,25,"[4.8, 4.58, 4.73, 4.25, 5.41, 4.68, 5.39, 4.86, 5.41, null, 5.18, 5.13, 5.09, 4.98, 4.75, 5.6, 4.48, 4.84, 4.84, 5.0, 4.67, 4.96, 4.77, 4.21, 4.84]",659.29
stable_cold,66,"[2.43, 2.33, 2.66, 3.02, 2.82, 2.6, 2.59, 2.57, 2.5, 3.77, 2.98, 3.21, 2.66, 2.78, 2.57, 1.8, 2.31, 2.13, 1.96, 2.38, 3.39, 2.84, 3.37, 3.02, 3.17, 2.5, 3.07, 3.15, 2.63, 3.08, 3.08, 2.64, 2.41, 2.38, null, 2.99, 2.54, 2.87, 3.08, 3.1, 3.48, 3.37, 2.46, 3.53, 2.64, 3.27, 2.88, 2.69, 2.13, 2.79, 2.23, 3.24, 3.46, 2.54, null, 2.57, 2.6, 3.17, 2.84, 3.55, 2.66, 3.26, 2.9, 3.17, 2.68, 2.84]",661.44
stable_cold,77,"[6.1, 5.42, 5.34, null, 5.43, 6.27, null, 5.64, 5.79, 5.29, 5.8, 5.38, null, 6.18, 5.91, 5.22, 6.15, 5.81, 5.59, null, 5.74, 5.34, 6.55, 5.8, 5.78, 5.65, 6.28, 5.6, 5.19, 5.54, 6.34, 6.14, 5.71, 6.36, 6.11, null, 5.74, 5.94, 5.48, 5.81, 5.93, null, 5.73, 5.69, 6.22, 5.07, 5.66, 5.62, 6.19, 5.79, 6.53, 6.08, 5.65, 5.91, 5.67, 6.15, 5.28, 5.48, 5.99, 6.3, null, 6.36, 5.75, 5.06, 4.61, null, 5.8, 5.78, 6.06, 5.59, 5.37, 5.65, 5.82, 5.9, 5.49, 6.17, null]",592.18
power_outage,76,"[6.01, 5.94, 5.5, 5.74, 5.9, 5.59, 5.61, 5.35, 4.9, 5.66, 5.81, 5.44, 6.18, 5.46, 6.04, 5.9, 6.42, 5.93, 5.34, 6.09, 6.28, 5.24, 5.96, 6.03, 5.71, 5.04, null, 5.6, 6.23, 5.74, 5.65, null, 5.87, 5.79, 11.32, 10.48, 14.87, null, 24.5, 29.1, 5.83, null, 5.75, 6.02, 5.58, 6.03, 5.33, 5.82, 5.78, 6.07, 5.49, 5.53, 5.35, 5.6, 5.85, 5.23, 5.64, 5.95, null, 5.79, null, 5.74, 5.78, 5.72, 5.82, 5.68, 5.63, 5.46, 6.06, 5.4, null, 6.31, 6.1, 5.92, null, 5.73]",587.54
hot_truck_transit,15,"[32.37, 26.55, null, 24.7, 25.8, null, 25.96, 27.49, 29.3, 29.42, 29.61, 30.91, 32.7, 32.98, 36.83]",275.23
market_display,6,"[30.04, 28.83, 28.87, 29.04, 27.97, 25.96]",371.78
stable_cold,82,"[6.62, 6.06, 6.5, 5.55, 5.62, null, 6.08, 6.01, 5.8, 5.58, 5.48, 5.97, 5.8, 5.71, 6.6, 5.95, 6.49, 5.77, 6.08, 5.96, 5.31, 6.56, 5.93, 6.28, 5.68, 5.92, 5.64, 6.48, 6.11, 6.13, 6.53, 6.45, 6.29, 5.42, 5.71, 5.58, 6.28, null, 5.43, 5.91, 5.39, 5.96, 5.32, 6.2, 6.14, null, 6.32, 5.82, 6.31, 5.43, 5.6, 6.12, 5.12, null, null, 6.03, 5.55, 6.15, 5.99, 6.54, 5.99, 5.68, null, 5.45, null, 6.22, null, 5.74, 5.88, 5.75, 6.07, 6.14, 5.96, 6.42, 5.74, 6.38, 6.2, null, 5.86, 6.96, null, 6.1]",577.15
mixed_chain,95,"[2.08, 2.51, 2.11, 2.29, 2.12, 1.7, null, 2.8, 2.31, 2.25, 2.2, 2.07, 2.21, 2.04, 2.29, 1.77, 2.46, 2.16, 1.67, 2.07, 2.03, 2.59, 2.12, 1.87, 1.39, 1.95, 2.65, 2.37, 1.84, 2.11, 2.21, 2.81, 2.19, 29.86, 21.43, 22.15, 19.33, 20.33, 20.82, 20.44, 21.41, 23.06, 24.01, null, 24.86, 26.23, 27.3, 27.96, 28.52, 27.94, 27.22, 27.4, 29.87, 34.09, 29.0, 32.53, 32.83, 32.98, 32.13, 30.1, 34.08, null, 30.45, 31.09, 30.21, 30.22, 30.67, 29.39, 31.86, 31.2, 31.42, 32.06, 31.57, 30.94, 32.27, 31.39, 30.75, 31.54, 33.24, 31.03, 32.5, 30.53, 31.74, 32.04, 30.67, 31.29, 30.58, 30.69, 31.69, 33.64, 32.21, 31.75, 33.42, 30.14, 33.33]",243.19
mixed_chain,28,"[3.9, 3.55, 4.28, 4.41, 4.04, 3.83, 3.97, 4.53, 4.48, 27.43, 19.53, 22.0, 20.21, 21.46, 25.5, 28.46, null, 30.55, 29.3, 28.81, 29.6, 27.7, 28.85, 28.67, 30.35, 29.95, null, null]",312.68
mixed_chain,36,"[3.9, 4.52, 3.65, 3.73, 3.58, 3.95, 3.73, 4.07, 4.23, 3.59, 4.12, 3.44, 27.21, 20.88, 20.71, 20.88, 22.82, 23.0, 21.0, 22.18, 25.63, 26.92, 26.59, 27.28, 27.95, 33.84, 33.1, 30.98, 32.89, 32.15, 33.42, 31.28, 30.58, 30.89, 32.08, 31.92]",297.43
mixed_chain,50,"[5.21, 4.52, 3.93, 4.04, 4.47, 3.3, 4.51, 4.57, 4.94, 3.62, 3.9, 4.39, 4.33, null, 4.73, 4.48, 4.96, 4.83, 4.07, 4.46, 4.57, 5.11, 4.44, 31.34, 23.56, 24.7, 24.24, null, 25.89, 25.47, 25.75, 26.07, 27.12, 28.6, 29.5, 31.07, 35.02, null, 26.34, 29.87, null, 28.36, 26.88, 27.94, 28.97, 27.36, 26.14, 28.67, null, 27.53]",323.9
market_display,94,"[24.07, 27.24, null, 26.52, 25.33, 26.92, 25.38, 24.38, 25.27, 28.03, 27.47, 28.19, null, 28.8, null, 25.41, 27.11, null, 27.6, 28.64, 25.49, 25.09, 26.35, 31.03, 27.68, 27.27, 27.9, 28.07, 27.07, null, 25.97, null, 28.04, 27.97, 26.01, 26.53, 25.23, 27.96, 27.29, 26.34, 26.16, null, 26.77, null, 25.73, 25.02, 26.81, 28.09, 27.82, 28.13, 26.05, null, 27.11, 26.35, 26.7, 27.65, 27.35, 27.33, 27.47, 26.18, null, 25.84, 27.73, 24.96, 26.68, 26.85, 27.54, 25.14, 23.96, 25.98, 27.34, 28.33, 25.86, 25.66, 26.96, 29.17, null, 27.31, 29.02, 27.79, 26.87, 25.32, 26.75, 27.53, 25.42, 27.79, null, 26.41, 25.55, 27.09, 27.49, null, 27.29, 27.74]",269.33
hot_truck_transit,36,"[28.93, 22.69, 24.01, 24.26, 24.3, 24.28, 25.48, 24.82, 24.68, 26.01, 27.18, 27.76, 29.04, 30.03, 31.65, 31.54, 32.37, 29.78, 30.43, 30.36, 27.93, 26.95, 27.37, 25.02, 25.62, 22.65, 24.74, 24.31, 22.68, 23.59, 23.48, 24.91, 25.02, 25.88, 27.34, 36.08]",264.34
stable_cold,7,"[2.57, 1.96, 2.56, 1.99, 2.43, 2.9, 2.52]",727.59
mixed_chain,26,"[2.34, 2.24, 2.32, null, 2.84, 2.67, 2.33, 2.87, 29.69, 22.79, 21.78, 20.85, 20.71, 22.01, null, 24.01, 23.36, 32.24, 30.7, 33.86, 31.83, 30.05, null, 35.58, 32.93, 33.07]",296.13
mixed_chain,55,"[2.56, 2.37, null, 1.9, 2.88, 2.59, null, 2.62, 1.95, 2.42, 3.14, 2.84, 2.51, 2.92, 3.0, 3.15, 2.92, 3.19, 2.62, 31.4, 26.59, 26.7, 24.84, 26.86, 26.64, 26.97, 26.6, 28.05, null, 30.6, null, 33.05, 32.43, 33.4, 33.48, 34.15, 33.09, 35.14, 29.49, 30.78, 30.01, 31.3, 30.75, null, 31.57, 29.12, 30.02, 29.97, 30.31, 29.16, 29.98, null, 28.11, 29.63, 30.13]",294.82
hot_truck_transit,73,"[27.77, null, 23.71, 22.31, 22.37, null, 24.66, 24.72, 24.5, 27.68, 28.03, 28.89, 27.5, 30.83, 30.75, 30.51, 30.13, 30.49, 30.14, 28.63, 28.42, 26.02, 25.38, 25.49, 23.79, 24.85, 23.3, 22.0, 21.82, 24.1, 23.62, 25.67, 25.47, 27.13, 27.71, null, 30.35, 30.42, 31.33, 29.58, 31.13, 30.42, 29.56, 27.03, 26.64, 27.12, 26.19, 25.27, 24.1, 22.52, 22.25, null, 23.17, 25.0, 24.04, 24.33, 25.92, 26.83, 26.58, 29.14, 29.68, 30.27, 32.39, 30.86, 32.26, 29.74, 28.56, 28.29, 28.91, null, 24.76, 25.21, 29.57]",276.29
hot_truck_transit,28,"[29.09, 21.98, 21.69, 21.52, 21.33, 23.15, 22.53, 23.1, 25.71, 24.68, 27.77, 25.71, 27.81, 27.43, 28.08, 29.67, 29.39, null, 29.44, 28.21, 26.3, 23.86, 25.03, 22.92, 22.71, 22.48, 21.12, 24.5]",364.35
market_display,77,"[28.76, 26.54, 27.12, 30.29, 27.49, 27.42, 28.11, 28.23, 26.77, 24.98, 27.58, 27.94, 25.84, 28.29, 28.37, 29.13, 26.65, 28.41, 28.63, 29.74, 28.99, 29.23, 28.15, 27.43, 29.49, 26.44, 29.8, 28.92, 27.56, 26.06, null, 27.21, 26.07, 27.28, 29.05, 27.96, 27.68, 26.09, 27.75, 29.86, 28.01, 27.53, 28.86, 29.49, 29.62, 28.38, 26.0, 29.16, 27.5, 27.34, 26.8, 28.62, 29.12, 27.17, 28.74, 29.29, 28.41, 27.97, 27.78, 27.18, null, 29.33, 28.13, 27.43, 28.56, 26.88, 29.48, 29.34, 28.56, 27.45, 27.74, 25.88, 27.05, 28.85, 27.04, 30.83, 27.37]",286.24
market_display,95,"[26.14, 29.02, 28.63, 27.87, 29.18, 26.64, null, 27.26, null, 27.76, null, 29.12, 27.01, 26.07, 29.31, 28.24, 26.44, 27.35, null, 26.4, 26.45, 27.36, 28.66, 28.48, null, 28.47, 29.26, null, 28.36, 27.49, 27.15, null, 28.45, 25.96, 27.48, 27.04, 27.5, null, 26.57, 29.74, 24.33, null, 28.17, 27.57, 27.81, 28.24, 26.84, 27.04, null, 28.05, 28.09, 26.22, 27.41, 26.75, 26.36, 26.92, 26.14, 25.32, 27.59, 28.62, 27.12, 28.59, 28.41, 26.44, null, 25.76, 27.77, 28.1, 27.48, 26.55, 27.38, 28.31, 28.19, 28.09, 27.85, 28.85, 26.3, 26.74, 26.35, 26.98, 29.22, 26.55, 26.58, 25.42, 28.23, null, 29.12, 29.13, 26.11, 27.36, 28.97, 26.56, 28.63, 24.46, 27.37]",269.31
mixed_chain,83,"[3.87, 3.63, 3.5, 4.65, 3.71, 4.42, 3.95, 4.03, 4.04, 3.88, 3.99, 4.21, 3.48, 3.92, 4.0, 4.26, 3.83, null, 4.3, 3.34, 4.44, 3.65, null, 4.49, 3.85, 4.39, 3.85, 3.7, 4.15, 4.34, null, 3.3, 4.08, 4.65, 3.99, null, null, 4.36, 3.93, 26.09, 20.14, 19.93, 19.77, null, 20.02, 21.4, 21.01, null, 23.23, 25.01, 24.63, 26.17, 25.53, 26.5, 27.59, 28.03, 27.46, 26.74, 25.47, 25.91, 23.55, 21.72, 23.03, 20.39, null, 20.84, 19.4, 20.96, 23.85, 28.65, 28.06, 30.24, 29.28, 26.27, 27.82, null, 25.52, 27.38, 29.65, 28.75, 27.74, 29.23, 30.98]",276.2
power_outage,10,"[5.98, 6.38, 15.0, 12.36, null, 25.4, 32.05, 5.73, 5.49, 5.79]",652.22
stable_cold,63,"[3.13, 3.4, 2.93, 3.59, 3.72, 3.57, 3.24, 3.0, 4.3, 2.78, 3.53, 3.31, 3.15, 3.25, 2.97, 3.34, 3.3, 4.24, 3.6, 3.38, 3.4, 3.91, 2.78, 3.1, 2.41, 3.4, 3.51, 2.77, 3.75, 2.89, 3.04, 3.22, 3.81, 2.83, 3.29, 3.48, 3.4, 3.42, 3.48, 2.95, 3.85, 3.13, null, 3.71, 2.92, 3.3, 2.88, 4.18, 4.1, 3.13, 3.38, 3.18, 3.03, 3.22, 3.16, 2.56, 3.28, 3.16, 3.3, 3.14, 3.03, 3.52, 3.39]",652.43
stable_cold,42,"[5.45, 5.62, 5.45, 5.24, 5.96, 5.96, 6.55, 5.6, 5.99, 5.99, 5.77, 6.17, 6.18, 6.0, 5.77, 5.72, 5.32, 5.54, 5.62, 5.42, 6.04, 6.35, 5.5, 5.98, 5.45, 5.75, 5.59, 6.11, 5.6, 6.27, 5.77, 5.61, 5.37, null, 6.23, 5.98, 6.76, 6.44, 5.74, 5.74, 6.06, 5.53]",627.86
stable_cold,10,"[2.44, 1.94, 2.04, 2.9, 2.09, 2.49, 1.56, 3.05, null, 2.24]",730.91
market_display,4,"[35.04, 32.78, 33.9, 31.2]",326.36
power_outage,34,"[3.63, 3.53, 3.95, 3.76, 10.35, 15.29, null, 27.15, 33.24, 3.64, 3.46, 4.36, 3.97, 4.18, 4.2, 4.25, 3.83, 3.75, 9.13, 15.22, 21.32, 26.88, 32.53, 3.96, 4.34, 3.92, 3.6, 4.32, 3.71, 4.39, 3.86, 3.97, 4.41, 3.54]",670.8
mixed_chain,15,"[6.03, 4.99, 5.63, 6.11, 5.4, 5.43, 5.69, 31.95, 26.94, 24.76, 25.12, 28.8, 32.99, 32.95, 31.07]",320.52
stable_cold,78,"[2.95, 3.93, null, 2.67, 2.49, null, 3.31, 2.84, 3.48, 3.25, 3.76, null, 2.87, 2.79, 2.19, 3.4, 2.87, 3.27, 3.92, 2.84, 2.81, 3.03, 3.37, 2.75, 2.73, 3.4, 3.13, 2.16, null, 3.58, null, 2.67, 2.91, 2.98, 3.27, 2.43, 2.64, 3.09, 2.94, 3.21, 2.49, 3.12, 3.41, 3.17, 3.03, 2.94, null, 2.95, 3.48, 2.93, 2.62, 2.78, 3.06, 2.83, null, 3.19, 3.33, 3.55, 3.38, 2.6, 2.62, 2.95, 2.8, 2.52, 2.8, 2.79, null, 2.85, 3.45, 3.06, 3.97, 3.05, 2.86, 2.98, 3.08, null, 3.81, 2.64]",652.9
power_outage,43,"[2.41, 2.9, 2.92, 2.99, 15.76, 29.06, 2.66, 3.39, null, 2.78, 2.63, 2.59, 2.41, 3.03, 2.63, 2.59, 2.54, 2.92, 2.84, 2.84, 2.6, 2.96, 2.63, 2.85, 2.79, 2.32, 3.44, 3.0, 2.88, 2.93, 3.44, 3.17, 2.93, null, 2.66, 2.29, 2.72, 3.03, 3.02, 3.01, 2.67, 2.99, 3.08]",677.88
stable_cold,37,"[3.27, 3.37, 3.44, 3.82, 3.68, 3.22, 3.65, 3.2, 3.91, 3.99, 3.65, 3.77, 4.36, 3.59, 3.28, 3.89, 3.2, null, 3.42, 3.38, 3.56, 4.02, 4.1, 4.03, null, 3.55, null, 3.8, 2.75, 2.89, 3.59, 3.76, 3.48, 4.27, null, 3.56, 4.21]",661.2
power_outage,46,"[2.44, 2.77, 2.1, null, 2.46, 17.15, 32.87, 2.8, 2.65, 3.04, 12.29, 22.33, 33.01, 3.52, 3.04, 2.98, 2.66, 2.67, 2.91, 3.25, 2.97, 3.13, 2.56, 3.02, 2.64, 2.88, 3.02, 2.68, 2.53, 2.95, null, 2.88, 3.03, null, null, null, 2.69, 2.73, 2.97, 2.73, 2.97, 2.59, 3.42, 2.9, 2.88, 2.69]",680.2
power_outage,73,"[2.53, 2.09, null, 1.7, 1.53, 1.59, 2.13, 2.05, null, 2.09, 2.44, null, 2.05, 1.85, 1.57, 2.58, 1.86, 1.7, 2.19, 1.7, 2.19, 2.05, 9.97, 17.5, 25.13, 32.41, null, 1.84, 1.99, 2.75, 2.07, 2.2, null, null, 1.92, 2.37, 2.02, 2.23, null, 2.0, 2.2, 2.63, 1.96, 2.54, 1.97, 2.69, 1.89, 2.03, 2.6, 2.61, 2.39, 1.82, 2.17, 2.15, 1.89, null, 1.91, 1.76, 1.66, null, 1.99, 2.0, 1.84, 2.56, 1.73, 1.79, 2.05, 2.14, 2.34, 1.94, null, 1.95, 1.84]",673.25
stable_cold,13,"[5.89, 5.82, 6.02, 6.45, 5.92, 6.14, 5.07, 5.87, 5.55, 5.4, null, 5.75, 6.25]",643.07
hot_truck_transit,60,"[24.82, 20.94, 19.32, 19.48, 20.04, 19.64, 20.54, 21.04, 21.74, 23.63, null, 25.95, 26.04, 25.72, 27.96, 26.63, 26.48, 26.25, 24.65, 25.04, 24.74, 22.87, 23.25, 22.23, 21.1, 18.2, 20.5, 19.02, 20.69, 19.27, 20.27, 21.29, 21.43, 21.92, 22.33, 27.58, 24.71, 25.35, 27.54, 26.07, 25.79, 24.38, 26.28, 24.36, null, 23.15, 22.25, 20.85, 20.16, 19.03, 18.71, 18.34, 20.56, 19.43, 18.57, 21.42, 21.54, null, 24.03, 31.25]",281.89
hot_truck_transit,70,"[28.73, 24.16, 23.77, 24.52, 25.77, 24.07, 25.5, 25.8, 26.43, 27.44, 30.6, 30.26, 30.93, 31.17, 32.17, 31.74, 33.66, 31.92, 31.19, 30.35, 30.33, 28.24, 26.84, 26.38, 26.06, 25.74, 24.56, 24.44, 25.18, 22.6, 25.5, 25.79, 27.26, null, 30.28, 29.15, 30.51, 31.01, 31.63, 31.16, 33.83, 32.41, 30.46, 30.27, 28.94, 28.38, 26.6, 25.03, 24.97, 25.89, 23.2, 25.13, 24.84, 24.47, 26.02, 26.42, 25.51, 27.93, 28.99, 31.41, 30.76, 31.55, 31.19, 32.2, 31.17, 32.59, 30.74, 29.3, 30.27, 32.66]",255.81
stable_cold,64,"[4.76, 5.33, 5.1, 5.34, 5.73, 5.67, 6.38, 5.83, 6.4, 5.92, 6.07, 5.49, 5.21, 5.46, 5.63, 5.38, 5.24, 5.8, 5.23, 5.02, 5.19, 5.54, 5.24, 5.54, 5.88, 5.87, 5.37, 5.11, 5.41, 5.9, 5.99, 5.78, 6.12, 6.33, 5.44, null, 5.53, null, 5.92, 4.85, 5.25, 5.15, 4.92, 5.99, 6.46, 5.53, 5.98, 6.23, 5.72, 5.63, 5.54, 5.85, 5.99, 5.82, 5.81, 5.62, null, 6.0, 5.12, 5.88, 5.94, 5.18, 5.39, 6.48]",588.99
stable_cold,76,"[4.71, 4.71, 5.6, 5.07, 4.76, 4.92, 5.52, 5.57, 4.66, 4.97, 5.02, 4.59, 4.96, 4.98, 5.44, 5.47, 4.85, 4.9, 5.25, 4.75, 5.22, 4.95, 4.59, 4.6, 5.56, 4.92, 5.64, 4.78, 5.1, 5.94, 4.56, null, 5.5, 4.65, 4.97, 4.75, 5.09, null, 4.91, 5.16, null, 4.7, 4.84, 4.41, 4.81, 5.03, 4.82, 4.87, null, 4.72, 5.26, 5.56, 4.8, 5.18, 4.89, 5.13, null, null, 4.27, 5.16, 5.48, 4.89, 5.38, 4.71, 4.39, 5.04, 4.28, 4.89, 5.5, null, 4.47, 4.57, 4.96, 4.84, 5.54, 5.36]",598.53
mixed_chain,71,"[4.22, 4.0, 4.04, 4.47, 4.24, 4.0, 4.65, 4.62, 4.05, 4.19, 3.83, 4.45, 4.23, 4.81, 4.41, 4.11, 4.42, 4.29, 4.11, 4.35, 3.88, 4.46, 4.5, 4.83, 4.47, 4.01, 3.18, 3.96, 4.54, 4.9, 4.45, 26.31, 21.64, 20.13, 21.41, 21.9, 21.62, 22.11, 19.86, 23.84, 25.41, 25.58, 27.29, 27.58, 28.14, 28.89, 28.49, 30.31, 32.08, 32.96, 31.43, 33.9, 32.89, 33.94, 32.2, 30.92, 31.03, 31.73, 31.23, 30.62, 32.73, 32.91, 32.24, 34.19, 32.47, 32.11, 32.15, 33.41, 30.87, 30.31, 32.76]",267.18
stable_cold,56,"[3.9, null, 5.04, 4.05, 3.72, 4.6, 5.13, 4.6, 4.45, 3.84, 4.76, 4.85, 3.87, 5.04, 4.89, 5.04, 4.82, 4.85, 4.79, 4.93, 3.86, 3.98, 4.29, 4.53, 4.74, 4.71, 5.03, 5.04, 4.24, null, 4.24, 4.51, 4.71, 3.22, 5.55, 4.81, 4.35, 5.35, 4.45, 4.64, 4.39, 5.24, 4.54, 4.64, 5.07, 4.82, 4.56, 5.03, 5.6, 4.71, 4.63, 4.65, 5.11, 4.34, 4.47, 3.97]",645.58
stable_cold,9,"[4.77, 4.49, 3.99, 4.71, 5.18, 4.86, 4.2, 5.06, 4.5]",682.4
hot_truck_transit,62,"[26.96, 21.85, 21.55, 21.76, 22.45, 21.89, 21.7, 23.61, 24.9, 23.56, 25.82, 27.39, 27.81, 28.94, 28.73, 30.11, 29.27, 27.39, 28.78, 28.0, 26.37, 23.89, 25.05, 22.55, 22.25, 21.44, 20.35, 21.37, 21.66, 21.99, 22.37, 22.77, 25.5, 25.51, 25.65, 27.72, 28.48, 29.32, 29.2, 28.87, 28.13, 28.4, 26.87, 27.6, 25.11, 25.08, 24.91, 23.17, 22.49, 22.25, 21.91, 22.19, 21.95, 22.19, 20.97, 23.56, 25.65, 25.88, 27.17, 26.82, 28.14, 34.48]",255.64
stable_cold,73,"[3.06, 3.03, 4.86, 4.24, 4.18, 3.38, 3.65, 3.32, 3.12, 3.41, 4.18, null, 3.26, 3.52, 3.95, 3.42, 3.68, null, null, 3.75, 3.38, 3.43, 3.19, 3.02, 3.6, null, 3.09, 3.76, 3.96, 2.91, 3.54, 4.3, 3.87, 2.9, 3.91, 3.35, 3.92, 3.37, 3.63, 3.43, 3.65, 3.42, 3.56, 3.18, 3.84, 3.72, 3.0, 4.04, 3.58, 3.71, 3.95, 3.78, 4.11, 3.53, 4.06, 3.7, 3.85, 3.81, 4.14, 3.93, 3.47, 3.39, 3.63, 3.34, 3.23, null, 3.03, 4.44, 3.38, 4.41, 3.81, 3.63, 3.05]",648.46
stable_cold,14,"[3.35, 3.18, 2.75, 2.37, null, 3.07, 2.92, 2.89, 2.93, 3.15, 2.83, 3.02, 2.45, 3.86]",691.33
mixed_chain,7,"[2.92, null, 3.28, 23.35, 22.65, 26.79, 28.18]",351.83
hot_truck_transit,75,"[34.01, 25.22, 24.59, 24.66, 25.22, 24.25, 25.31, 27.05, 27.69, 29.42, 30.17, 29.91, 28.69, 32.16, 31.56, 32.94, 33.67, 31.17, 31.88, 31.23, 29.84, 28.79, 25.84, 26.58, 25.7, 25.91, 25.44, 24.12, 23.15, null, 26.83, 26.47, 26.34, 27.47, 29.75, 30.63, 32.69, 31.93, 32.7, null, 33.05, 33.4, 32.12, 32.11, 30.0, 27.26, 26.84, 27.19, 25.51, 25.07, 24.02, 25.69, 25.89, 24.88, 25.53, 27.55, 28.33, 27.23, 30.11, 30.93, 31.51, 31.29, 31.71, 30.05, null, 30.42, 30.93, 30.85, 28.63, 29.6, 29.06, 26.72, 26.19, 23.77, 27.47]",286.41
power_outage,93,"[4.61, 4.43, 4.41, 5.19, 5.15, 4.7, 5.28, 5.06, 4.93, 5.13, 5.06, 4.92, 4.8, 4.84, 4.39, 4.63, 5.41, 4.62, 4.32, 5.14, null, 4.96, 4.83, 5.15, 5.33, 4.72, 5.06, 5.21, 4.7, 5.33, 5.21, 4.5, 5.35, 4.52, 4.67, 5.08, 5.18, 4.9, 4.68, 4.79, null, 5.12, 4.75, 4.68, 4.43, 4.69, 4.84, 4.53, 4.35, 5.17, 4.57, 4.48, 5.34, 5.13, 5.18, 5.02, 5.27, 5.14, 4.77, 4.55, 4.49, 4.83, 4.54, 4.63, 4.83, 5.29, 4.42, 4.88, 4.5, 4.71, 5.15, 4.62, 4.79, 4.91, 5.08, 4.71, 5.25, 4.74, 5.02, 4.82, 13.85, 22.99, 31.06, 4.87, 4.74, 4.7, 4.66, 4.87, 4.64, 4.65, 3.92, 5.29, 5.37]",580.04
market_display,95,"[25.18, 25.92, 26.3, 27.61, 27.63, 24.35, 24.28, 27.72, 26.22, 25.2, 27.13, 27.79, 26.93, 25.51, 23.85, 27.06, 26.28, null, 24.55, 26.7, null, 26.63, 27.53, 25.62, 28.98, 26.3, 27.34, 25.8, 27.14, 25.35, 27.22, 29.42, 25.13, 23.64, 25.7, 26.79, 26.54, 25.93, 27.72, 25.89, 27.49, 25.98, 25.36, 26.58, 26.64, 28.67, 26.95, null, 26.57, null, 26.14, 25.81, 26.59, 24.59, 24.36, 25.53, 25.39, 26.78, 25.75, 27.06, 25.66, 29.06, 26.11, 26.9, 25.65, 25.91, 26.93, 26.43, 27.3, 27.65, 28.9, 27.29, 26.48, 25.94, 25.59, 25.94, 26.69, 27.83, null, 26.09, 24.99, 25.49, null, 27.1, 27.57, 27.57, 25.22, 25.6, 27.46, 27.68, 26.42, 28.35, 27.81, 27.24, 26.85]",275.42
market_display,10,"[26.89, 26.38, 26.71, 25.48, 27.0, 29.4, 26.28, 25.82, null, 27.69]",351.79
mixed_chain,35,"[4.71, 4.73, 4.98, 5.08, 4.76, 5.17, null, 4.68, 5.58, 4.76, 4.73, 31.57, 22.93, 21.1, 22.18, 21.29, null, 22.63, 23.46, 31.3, 31.72, 34.77, 29.37, null, 31.68, 32.24, 32.94, 32.23, 33.96, 31.61, 33.32, 31.88, null, 31.29, 30.99]",304.0
power_outage,80,"[3.94, 4.25, 4.39, 10.53, 17.53, 24.55, 30.68, null, 3.67, 3.99, null, 4.28, 4.01, null, 3.14, 3.54, 4.3, 3.8, null, 3.92, null, 4.01, 3.81, 13.22, 21.7, 31.1, 3.89, 3.81, 3.74, 3.75, null, 3.77, 4.07, null, 4.32, 3.68, 4.13, 4.14, 3.9, 3.88, 3.63, 3.7, 3.92, 3.84, null, 3.72, 3.73, 3.35, 4.05, 4.02, 4.15, 4.16, 4.09, 4.1, 4.04, 4.08, 3.3, 3.52, null, 4.23, 3.62, 3.67, 3.85, 3.48, 3.97, 3.21, 3.5, 3.91, 3.48, 4.24, 3.87, null, 3.96, 3.85, 3.55, 4.13, null, 4.48, 4.1, 3.73]",622.68
stable_cold,7,"[3.41, 3.38, 3.15, 4.52, 3.61, 3.66, 3.29]",710.25
power_outage,69,"[3.36, 3.55, 3.08, 3.61, 3.47, 3.82, 3.75, 3.78, 3.56, 3.98, 3.67, 3.34, 3.26, 3.29, 3.67, 3.1, 3.54, 3.25, 3.12, 3.17, 3.49, 3.73, 3.3, null, 4.44, null, 3.78, 3.99, 3.53, 3.46, 3.9, 12.22, 20.32, 28.72, 3.13, null, 4.01, null, 3.06, 3.34, null, null, 3.55, 3.56, 3.47, 3.34, 3.25, 3.8, 3.57, 3.71, 3.66, 3.92, 3.63, null, 3.55, 3.21, 3.43, 3.67, 3.7, 3.93, 3.36, 3.57, 3.46, 3.99, 3.61, 3.62, null, 3.43, 3.06]",650.38
market_display,27,"[30.65, 29.69, 29.45, null, 31.15, 30.21, 30.0, 29.05, null, 30.29, 28.86, 29.49, 30.82, 27.79, 29.86, 30.91, 30.2, 30.79, null, 28.34, 30.98, 30.39, 29.59, 30.24, 30.63, 29.32, 29.07]",321.41
power_outage,96,"[4.58, 5.24, 5.09, 5.09, 5.32, 5.09, 4.62, 5.15, 4.6, 4.8, 4.93, 4.9, 4.4, 4.65, 4.93, 4.76, 5.28, 5.33, 4.6, 4.96, null, 4.9, 4.82, 5.2, 4.86, 5.32, 4.76, 4.8, 5.18, 4.97, 4.97, 4.37, 4.83, 5.2, 4.7, 5.15, 5.02, 4.88, 5.35, 4.84, 4.86, 4.88, 4.96, 5.17, 4.5, 5.2, null, 5.11, 5.66, 4.79, null, 5.0, 5.05, 5.2, 4.78, 4.69, 4.48, 4.53, 4.82, 4.91, null, 4.43, null, null, 5.01, null, 11.6, 17.94, 23.95, 30.76, 5.17, 5.36, 4.93, 5.23, 4.71, 4.68, 5.59, 4.61, 4.81, 4.37, 4.69, 4.64, 4.74, 5.03, 5.1, 4.64, 4.7, 5.27, 5.45, 5.32, 4.45, 5.3, 5.5, 4.43, 5.26, 5.01]",582.7
mixed_chain,33,"[5.75, 5.72, null, 6.19, 6.13, 5.24, 5.13, 5.17, 5.61, 5.77, 6.41, 32.88, 26.32, 25.28, 25.95, 27.35, 26.32, 28.34, 27.75, 33.86, 31.28, 32.06, 31.7, 32.83, 34.07, 28.9, 29.31, 28.97, 33.01, 29.97, 30.28, 31.32, null]",308.09
power_outage,87,"[null, 5.48, 5.48, 5.44, 5.5, 5.08, 4.68, 5.12, 5.38, null, null, 4.9, 4.93, 5.03, 4.62, 5.04, null, 5.16, 5.09, 4.99, 5.02, 5.03, 5.41, 5.19, 6.14, null, 5.33, 5.1, 5.09, 5.66, 5.49, 4.67, null, null, 5.04, 4.74, 5.23, 4.63, 5.23, 5.41, 5.46, 5.15, 5.65, 5.29, 5.45, 17.96, 31.62, 5.19, null, 5.6, 5.27, 5.32, null, 4.95, 5.37, 5.36, 4.71, 5.17, null, 5.63, 5.41, 4.74, 4.88, 5.09, 5.61, 5.01, 5.51, 5.01, 5.35, 4.91, 5.14, 17.84, null, 4.99, 4.73, 4.71, 5.17, 5.06, 5.39, 5.12, 5.54, 5.08, 5.5, 4.91, 4.74, 4.95, 4.86]",593.16
market_display,52,"[29.06, 29.18, 30.53, 28.79, 28.53, 30.09, 29.67, 29.58, 30.75, 29.69, 28.96, 29.95, 28.97, 30.81, 29.78, 28.52, 29.94, 28.8, 30.98, 29.63, 30.51, 29.01, 29.52, 30.25, 29.56, 28.68, 30.61, 30.09, 28.46, 29.31, 28.77, 29.17, 29.21, 29.46, 28.05, 29.25, 30.91, 31.82, 28.38, 31.04, 32.43, 29.51, 30.36, 30.97, 29.23, 30.89, 29.52, 30.9, 31.57, 31.26, 29.37, 30.47]",285.61
hot_truck_transit,90,"[null, 19.07, 18.51, 18.71, 18.18, 18.44, 18.81, null, null, 23.02, 23.47, 24.6, 25.1, 27.6, 26.59, 26.14, 25.61, 27.43, 24.3, 23.96, 22.99, 22.57, 21.84, 20.65, null, null, 20.21, 18.81, 19.18, 18.59, 19.53, 21.53, 19.79, 23.2, 23.43, 24.93, 26.75, 25.68, 24.3, 25.72, 26.47, null, 25.11, 25.83, 21.77, 22.19, 22.39, 21.35, 18.2, 18.46, 18.62, 18.06, 19.67, 19.14, null, 20.96, 21.97, 21.67, null, 24.02, 26.52, 25.99, 24.69, 25.63, 27.03, 25.73, 24.44, 24.29, 24.41, 24.33, 21.51, 20.99, 19.68, 19.3, 17.99, 19.75, 18.36, null, 19.15, 21.13, 21.0, 23.81, 24.14, 25.28, 25.09, 25.56, 26.48, 25.64, 26.83, 31.08]",259.27
market_display,92,"[29.55, null, null, 31.3, 31.83, 29.14, 29.68, 31.52, 30.74, 29.15, 28.44, 29.05, 30.85, 28.04, 30.07, 29.39, 28.95, 29.24, 30.88, 30.47, 31.07, 28.85, 27.81, 30.05, 29.81, 29.24, 27.45, 30.86, null, 30.68, 30.63, null, 29.75, 27.1, 27.9, 28.82, 32.04, 30.97, 29.61, null, 29.98, 30.84, null, 28.16, 31.55, null, 29.22, 30.25, 31.28, 30.29, 30.35, 31.66, 29.08, 28.68, 29.3, 30.87, 31.01, 30.05, null, 32.0, 28.47, 29.31, 29.01, 31.13, null, 31.83, 30.82, 28.74, 29.48, 29.22, 31.52, null, 27.96, 30.49, 29.78, null, 28.87, 29.6, 27.2, 30.13, 29.96, 29.55, 29.9, 29.59, 28.51, 29.09, 28.93, 30.62, 28.58, null, 29.89, 28.03]",262.34
stable_cold,44,"[5.61, 5.05, 5.11, 5.03, 4.42, 4.73, 5.57, 4.34, 4.88, 5.02, null, 5.49, 4.96, 5.7, 4.89, 5.59, 4.64, 5.61, 5.02, 4.77, 5.1, 5.29, 4.98, 5.4, 4.95, 5.43, 5.36, null, null, 5.24, 5.4, 6.01, 5.56, 5.57, 6.42, 5.39, 5.38, 5.46, 4.78, 5.0, 4.98, null, 5.11, 5.24]",632.23
market_display,3,"[29.01, 30.51, 29.63]",341.04
stable_cold,59,"[2.97, 3.79, 2.76, 4.0, 3.44, 2.3, 3.23, 3.62, 3.27, 3.65, 3.02, 2.84, 3.33, 3.37, 3.22, 3.85, 3.02, 3.49, 3.39, 2.74, 2.83, 3.37, 4.15, 3.59, 2.67, 2.12, null, 3.32, 3.82, 3.01, 3.5, 3.7, 3.18, 3.19, 3.37, 3.58, 3.36, 3.75, null, 2.83, 4.15, 3.12, 3.13, null, 3.39, null, 3.35, 3.35, 3.43, 2.42, 4.11, 3.3, 3.59, 2.81, 3.17, 3.09, 3.95, 3.13, null]",650.87
power_outage,43,"[5.88, 5.57, 5.47, 5.29, 5.65, null, 5.24, 5.53, 17.45, 29.55, 5.7, 5.78, 6.19, 5.36, 5.34, 5.69, 6.06, 5.18, 5.72, 5.56, 5.88, 5.81, 5.64, 5.77, 5.42, 5.86, 6.04, 5.65, 5.5, 5.58, 5.86, 5.61, 5.26, 5.91, 5.33, 5.75, 5.06, 5.65, 5.6, null, 5.72, 5.29, 5.65]",623.66
stable_cold,52,"[4.62, 4.68, 5.11, null, 4.71, 4.59, 5.42, 5.01, 4.62, 4.52, 5.19, 4.82, 4.71, 4.82, 4.91, 4.76, 5.26, 5.28, 4.99, 5.33, 4.78, 5.05, 5.18, 5.19, 5.14, 5.03, 5.56, 4.56, 4.72, 4.69, 4.63, 3.98, 5.33, null, 4.85, 4.21, 5.03, 4.46, 4.32, null, 4.5, 4.55, null, 5.1, 4.45, 4.38, 4.79, 4.99, null, 4.35, 4.65, 5.25]",624.63
hot_truck_transit,25,"[31.79, null, 26.35, 24.87, 25.06, 26.38, 25.5, 27.32, 28.24, 29.89, null, 31.26, 32.15, 32.82, 33.0, 34.42, 33.65, 33.86, 31.51, 32.39, 30.52, 29.93, 26.82, null, 32.47]",296.79
stable_cold,7,"[2.9, 3.09, 2.52, 3.07, 3.35, 3.28, 2.95]",717.98
hot_truck_transit,23,"[26.91, 21.75, 20.17, 20.92, 21.3, 20.83, 21.63, 23.34, 24.52, 24.72, 25.85, null, 27.6, 27.83, 28.61, 29.82, 27.64, 29.09, 27.67, 26.66, 25.02, 24.9, 29.95]",320.8
hot_truck_transit,25,"[31.03, 21.22, 21.67, null, 22.29, 22.22, 23.12, 24.56, 25.24, 24.19, 26.72, 27.71, 27.52, 28.31, 30.76, 29.11, null, 28.52, 28.85, 27.92, 28.28, 25.26, 25.08, 22.18, null]",345.21
hot_truck_transit,55,"[32.16, 25.9, 25.19, 24.4, 24.04, 25.77, 25.3, 26.44, null, 28.54, 30.65, 29.32, 31.26, 33.55, 32.96, 32.22, 32.88, 31.8, 32.38, 31.03, 28.72, 28.56, 27.67, null, 25.8, 25.36, 24.85, 23.8, 24.15, 24.71, 25.62, 26.17, 28.22, 27.61, 28.02, 31.95, 30.55, 32.72, 32.72, 31.75, 32.13, 31.61, 31.49, 29.76, 29.27, 28.34, 28.22, 26.05, null, 24.47, 24.8, 22.96, 25.47, null, 29.72]",290.18
market_display,27,"[33.91, 29.95, 31.24, 31.77, 29.41, 29.86, null, 31.75, 30.68, 31.15, 32.2, 31.98, 28.8, 31.48, 31.92, 31.16, 31.89, null, 31.65, 31.14, 31.56, 28.47, 32.95, 32.85, 32.76, null, 31.94]",297.86
stable_cold,71,"[5.6, 6.03, 6.38, 6.49, 6.17, 5.71, 5.61, null, 6.36, 5.87, 5.88, 5.72, 5.56, 5.63, 5.75, 6.38, null, 5.72, 5.35, 5.98, 6.24, 6.35, 5.78, 5.92, 5.63, 5.91, 5.82, 5.72, 5.75, 5.88, 5.58, 5.6, 6.38, 6.78, 5.21, 5.19, 5.31, 5.65, 6.05, 5.93, 5.76, 5.91, 5.42, 5.6, 5.69, 5.06, 5.23, 5.25, 6.0, 5.79, 5.94, 4.96, 5.1, 5.96, 4.58, 6.19, 4.97, 6.03, 5.34, 6.11, null, 4.79, 5.97, 4.97, 5.87, 5.61, 5.75, null, 6.01, 5.12, 6.19]",587.05
stable_cold,87,"[4.5, 4.88, 5.19, 3.97, 5.33, 4.45, 5.05, 5.02, 5.35, 5.14, 3.97, 4.6, 4.97, 4.84, 5.11, 5.23, 5.16, 4.83, 4.18, 4.74, 5.08, 4.48, 5.17, 5.28, 4.97, 3.69, 4.41, 5.67, 4.7, 4.12, 5.41, 4.92, 5.36, 5.03, 5.1, 5.06, 5.2, 5.83, 5.31, 4.29, 5.1, 5.37, 5.4, 4.75, 5.38, 5.29, 5.95, 4.62, 4.72, 4.8, 4.72, 4.56, 3.81, 4.74, 5.07, 4.72, 5.69, 4.92, 5.43, 5.02, 5.25, 5.03, 5.47, 4.94, 5.12, 5.06, 4.8, 5.08, 5.81, 4.81, 5.09, 5.42, 5.37, 4.92, 3.96, 5.12, 4.03, 5.51, 4.99, 5.32, 4.56, 4.3, 5.02, 4.9, 4.72, 4.95, 6.02]",576.15
stable_cold,43,"[2.07, 2.34, 2.48, 3.01, 2.64, 2.81, 2.08, 2.12, 2.23, 2.27, 1.92, 2.83, 2.68, null, 2.58, 2.42, 2.61, 1.79, 2.27, 2.3, 2.58, 2.07, 1.33, 1.89, 2.3, 2.35, 3.0, 2.56, null, 2.31, 2.77, 2.09, 2.27, 1.89, 2.89, 2.48, 2.04, 2.28, 2.53, 2.23, 2.11, 2.06, 2.46]",693.0
stable_cold,29,"[null, 5.63, 6.41, 6.44, 5.48, 6.08, 6.16, 6.89, 5.55, 6.42, 5.85, 5.35, 5.8, 5.85, 5.42, 5.97, 6.23, 5.94, 5.63, 5.79, 5.84, 5.93, 6.29, 5.95, 5.28, 5.62, 5.91, 6.3, 6.36]",625.07
stable_cold,25,"[5.47, 4.81, 4.89, null, 4.48, 4.25, 5.09, 4.52, 6.06, 4.4, 4.33, 5.04, 5.45, 4.86, 5.06, 4.1, 4.56, 4.41, 4.08, 4.88, 3.94, 4.31, 4.62, 4.5, 4.99]",656.41
power_outage,71,"[5.92, 4.96, 5.12, 6.0, 6.17, 13.91, 21.71, 30.26, 5.91, 6.02, 5.13, 5.79, 6.22, 5.84, 5.97, 5.69, 5.72, 6.1, 5.48, 5.45, 5.54, 5.69, 5.2, null, 5.63, 5.94, 5.05, 5.94, 6.08, 5.81, null, 5.94, 6.06, 5.84, 5.86, 6.18, 5.91, 5.44, 6.06, 5.65, 5.69, 5.72, 5.97, 6.21, 5.69, 6.2, 5.73, 6.1, 5.74, 5.54, 6.26, 5.51, 5.49, 5.31, 6.06, 6.13, 5.8, 5.39, 5.68, 5.59, 5.37, 5.54, 5.84, 5.5, 5.77, 5.15, 6.19, 5.57, 5.94, 5.74, 5.8]",592.1
stable_cold,4,"[2.85, 2.56, 2.5, 2.8]",724.19
mixed_chain,25,"[5.67, 4.85, null, 5.51, 5.16, 5.06, 5.29, 33.77, 25.12, 25.59, 24.01, 27.66, 28.97, 31.42, 31.98, 32.12, 31.37, 30.04, 31.32, 31.31, 30.77, 30.32, 29.51, 31.11, 31.15]",310.17
market_display,56,"[27.49, 28.67, 28.44, 27.95, 27.7, 28.44, 28.36, 28.41, 28.39, 27.19, 26.3, 27.31, 26.79, 26.16, 29.19, 27.26, 26.01, 28.88, 27.41, 28.47, 26.83, 27.99, 28.04, 27.4, 26.52, 27.75, 27.99, 25.83, 30.18, 29.23, 27.45, 28.3, 27.25, 26.52, 28.41, 26.29, 27.72, 26.48, 26.27, 27.45, 28.53, 27.59, 27.35, 25.12, 27.03, 25.58, 27.34, 27.27, 27.2, 27.24, 27.88, 27.95, 27.68, 28.44, 24.38, 26.07]",319.01
stable_cold,32,"[5.54, 5.19, 5.35, 5.63, 4.82, 5.21, 6.02, 5.02, 5.14, 5.45, 5.56, 5.19, 5.47, 5.69, 6.23, 5.39, 5.43, 6.05, 5.22, 4.91, 5.54, 5.87, 5.59, 5.4, 4.86, 5.42, 5.94, 4.95, 5.34, 5.29, 5.16, 5.54]",638.17
stable_cold,58,"[null, 5.53, 5.33, 5.68, null, null, 6.39, 5.43, 6.27, 5.3, 5.74, 6.19, 6.17, null, 5.94, 5.88, 5.5, 5.96, 6.46, 5.9, 5.94, 5.98, 5.13, 5.9, 5.31, 5.48, 6.58, 5.61, 5.42, 6.18, 5.34, 5.54, 6.22, 5.73, 5.09, 5.93, 5.56, 6.33, null, null, 6.43, 5.38, 5.64, null, 5.37, 5.82, 5.63, 5.62, 5.74, 5.74, null, 5.48, 5.49, 5.67, 5.7, 5.54, 5.85, 4.99]",621.97
hot_truck_transit,40,"[23.53, 20.56, 20.45, null, 19.19, 21.04, 20.41, 21.24, 22.83, 23.21, 24.31, 25.15, 26.14, 27.07, 25.74, 27.37, 25.9, 26.59, 26.55, 25.19, null, 23.73, 20.69, 22.41, 20.82, 19.53, 19.21, 17.79, 19.76, 20.51, null, 20.73, 22.53, 24.41, 25.36, 26.12, 27.9, 27.66, null, null]",288.14
power_outage,78,"[5.14, null, 5.35, 4.86, 5.1, 4.68, 4.9, 4.82, 4.81, null, 4.44, 4.84, 4.85, 5.03, 4.51, 4.75, 4.66, 4.16, 5.19, 4.4, 4.36, 5.12, 4.74, 4.75, 4.75, 5.16, 4.67, 5.02, 4.5, 4.94, 5.11, 5.26, 4.37, 4.75, 5.32, 12.92, 20.39, 28.25, 4.93, 4.73, 5.0, 4.99, 4.5, 4.69, 4.7, 4.76, 4.92, 4.89, 4.62, 5.24, 4.84, 5.28, 5.27, 4.52, 4.69, 4.71, 4.93, 5.06, null, 4.67, 5.33, 4.71, 5.06, 4.83, null, 5.04, 5.3, 4.93, 4.69, 5.28, null, 4.89, 5.15, 4.94, 5.58, null, 5.18, 4.97]",602.11
stable_cold,72,"[2.85, 3.36, 3.94, 2.43, 2.75, 2.99, 2.92, 2.95, 2.56, 3.65, 2.52, null, 3.5, 3.07, 2.69, 2.55, 2.99, 2.78, 3.17, 2.53, 3.41, 3.13, 3.16, null, 2.91, 2.8, 2.87, 3.01, 3.05, 2.75, null, 2.86, 3.23, 3.14, 3.57, 3.87, 3.39, 3.64, 3.39, null, 3.83, 3.47, 3.37, 3.0, 3.07, 2.95, 3.33, 2.8, 3.01, 2.14, 3.78, 3.0, 3.27, 3.67, 3.21, 3.66, 2.59, null, 3.52, 3.17, 3.66, 2.62, 2.97, 3.66, 2.34, 3.31, 3.3, 3.87, 2.45, 3.73, null, 2.91]",653.33
stable_cold,66,"[4.01, 3.47, 3.55, 4.25, null, 3.51, 3.5, 3.54, 4.09, 3.4, 3.94, 4.09, 3.76, 4.2, 3.67, 3.71, 3.4, 4.2, 3.49, 3.94, 3.77, 3.37, 3.55, 4.35, 3.88, 3.39, 3.92, 3.74, 5.18, 3.91, 3.64, 4.36, 3.06, 3.83, 4.59, 3.75, 3.1, 3.64, null, 3.95, 3.46, 3.52, 3.57, 3.94, 4.33, 4.22, 3.98, 3.26, 3.26, 4.01, 3.26, 3.7, 3.92, 3.34, 3.39, 3.76, 4.0, 4.22, 4.04, 3.82, 3.5, 3.37, 3.59, 3.96, 3.93, 2.96]",657.08
mixed_chain,25,"[5.75, 4.89, 5.1, 4.9, 4.96, 4.39, 4.65, 5.0, 5.15, 5.42, 32.45, 24.02, 25.06, 24.49, 25.4, 23.5, 23.31, 31.31, 29.39, 28.34, 30.87, 28.09, 28.21, 28.67, 27.05]",347.05
market_display,11,"[29.32, 29.2, 30.12, 30.31, 29.21, 28.59, 30.11, 30.23, 29.94, 29.69, 30.76]",323.6
power_outage,76,"[10.9, 17.76, 24.81, 31.26, 3.56, 2.93, 3.9, 3.29, 3.33, 3.07, 3.47, 10.41, 18.06, 24.78, 31.39, 2.98, 2.79, 3.17, 3.08, null, 3.43, 3.48, 3.19, 3.52, 3.05, 3.45, 3.73, 3.37, 3.61, 2.89, null, 3.58, 3.79, 3.41, 4.12, 3.05, 3.27, 3.52, 3.62, 3.3, 3.16, 3.66, 3.52, 3.37, 3.63, 3.44, 3.44, 3.43, 3.23, 3.2, 3.32, 3.49, 2.92, 3.76, 3.48, 3.16, 3.96, 3.49, 3.08, 3.95, 3.88, 3.21, 3.38, 3.34, 2.91, null, 3.73, null, 3.49, 3.76, 3.14, 4.02, 3.25, 3.28, 3.31, 3.28]",635.69
mixed_chain,90,"[5.44, 4.83, 5.71, 5.78, 6.21, 5.12, 5.88, 5.88, 5.79, 5.43, 5.0, 5.25, 4.92, 4.76, 5.67, 5.03, null, 5.42, 5.69, 5.62, 4.97, 5.13, 5.53, 5.73, 5.54, 5.72, 5.3, 5.53, 5.46, 4.93, 4.66, 5.02, 5.07, 31.68, 26.4, 25.48, 25.23, 25.51, 26.4, 26.73, 27.32, 28.05, 29.96, 30.42, 32.15, 33.78, 32.27, 33.37, 32.42, 33.37, 34.67, 33.0, 31.16, 31.1, 28.8, 27.76, 28.22, 26.62, 26.06, 31.12, 29.48, 26.16, 26.95, 28.19, 26.51, 27.0, 28.95, 26.9, 28.9, 26.3, 30.38, 28.73, 28.76, 27.45, 27.93, 31.15, 26.6, 27.24, 27.52, 28.12, 28.74, 28.51, 26.62, 28.84, 28.83, 28.0, 27.16, 28.26, 27.58, 27.86]",283.97
hot_truck_transit,43,"[23.06, 18.62, 18.93, 18.88, 19.62, 17.98, 19.2, 20.24, 21.85, 21.89, 23.75, 24.28, 25.51, 25.64, 25.85, 27.02, 27.55, 26.91, null, 25.78, 23.7, 24.29, 22.36, 20.03, 19.43, 19.45, 19.63, 18.61, 18.15, 19.96, 19.07, 21.04, 21.79, 21.72, 25.25, 24.81, 24.67, 26.3, 25.27, 27.08, null, 28.42, 28.24]",318.95
stable_cold,10,"[2.53, 2.88, 2.75, 2.87, 3.04, 2.66, 3.69, 3.26, 3.78, 3.0]",713.74
stable_cold,93,"[2.43, 3.07, 2.86, 3.17, 2.93, null, 3.04, 3.22, null, 2.4, 2.75, 3.32, 3.64, 2.83, 2.65, 2.11, 3.24, 2.67, 4.07, 2.6, 3.73, 3.19, 2.48, 2.98, 3.2, 2.8, 3.23, 3.22, 3.13, 2.88, 2.42, 2.86, 2.96, 2.14, 2.96, 2.85, 2.37, 2.76, null, 3.66, 2.98, 3.31, 2.84, 2.14, 3.16, 2.63, 2.76, 2.47, 2.92, 3.32, 3.26, 3.53, 3.58, 2.07, 2.41, 2.17, 3.14, 2.61, 2.7, 2.8, 3.04, 2.3, 2.39, 2.89, 3.37, 2.88, 2.57, 2.03, 3.27, 2.6, 2.43, 2.2, 2.32, 2.51, 2.8, 2.41, 2.97, 2.79, 3.78, 2.21, 2.96, 2.96, 2.48, 2.93, 3.2, 2.93, 3.44, 2.02, 2.55, 3.48, 3.26, 3.11, 3.38]",623.79
power_outage,62,"[2.65, 2.88, 2.7, 3.49, 2.54, 2.98, 2.68, null, 2.97, 3.26, null, 2.67, 3.76, 3.05, 2.72, 2.94, 3.07, 3.06, 3.03, 3.17, 3.14, 2.63, 3.51, 3.47, 3.12, 2.89, 2.9, 2.78, 2.82, 2.23, 3.34, 3.23, 2.38, 3.15, 2.88, 2.82, 3.03, 2.36, 2.88, 2.91, null, 2.47, 3.02, 3.2, 3.0, 2.81, 3.69, 2.6, 8.32, 13.37, 19.11, 23.83, 29.1, 3.03, 2.56, 2.62, 2.8, 3.17, 2.95, 2.82, 3.29, 2.29]",673.46
market_display,27,"[null, 28.18, 26.99, 25.37, 26.82, 29.24, 24.8, 29.27, 27.23, 28.93, 26.68, 24.9, 26.88, 27.75, 28.37, 26.21, null, 27.94, 27.17, 28.05, 28.02, 28.54, 28.15, 28.04, 30.28, 25.57, 26.35]",346.57
hot_truck_transit,84,"[null, 20.87, 20.59, 20.51, 20.5, 21.27, 21.76, 22.15, 22.32, 24.27, 25.92, 26.82, 28.16, 28.89, 28.71, 28.44, 28.42, 27.29, 27.75, 27.35, 26.15, 24.73, 23.06, 22.0, 21.33, 20.24, 20.64, 18.05, 19.99, 20.88, 23.46, 22.29, 23.28, 23.62, 26.7, 25.64, 28.74, 27.16, 28.9, 28.24, 27.7, 28.56, 28.18, 26.14, 25.3, 23.96, 23.43, 21.41, 19.3, 19.33, 20.25, 19.43, 20.33, 20.41, 20.89, 21.77, 24.02, 24.47, 26.57, 26.37, 25.59, 26.92, 28.24, 28.48, 27.68, 27.11, 26.63, 26.17, 25.28, 23.41, 23.45, 22.48, 21.37, 20.27, 20.96, 21.35, 20.06, 20.32, 21.83, 21.35, 22.23, 23.77, 25.57, 29.76]",270.28
market_display,22,"[31.89, 31.85, 29.2, 29.48, 28.94, 28.21, 30.17, 29.82, 30.61, 29.75, 30.86, 29.76, 29.58, 29.92, 30.73, 29.37, 30.9, 28.93, 29.44, 27.58, 29.41, 28.47]",331.64
stable_cold,68,"[4.02, 3.95, null, 3.92, 3.92, 3.37, 3.7, 3.79, 4.08, 4.1, 3.68, 4.1, 3.84, 2.77, 3.72, 4.35, 3.24, 3.96, 4.55, 3.61, 3.92, 3.4, 4.57, null, 3.94, 4.46, 4.18, 3.57, 3.66, 4.12, 3.67, 3.07, 3.9, 3.33, 4.56, 3.99, 3.56, 3.64, 3.16, 3.48, 4.32, 4.81, 4.21, 3.88, 3.74, 3.53, 4.74, 3.84, 4.76, 4.47, 3.22, null, 3.65, 3.89, null, 5.12, null, 4.01, 4.16, 3.92, 3.96, 3.5, 3.96, 4.12, 4.05, 4.15, 4.48, null]",628.6
mixed_chain,87,"[null, 4.59, null, 4.47, 5.09, 4.57, 4.48, 5.15, 5.34, 4.91, 4.19, 5.31, 4.22, 4.36, 4.71, 4.97, 4.68, 5.38, 4.96, 4.88, 4.33, 5.4, 4.8, 4.45, 4.6, 5.41, 4.96, 4.78, 4.64, 5.06, 4.3, 4.92, 4.67, 4.3, 4.72, 4.28, 4.62, null, 4.6, 4.37, 4.83, 34.88, 25.41, 25.31, 24.37, 25.17, 26.8, null, 28.74, null, 29.31, 29.53, 29.33, 32.75, 32.7, 33.38, 32.56, 33.67, 32.28, 32.77, 30.78, 30.98, 29.5, 29.36, 27.51, 30.61, 28.08, 27.12, 27.11, 28.57, 27.11, 25.14, 27.47, 28.62, 27.09, 26.98, null, 26.31, 25.99, 26.75, null, 24.65, 26.91, 27.96, null, 29.68, 28.08]",290.09
power_outage,94,"[4.43, 3.86, 3.94, 4.21, null, 4.28, 4.27, 4.34, 3.73, 4.58, 4.73, null, 4.2, 4.07, 4.01, 3.99, 5.01, 4.31, 4.6, 4.59, 4.37, 4.05, 4.49, 4.01, 4.51, 4.02, 12.77, null, 13.32, 20.73, 30.72, 4.09, 4.29, null, 4.43, 4.58, 4.51, 4.94, 4.55, 4.3, null, 4.16, 4.72, 4.86, null, 3.38, 3.66, 4.33, 4.28, 4.34, 4.71, 4.69, 4.38, 3.87, 3.96, 4.35, null, 3.97, 4.53, null, 3.53, 4.07, 4.74, 4.79, 3.85, 3.88, 4.56, null, 4.74, 4.56, 4.61, 4.09, 4.46, null, 4.37, 4.32, 4.2, 3.85, 4.0, 4.06, 3.84, 3.87, 3.6, 4.1, 4.53, 4.24, 4.24, 4.56, 4.84, null, 4.37, null, 4.21, 4.51]",594.97
market_display,60,"[25.82, 29.4, 26.36, 26.55, 28.47, 27.27, 27.1, 26.92, 26.43, 27.44, 27.81, 26.96, 27.91, 27.72, 27.69, 26.89, 26.78, 27.67, 25.79, 30.71, 24.21, 26.55, 27.84, 28.1, 26.21, 26.45, 27.29, 25.6, null, 28.28, 28.21, 27.24, 28.15, 27.34, 26.3, 25.84, 27.98, 26.42, 28.2, 26.86, 28.79, 26.08, 25.86, 27.47, 26.81, 27.4, 27.14, 26.61, 26.91, 24.6, 29.02, 26.46, 27.75, 24.73, 26.16, 27.53, 29.4, 27.76, 27.89, 26.63]",310.84
stable_cold,71,"[5.65, 5.71, 5.51, null, 5.81, 5.5, 5.98, 5.23, 4.88, 5.5, 6.04, 5.58, null, 5.17, 6.22, 5.11, 5.23, 5.74, null, 6.03, 5.77, 5.88, 5.74, 5.45, 5.09, null, 5.13, 5.71, 5.84, 6.11, 5.67, 5.89, 5.4, 5.33, 5.71, 5.36, 5.62, 5.09, 5.16, 5.77, null, 5.12, 5.79, null, 5.52, 6.08, 5.84, 5.84, 6.28, 5.24, 5.12, null, 5.42, 4.58, 5.43, 5.3, 5.83, 5.66, null, 5.75, 5.81, 5.21, 5.32, 4.63, 5.08, 5.22, 5.55, 5.14, 5.31, 5.03, 5.59]",598.38
power_outage,60,"[4.87, 5.45, 5.18, 5.37, 4.61, 5.29, 4.85, 5.08, 4.92, 4.68, 5.0, 4.93, 10.3, 16.83, 23.17, 29.04, 4.93, 4.56, 4.86, 4.76, 4.72, 4.58, 5.06, 4.89, 4.86, 5.4, 4.93, 5.15, 4.87, 4.68, 4.47, 4.86, 3.99, 4.87, 4.88, 4.72, 4.76, 4.41, 5.2, 4.68, 4.49, 4.95, 4.82, 4.68, 4.65, 4.78, 5.19, 4.93, 4.77, 5.04, 4.79, 12.96, 20.94, 29.13, 4.65, 4.44, 5.06, 5.24, 4.46, 4.84]",620.33
stable_cold,9,"[2.51, 2.83, 2.42, 2.64, 2.7, 2.52, 2.32, 2.24, 1.87]",740.13
mixed_chain,88,"[4.64, 5.25, 5.15, 4.83, 4.7, 4.18, 3.99, 4.35, 5.14, 5.24, 3.88, 5.06, 5.26, 5.02, 4.34, 4.85, 3.91, 3.96, 5.52, 4.34, 4.07, 4.38, 5.27, 4.99, 4.26, 4.5, 4.73, 4.8, 28.99, 24.69, 23.45, 23.66, 22.99, 24.44, 25.1, 24.25, 26.99, 26.47, 27.88, 30.13, 29.7, 30.95, 31.18, 30.24, 32.39, 32.0, 30.59, 29.16, 28.51, 28.47, 25.95, 25.05, 24.39, 22.19, 24.09, 23.55, 24.2, 27.19, 28.6, 27.04, 29.12, 29.22, 31.0, 30.12, 28.76, 28.13, 29.5, 28.8, 27.87, 25.96, 31.2, 29.72, 29.21, 28.51, 30.72, 29.5, 26.77, 28.13, 29.34, 29.89, 28.08, 30.27, 26.84, 28.13, 28.18, 29.58, 30.0, 29.97]",270.11
market_display,62,"[32.88, 29.97, null, 33.26, null, 35.69, 32.4, 33.25, 33.98, 33.3, 32.45, null, 32.34, 32.46, 31.2, 32.26, 31.13, 32.57, 32.09, 33.18, 30.78, null, 31.47, 32.56, 32.28, 33.89, 32.63, 32.58, 31.31, 32.23, 30.97, 33.17, 33.57, 30.77, 32.63, 32.45, 34.02, 31.38, 31.66, null, null, 32.05, null, 33.2, 33.94, 32.48, 32.25, 33.37, 32.82, 32.77, 33.94, 31.3, 32.26, 31.4, 31.93, 31.05, 32.12, 33.02, 29.42, 32.18, 32.47, null]",259.84
hot_truck_transit,62,"[26.7, 21.03, 21.16, 21.39, 21.08, 21.5, 22.52, 24.02, 24.78, 24.18, 26.87, 28.31, 28.61, 26.75, null, 30.33, 28.72, 31.0, 26.3, 27.34, 26.83, 25.36, 24.31, 22.39, 21.93, null, 19.67, 21.94, null, 22.2, 23.07, 26.2, 25.3, null, 27.98, 25.05, 27.69, 28.82, 28.82, 29.45, 28.95, null, 27.66, 27.13, 27.67, 25.99, 24.05, 23.6, 23.89, 20.65, 20.49, 20.76, null, 22.53, 21.78, 22.47, null, 24.47, null, 25.49, 27.6, 33.52]",261.86
mixed_chain,11,"[4.63, null, 4.6, 32.69, 26.17, 26.5, 31.38, 31.06, 31.85, 32.81, 31.34]",320.18
mixed_chain,80,"[4.63, 4.68, null, 5.75, 4.85, 6.46, 5.16, 4.83, null, 5.2, null, 5.27, 4.73, 5.93, 4.98, 4.9, null, 5.63, 5.61, null, 5.88, 4.81, null, 5.41, 5.47, 5.14, 5.69, 5.24, 5.79, 4.78, 5.94, 4.54, 5.92, 5.03, 5.4, null, 4.87, 5.06, 5.56, 31.57, 24.08, 22.72, 21.42, 21.35, 24.22, 23.3, 24.25, 24.69, 24.95, null, 27.21, 28.24, 29.41, 29.69, 34.14, 34.34, null, 33.35, 31.89, 33.7, null, 32.55, 34.16, 31.28, 34.25, 32.94, 32.43, 35.12, 33.97, 30.97, 34.17, 33.72, 31.48, 32.92, 33.98, 30.81, 33.95, 32.55, 32.8, 34.38]",250.49
mixed_chain,56,"[5.44, 5.07, 5.41, 5.35, 5.54, 5.35, 5.43, 5.5, 4.43, 5.09, 5.21, 5.05, 5.66, 5.85, 5.26, 5.26, 5.25, 4.58, 4.85, 4.86, 5.53, 5.05, 29.07, 20.66, 21.3, 19.48, 19.29, 21.29, 21.34, 22.54, 24.45, 24.19, 25.39, 25.77, 26.98, 27.72, null, 28.27, 26.66, 28.72, 26.94, 27.31, 24.41, 26.75, 26.57, null, 28.37, 28.71, 26.5, null, 27.99, 25.8, 27.87, 26.78, 26.53, 23.69]",352.6
power_outage,8,"[7.95, 13.69, 18.77, 25.69, 30.74, 2.61, 2.31, 2.02]",734.54
hot_truck_transit,83,"[27.41, 21.18, 20.9, 20.23, null, 20.43, 20.93, 20.4, 21.98, 23.41, 23.71, 26.64, 26.72, 28.39, 27.99, 26.38, 28.41, 26.6, null, 26.7, 25.61, 24.35, 22.81, 21.49, 22.18, 20.25, 19.32, 19.85, 20.55, 20.92, null, 22.36, 23.01, 23.22, 23.87, 26.64, 27.55, null, 26.31, 27.33, 27.41, null, 26.97, 25.32, 24.66, 24.07, null, 22.84, 21.83, 21.03, 19.02, null, 18.84, 20.37, 20.29, 21.97, 23.05, 23.69, 25.26, 25.0, 25.17, 26.42, null, 28.99, 28.57, 26.83, 27.12, 24.41, 25.8, 23.95, 23.12, 20.0, 21.07, 21.54, 19.91, 19.46, 19.47, 19.49, null, 20.56, 22.86, 24.42, 28.59]",280.24
stable_cold,11,"[3.0, 2.48, 2.89, 1.88, 1.65, 3.07, 1.98, 2.23, 2.56, 2.66, 2.78]",717.72
stable_cold,21,"[3.42, 4.15, 4.18, 3.38, null, 3.17, 3.28, 2.8, 2.8, 2.71, 3.83, 2.77, 4.18, 3.11, 4.09, 3.25, 2.77, 3.91, 3.96, 3.04, null]",696.82
market_display,11,"[29.69, 28.62, 31.58, 30.01, 29.32, 28.96, 32.09, 29.65, 29.64, 31.05, 31.68]",316.05
stable_cold,21,"[2.67, null, 2.65, 2.36, 2.64, 1.88, 2.76, 2.53, 2.51, 3.22, 2.29, 2.58, 2.48, 2.52, 3.33, 2.47, 2.22, 3.19, 2.32, 1.8, 2.15]",721.74
hot_truck_transit,69,"[29.57, 22.1, 19.06, 20.53, 20.66, null, 21.3, null, 23.69, 25.09, 25.8, 27.31, 27.98, 27.65, 28.48, 29.04, 27.83, 27.52, 26.26, 27.55, 27.37, 24.06, 24.03, 23.6, 20.84, 21.42, 21.8, 20.4, 20.68, 22.25, 21.44, 22.15, 23.43, 26.07, 26.29, 27.05, 27.87, 27.19, 28.93, 28.28, 28.34, 27.9, null, 28.1, 24.94, 25.49, 23.49, 23.28, 22.08, 20.71, 20.3, 20.5, 21.1, 21.61, 24.22, 23.11, 22.6, 25.68, 26.19, 26.55, 26.62, 27.92, 29.48, 29.08, 29.63, 29.19, 27.67, 24.16, 30.79]",274.44
stable_cold,54,"[null, 4.0, 3.21, 3.18, 3.21, 2.75, 2.86, 3.06, 3.73, 3.26, 3.08, 3.77, 3.9, 3.78, 2.93, 3.08, 4.0, 3.37, 3.17, 3.56, 3.68, 3.05, 3.36, 3.65, 2.81, 3.28, 2.83, 2.88, 3.05, 3.47, 3.15, 3.02, null, 2.82, 3.45, 3.73, null, 3.19, 3.42, 2.46, 3.49, 4.52, 3.23, 3.23, 3.57, 3.93, 3.67, 2.41, 3.5, 4.3, 3.52, 2.81, 3.39, 2.76]",674.12
mixed_chain,83,"[4.19, 4.14, 4.36, 5.1, 4.74, 4.23, 3.69, 5.36, 3.59, 5.03, 4.78, null, 4.35, 4.89, 5.02, 5.02, 5.03, 3.98, 4.31, 4.33, 4.6, 4.69, 5.01, 4.57, 4.89, 4.44, 5.4, 4.33, 4.32, 4.69, 5.04, null, 4.46, 4.44, 32.12, 23.49, null, null, 24.41, 24.74, null, 25.65, 27.5, 26.51, 27.69, 28.47, 29.83, 31.75, 30.74, 30.37, 30.61, 31.23, null, 29.13, 27.67, 26.3, 24.38, 25.31, 23.76, 23.72, 22.05, 21.3, 25.31, 26.58, 28.93, 30.76, 25.76, 27.9, 28.55, 28.52, 30.33, 28.24, 28.4, 28.32, 29.33, 30.73, 28.76, null, null, 27.24, 30.09, 28.73, 30.47]",274.6
power_outage,92,"[2.96, 3.59, 3.27, 3.35, 2.53, 3.36, 3.09, 2.72, 12.11, 20.56, 30.14, 3.58, 2.61, 3.14, 3.1, 2.55, 3.42, 3.33, 3.75, 3.3, 2.88, 3.3, 3.53, 3.01, 3.4, 2.44, 3.59, 3.39, 2.38, 3.26, 2.55, 2.96, 3.35, 3.11, 3.52, 3.17, 3.13, 3.48, 3.04, 3.14, 3.18, 3.13, 3.49, 2.95, 2.9, 2.83, 2.5, 3.59, 2.88, 3.07, 3.61, 3.1, 3.3, 2.72, 3.57, 3.11, 2.84, 2.84, 3.65, 2.97, 2.85, 3.02, 3.16, 3.19, 3.28, 3.22, 3.34, 3.06, 3.77, 3.0, 3.55, 2.97, 2.72, 2.65, 3.24, 3.49, 2.8, 2.88, 3.26, 3.15, 2.97, 2.76, 3.24, 3.34, 3.29, 3.15, 2.83, 3.24, 3.22, 2.75, 3.06, 3.26]",624.42
stable_cold,27,"[2.46, 1.5, 2.53, 2.09, 2.85, 2.6, 2.14, 2.98, null, 2.05, 2.32, 2.59, 2.24, 2.25, 2.4, 1.95, 1.49, 2.48, 1.59, 1.98, 1.67, 1.72, 2.55, 2.29, 2.28, 1.85, 2.12]",716.56
market_display,7,"[30.8, 30.87, 31.03, 30.5, 31.75, 30.83, 29.76]",335.7
mixed_chain,31,"[3.71, 3.47, 3.48, 4.0, 3.62, 3.96, 2.98, 4.26, 3.73, 29.3, 20.1, 21.45, 19.88, 20.47, 23.32, 21.43, 22.08, 24.67, 31.63, 29.42, 30.79, 31.97, 30.65, 32.82, 30.62, 30.81, 30.76, 32.57, 31.64, 30.73, 30.21]",314.0
stable_cold,82,"[2.33, 1.75, 2.66, 2.23, null, 2.17, 2.3, 2.57, 2.05, 2.52, 2.26, 1.66, null, 2.63, 2.66, 2.31, 2.78, 2.61, 2.46, 1.82, 2.88, 2.4, 2.03, 1.92, 2.29, 1.52, 2.47, 1.8, 2.33, 1.98, 2.08, null, 2.12, 2.94, 2.74, 2.33, 2.18, 2.52, 2.64, null, 2.15, 1.46, 2.63, null, 2.22, null, 2.43, 1.82, 1.92, 2.44, null, 1.99, 1.93, 2.24, 2.02, null, 2.05, null, 2.11, 1.62, null, 1.09, 2.01, 1.94, 2.24, 2.41, 2.64, 1.9, 2.42, 2.26, 1.5, 2.95, null, 2.35, 2.34, 2.3, 1.99, 2.52, 1.56, 2.16, 1.96, 1.91]",665.67
stable_cold,89,"[4.75, 4.0, 4.51, 4.04, 4.35, 4.2, 4.6, null, 3.63, 3.7, 4.04, 3.75, 4.42, 4.07, 5.2, 3.56, 4.34, 3.8, 4.06, 4.31, 3.32, 4.35, 5.02, 4.07, 4.36, 4.66, 4.19, 4.02, 3.34, 4.51, 4.21, 3.85, 4.3, 4.02, 4.04, 4.5, 3.72, 4.67, 3.7, 3.99, 5.02, 4.71, null, 3.88, 4.04, null, 4.27, 4.22, 4.24, 4.17, 3.68, 4.05, 4.62, 3.71, null, 3.93, 4.3, 4.1, 4.85, null, 3.73, 4.52, 3.94, 4.02, null, 4.06, 4.61, 3.94, 4.01, 3.99, 4.03, 4.69, 4.51, 4.94, 5.16, 3.84, 4.28, 3.78, 3.94, 4.0, 3.83, 3.83, 4.2, 3.77, 4.59, 3.89, 5.38, 4.07, 4.28]",607.25
market_display,34,"[28.03, 28.96, 31.22, 30.58, 27.94, 26.84, 28.23, 29.61, 29.54, 29.43, 30.16, 29.5, 30.61, 30.38, 26.88, 29.57, 29.21, 29.8, 29.18, 27.53, 30.02, 30.3, 27.25, 31.54, 30.59, 28.39, 28.15, 29.71, 29.62, 30.21, 30.06, 30.17, 28.13, 29.3]",312.92
mixed_chain,3,"[5.78, 28.77, 28.2]",354.28
power_outage,23,"[5.75, 5.4, 5.51, 5.4, 5.76, 5.62, 5.84, 5.46, 5.67, 11.47, null, 23.34, 29.91, 5.64, 17.85, null, 5.92, null, 5.79, 5.16, 5.35, 5.61, 6.14]",632.04
power_outage,17,"[3.7, 2.43, 2.81, 2.47, 2.42, 2.35, 3.16, 11.92, 21.58, 31.27, 3.11, null, 3.34, 3.46, null, 3.12, 2.89]",706.93
mixed_chain,21,"[3.6, 3.78, 3.57, 3.47, 4.16, 4.16, 31.6, 22.97, 22.13, 22.55, 22.53, 28.01, 23.95, 25.35, 26.77, 26.48, 26.06, 26.02, 26.71, 26.78, 24.74]",371.83
market_display,14,"[29.87, 31.9, 33.26, 31.11, 31.67, 30.55, 30.68, 32.73, 31.74, 32.35, 31.87, 31.36, 33.01, 29.41]",331.2
stable_cold,10,"[4.06, 4.13, 2.98, 3.23, 3.81, 3.63, 3.75, 3.41, 4.11, 4.07]",690.71
market_display,69,"[null, 29.8, 30.23, 28.71, 29.76, 28.78, 28.97, 29.46, 29.29, 29.2, null, 27.43, 26.84, null, 29.47, 28.49, 28.16, 31.08, 30.36, 27.01, 27.87, 27.78, 28.99, 27.36, 28.1, 29.41, 28.75, 27.34, 29.04, 29.07, 29.17, 27.22, 30.09, 28.32, 27.53, 29.0, 29.71, 29.63, 30.46, 28.15, 26.97, 28.52, null, 27.91, 28.51, 28.32, 29.53, 28.89, null, 29.25, 27.13, 29.64, 28.27, 29.17, 29.47, 27.96, 28.08, 28.95, 28.34, 30.98, 28.93, 27.52, 31.42, 29.34, null, 30.74, 29.28, 28.82, 26.99]",295.98
hot_truck_transit,43,"[33.49, 25.08, 26.27, 24.21, 24.42, 24.85, 25.75, 27.41, 27.35, 28.42, null, 29.98, 32.07, 31.9, 31.88, 31.27, 31.72, 32.04, 31.49, 30.51, 28.59, 28.57, 26.46, 25.72, 26.78, 25.16, 25.21, 25.86, 24.8, 26.02, 26.19, 26.14, 27.56, 28.11, 30.24, 31.51, 30.45, 31.47, 32.29, 32.06, 32.39, 32.46, 36.34]",255.32
hot_truck_transit,44,"[26.59, 21.25, 20.6, 20.67, 21.32, null, 20.18, null, 23.79, 24.15, 26.23, 25.77, 26.64, null, 28.53, 29.87, 27.93, 28.31, 27.75, 26.94, 26.14, 24.98, 23.59, 21.06, 22.47, 19.25, 19.76, 20.05, 21.47, 20.97, 23.28, 21.5, 22.7, 22.81, 24.73, null, 28.61, 28.91, 28.67, 28.36, null, 29.09, 26.92, 30.25]",300.34
market_display,11,"[32.19, 30.01, 28.28, 30.5, 29.56, 28.51, 29.62, 30.35, 31.04, 29.2, 29.25]",336.19
stable_cold,2,"[3.94, 3.7]",706.36
market_display,26,"[26.48, 28.3, 26.68, 26.46, 28.46, 27.3, 24.26, 23.94, 29.04, 27.23, 26.92, null, 26.96, 25.87, 26.75, 26.26, 26.78, 27.36, 27.58, 27.05, 27.26, 24.99, null, 27.38, 27.04, 28.91]",325.74
power_outage,37,"[3.2, 3.54, 3.46, 2.81, 2.92, 2.88, 2.39, null, 3.4, 3.08, 2.78, 2.91, 3.06, null, 3.11, 3.35, 10.65, 18.26, 25.42, 33.01, 2.78, 3.34, 3.07, 2.08, 10.82, 18.48, 25.46, 33.36, 3.1, 2.52, 3.75, 3.1, 3.22, 2.97, 3.07, null, 2.85]",683.91
mixed_chain,33,"[3.3, 3.81, 2.73, 2.73, 3.02, 2.43, 2.49, 3.14, 2.23, 2.38, 2.19, 2.49, 2.64, 2.67, 30.82, 22.71, 22.96, 24.66, null, 25.02, 22.63, null, null, 27.01, 28.52, 34.62, 27.97, 26.55, null, 25.71, 28.7, 27.76, 26.36]",348.03
hot_truck_transit,78,"[31.51, null, 25.13, 25.56, null, 25.73, 27.16, 28.08, 28.52, 28.99, 31.96, 32.02, 32.23, 32.48, 34.23, 33.59, 34.29, 32.37, 32.72, 31.26, 32.07, 29.94, 27.81, 28.39, 27.8, 25.91, 25.13, 23.88, 26.66, 24.78, 26.78, 26.26, 30.05, 30.71, 30.92, 32.48, 32.37, 32.45, 32.17, 34.28, null, 35.13, 31.58, 32.45, 31.7, 28.57, 28.25, 27.46, 29.6, 25.98, 24.87, 26.04, 24.94, 26.13, 26.45, 28.06, 28.16, 29.09, 31.54, 31.88, 32.5, 31.57, 34.01, 33.27, 33.73, 31.63, 32.7, 31.8, 30.5, 28.94, 29.54, 27.05, 27.54, 27.02, 25.12, 26.24, 25.44, 30.13]",262.75
power_outage,40,"[3.41, 3.92, 4.06, 3.45, 3.99, 3.94, 3.89, 3.44, 3.59, 3.59, 4.26, null, 3.57, 3.28, 3.34, 3.42, 3.74, 3.2, 3.43, 3.07, 4.05, 3.66, 3.72, 3.3, 3.98, 4.08, 3.65, 3.48, 3.79, 3.85, 3.89, 3.83, 8.97, 13.53, 19.07, 23.71, 28.15, 3.49, 3.46, 3.7]",665.68
mixed_chain,3,"[4.8, 27.42, 26.94]",366.11
market_display,40,"[27.72, 26.46, null, 25.51, 28.45, 26.22, 26.61, null, 23.12, 25.34, 29.08, 23.08, 24.64, 25.9, 25.25, 25.54, 25.05, 26.23, 26.87, 26.92, 25.45, 27.61, 26.61, 27.72, 26.79, 26.13, 26.15, 26.86, 27.95, 26.59, 26.69, 27.12, 24.31, 24.72, 26.7, 25.29, 26.12, 26.42, 29.33, 26.23]",335.46
market_display,14,"[30.75, null, 27.81, 29.01, 27.92, 30.56, 30.0, 30.13, 30.48, 29.32, 28.32, 29.36, 30.43, 27.83]",345.71
market_display,29,"[25.5, 28.91, 26.01, 27.0, 26.72, 28.32, 29.87, 26.32, null, null, 28.74, 26.95, 27.0, null, 24.92, 28.23, 26.18, 27.32, 27.21, 26.41, 27.51, 26.71, 28.35, 26.22, 25.88, 27.27, 27.05, 28.95, 27.11]",337.91
power_outage,59,"[null, 4.05, 3.57, 3.79, 3.62, 3.15, 4.19, 3.39, 3.69, 3.35, null, 3.61, 3.49, 3.32, 3.66, 3.22, 3.71, 3.63, 2.93, 3.51, 3.81, 3.35, 3.82, 12.86, 21.49, 30.85, 3.92, 3.41, 3.61, 4.01, 3.41, 3.81, 3.35, 3.62, 3.8, 2.95, 3.51, 3.8, 3.74, null, 3.34, 3.86, 3.57, 3.83, 3.78, 3.54, 3.99, 3.49, 4.03, 4.07, null, 3.62, 4.43, 3.72, 3.74, 3.66, 3.33, null, null]",651.48
mixed_chain,3,"[5.39, 27.53, 29.57]",342.07
market_display,24,"[27.38, 26.29, null, 27.05, 27.12, 28.96, 27.34, 27.92, 27.62, 27.54, 26.07, 28.69, 27.92, 28.63, 27.79, null, 27.84, 29.3, 26.57, 26.71, 29.8, 28.65, 29.89, 28.39]",331.36
market_display,59,"[33.63, 31.71, 32.28, 32.2, 31.87, 32.03, 32.56, 30.91, 34.1, 32.52, 32.08, 30.79, 33.62, 31.43, 33.26, 31.63, 32.82, 31.15, 32.48, 32.59, 32.88, 33.74, 33.3, 34.56, 30.97, 35.19, 33.81, 32.15, 33.87, null, 34.02, 31.5, 32.73, 33.59, 32.65, 33.21, 33.3, 31.5, 34.19, 32.79, 32.63, 31.61, 32.39, 33.81, 32.97, 33.53, 32.64, 32.79, 30.71, 33.15, 32.45, 33.07, 30.1, 35.72, 32.77, 33.24, 33.15, 32.31, 33.19]",256.14
stable_cold,81,"[3.63, 3.09, 3.78, 3.43, 3.72, 3.24, 3.42, 3.56, 3.59, 3.69, 3.26, 2.95, 4.14, 4.49, 3.67, 2.96, 3.18, 3.7, 4.03, 3.01, 3.44, 3.57, 3.84, 3.35, 2.87, 3.74, 3.94, 3.46, 3.65, 3.3, 3.15, 3.9, 3.65, 3.69, 4.09, 3.07, 3.27, 3.56, 3.27, 3.81, 3.42, 3.1, 3.52, 3.56, 3.87, 3.65, 3.68, 3.62, 3.42, null, 3.61, 3.36, null, 4.03, 3.75, 3.64, 3.46, 2.99, 3.41, 3.53, 3.58, 3.68, 3.86, 3.22, 3.22, 4.07, null, null, 3.45, 3.45, 3.5, 3.68, 4.51, 3.57, 3.76, 2.82, 3.3, 3.98, 3.65, 1.74, 3.76]",626.7
power_outage,87,"[5.29, 4.68, 4.9, 4.85, 4.98, 5.48, 5.33, 4.93, 4.93, 5.34, 4.72, 5.08, 4.89, 5.02, 5.31, 4.87, 5.36, 5.73, 5.25, 5.05, 5.42, 4.74, 5.53, 4.85, 5.72, 4.86, 5.27, 4.6, 5.01, 4.75, 4.64, 5.43, 4.7, 4.85, 4.82, 5.41, 5.38, 5.45, 4.84, 5.48, 4.83, 4.85, 4.86, 4.87, 5.04, 4.82, 5.14, 4.29, 5.14, 4.74, 4.87, 4.88, 5.35, 5.22, 5.02, 4.86, 5.31, 5.61, 5.06, 4.59, 4.86, 5.24, 4.94, 4.81, 4.8, 5.1, 4.61, 5.06, 5.1, 4.94, 4.76, 5.38, 4.67, 13.66, 22.37, 30.74, 5.44, 4.73, 4.83, 4.93, 6.06, 5.22, 5.28, 5.27, 5.1, 5.39, 4.51]",600.81
market_display,42,"[31.15, 30.8, null, 28.9, 29.75, 31.33, 28.86, 31.51, 30.16, 29.16, null, 30.74, 31.89, 30.52, null, 30.43, 31.22, 31.59, 26.65, 29.73, 29.37, 30.34, 29.64, 30.65, 30.52, 27.82, 27.5, 31.02, 29.12, 32.18, 31.14, 27.97, 29.16, null, 29.58, 29.91, 28.79, 30.53, 30.14, 31.02, 30.06, 29.36]",303.65
hot_truck_transit,60,"[33.08, 25.92, 24.65, 25.07, 24.3, 24.72, 25.28, null, 27.16, 27.84, 30.16, 29.82, 30.96, 32.13, 33.98, null, 31.43, 31.08, 30.81, 30.14, null, 29.44, 27.38, 28.15, 25.35, 24.88, null, 25.49, 24.75, 26.41, 26.19, 27.4, 26.18, 27.31, 28.37, 30.33, 30.27, 33.12, 32.37, 33.16, 32.14, 32.79, 29.92, 30.63, 30.1, 29.14, 27.38, 25.3, 26.65, 24.89, 24.56, null, null, 24.79, 25.38, 27.18, 26.98, 29.08, 30.58, 36.19]",242.62
stable_cold,92,"[4.49, 4.3, 4.0, 4.47, 4.49, 4.82, 4.49, 4.93, 4.44, 4.39, null, 4.05, 5.57, 4.59, 4.59, 4.65, 5.19, 4.76, 3.8, 5.0, 4.3, 4.48, 3.93, 4.65, 4.18, 4.48, 4.33, 5.21, 5.23, 4.46, 4.47, 4.29, 4.88, 4.31, 4.27, 4.83, 4.22, 4.42, 3.81, 4.72, 5.22, 4.73, 5.02, null, 4.53, 4.06, 4.35, 4.75, 4.48, 3.88, 3.91, 3.89, 4.64, 5.27, 4.99, 3.68, 5.01, 4.81, 3.82, 4.32, 4.88, 4.66, 3.92, 4.68, 3.59, 4.35, 4.9, null, 4.24, 4.8, 4.83, null, 4.79, 4.87, 4.73, null, 4.48, 4.35, 3.96, 4.06, 4.33, 4.54, 5.02, 4.42, 4.84, 4.87, 4.35, 4.68, 4.34, 4.97, 4.69, 3.96]",609.23
hot_truck_transit,95,"[28.82, 23.21, 23.98, 21.18, 22.4, 22.89, 23.0, 23.57, 25.44, 26.4, 26.27, 26.64, 28.52, 29.01, 30.43, 29.34, 29.8, 28.18, 27.67, 27.46, 26.92, 25.42, 25.16, 22.72, 23.08, 22.45, 21.06, 22.26, 20.48, null, 23.88, 22.3, 25.58, 25.15, 26.64, null, 28.41, 30.84, 29.7, 30.01, 30.62, 29.98, 29.03, null, 25.88, 24.88, 26.1, 25.44, 23.36, 21.2, 21.6, 21.42, null, 21.91, 23.67, 24.28, 26.31, 25.77, 27.28, 28.67, 29.73, 28.56, null, 30.2, 30.19, 29.59, 30.28, 27.37, 26.36, 25.42, 24.81, 24.32, 22.89, 23.42, null, 22.0, 21.15, 24.07, 23.21, null, 24.55, 26.75, 26.67, 29.54, 29.81, 30.22, 29.36, null, 31.57, null, null, 28.82, 25.54, null, 31.45]",245.33
market_display,30,"[27.85, 26.32, 26.79, 27.19, 27.59, 28.42, 27.18, 26.69, 27.43, 26.69, 27.42, 26.72, 28.37, 28.47, 26.7, 29.43, 27.18, 27.44, 28.66, 29.36, 28.35, null, 26.48, 27.31, 27.65, 27.44, 26.66, 26.02, 27.17, 26.13]",345.47
stable_cold,78,"[3.41, 3.03, null, 3.51, 3.19, 2.92, 3.94, 3.78, 2.64, 2.82, 3.65, 3.3, 4.01, null, 3.53, 3.0, 3.61, 2.9, 3.93, 3.58, 3.08, 3.73, 4.31, 3.32, 3.63, 3.24, 3.44, 2.81, 3.41, 3.43, 4.13, 2.69, 3.3, 3.93, 3.31, 3.34, 3.08, 3.04, 2.68, 3.16, 3.01, 3.46, null, 3.22, 3.23, 3.39, 3.2, 2.99, 3.44, 3.84, 3.46, 3.17, 3.36, 2.59, 3.35, 3.25, 3.04, 3.11, 3.25, 3.81, 3.85, 3.04, 3.2, 3.21, 3.73, 3.47, 3.45, 3.62, 3.17, 3.96, 3.41, 3.07, 3.32, 3.9, 3.24, 3.79, 3.16, 3.1]",642.88
stable_cold,73,"[2.17, 1.64, 2.07, null, 1.99, 1.86, 2.04, 2.37, 2.11, 1.41, 1.86, 1.55, 2.25, 2.36, 2.26, 1.84, 2.25, 1.97, 1.7, 2.45, 2.48, 2.54, 1.91, 2.63, 1.96, 2.42, 1.95, 2.07, 1.19, 2.03, 2.19, 1.99, 2.86, 1.69, 1.93, 1.79, 1.93, 2.57, 2.75, 1.88, 1.87, 1.69, 2.68, 2.6, null, 1.6, 1.63, 2.22, 2.38, 1.33, 2.03, 2.8, 2.07, 2.75, 2.42, 1.72, 2.04, 2.1, 1.77, 1.77, 2.76, 1.76, 2.59, 1.98, 2.15, 2.38, 1.92, 2.38, 1.34, 2.33, 1.17, 2.06, 2.5]",662.96
hot_truck_transit,40,"[null, 19.81, 18.99, 18.72, 20.98, 18.9, 21.23, 20.51, 21.63, 23.09, 24.57, 23.84, 25.55, 27.45, 27.84, 26.93, null, 26.8, 26.65, 25.3, 25.32, 22.94, 21.07, 20.68, 20.33, 19.13, 18.88, 19.93, 18.64, 18.63, 20.98, 21.67, 21.29, 23.72, 23.29, 24.58, 25.1, 26.26, 27.47, 32.69]",287.15
stable_cold,60,"[null, 4.57, 4.27, null, 4.26, 5.01, 4.41, 5.37, 4.64, 3.86, 5.24, 4.84, 4.55, 4.66, 3.93, 3.68, 4.39, 4.95, null, 5.09, 4.93, 4.41, 4.88, 5.01, 4.37, 4.32, 4.46, 3.44, 4.52, 4.69, 4.46, 4.54, 4.39, 3.6, 5.07, 4.26, 4.16, 4.95, null, 4.51, 4.71, 3.94, 4.37, null, 4.13, null, null, 4.44, 4.66, 3.85, 3.38, 4.77, 3.97, null, 3.53, 4.81, 4.54, 4.53, 4.52, 3.58]",649.51
market_display,56,"[31.61, 32.45, 30.27, null, 31.65, 32.11, 32.15, 31.87, 32.23, null, 35.25, null, 32.05, 31.35, 31.55, null, 33.79, 31.2, 32.86, 31.81, 33.59, 31.98, 31.52, 31.6, 34.51, 32.37, 33.74, 32.84, 33.15, 31.98, 32.29, 31.15, 31.22, 32.14, 32.01, null, 33.35, 34.65, 31.23, 32.87, 31.71, null, 35.25, 32.33, 31.96, 33.49, 35.3, 32.78, 35.46, 32.4, 33.64, 31.45, null, 32.8, 34.02, 31.83]",268.37
hot_truck_transit,85,"[24.93, 20.81, 21.13, 18.87, 19.63, 19.92, 20.62, 21.76, 24.16, 24.6, 25.9, 25.82, 26.62, 27.81, 28.09, 28.23, 29.6, 27.82, 26.08, 25.32, null, 24.5, 23.63, 22.3, 20.22, 21.65, 21.1, 19.58, 20.31, 20.57, 20.76, 20.96, 23.31, 22.69, 24.44, 27.25, 27.05, 27.66, 27.51, 26.64, 28.08, 27.75, 27.35, 25.57, 24.59, 24.34, 21.84, null, 20.93, 20.66, 21.87, 19.67, 20.13, 20.45, 19.47, 22.37, 20.98, 24.49, 24.37, 25.29, 26.68, 26.29, 27.66, 27.01, 26.72, 27.17, null, 26.46, null, 23.75, 22.42, 20.93, 20.22, 20.63, 19.44, 19.84, 19.21, 21.05, 21.57, 23.13, 23.94, 23.15, 24.23, 26.17, 31.22]",260.19
mixed_chain,84,"[3.63, 3.39, null, 4.04, 3.73, 4.15, null, 3.36, 3.6, 3.75, 2.96, 3.64, 3.54, 3.3, 3.69, 3.22, 2.97, 2.64, 2.91, 3.11, 3.61, 3.72, 3.35, 3.84, 3.72, 3.23, 3.21, null, null, 4.29, 3.08, 3.49, 2.98, 2.79, 3.31, 24.64, 22.39, 20.25, 21.95, null, 20.48, 21.25, 23.08, 22.82, 24.99, 25.22, 25.9, 26.91, null, 28.73, 28.92, 28.01, 27.58, 29.61, 33.42, 32.04, 33.17, 33.58, 31.44, 35.5, 33.97, 32.45, 30.77, 31.64, 35.22, 33.42, 32.22, 32.34, 34.57, 33.4, 32.41, 30.91, 32.66, 33.6, 33.49, null, 32.87, null, null, 32.46, 35.05, 33.51, 32.21, 31.69]",263.58
market_display,79,"[31.1, 29.24, 28.6, 28.61, 28.33, 28.45, 31.94, 30.2, 28.78, 29.3, 28.14, 30.24, 24.99, 28.31, 27.7, 30.05, 28.95, 26.85, 28.8, 28.9, 30.69, 29.24, 28.85, 28.96, 26.15, 27.91, 26.52, 31.31, 28.31, null, 27.66, 28.42, 28.48, 29.51, 28.7, 28.09, 26.4, 31.55, 28.24, 28.4, null, 30.55, 28.07, 28.28, 29.11, 30.33, 28.85, 28.93, 28.73, 28.3, 31.09, 27.9, 29.35, 28.19, 29.59, 28.8, 29.16, 28.98, 27.55, 28.8, 26.69, 29.14, 28.26, 28.6, 28.9, 29.05, 26.09, 28.42, 29.18, 30.76, 31.98, 31.26, 27.99, 29.54, 30.23, 29.7, 28.86, 29.26, null]",267.97
mixed_chain,52,"[2.13, 1.78, 1.64, 2.65, 1.87, 1.87, 1.94, 2.24, 1.85, 1.73, 2.1, 2.32, 2.22, 1.79, 1.6, 1.65, 2.17, null, 1.85, 1.82, 1.56, null, 20.73, 20.54, 20.91, 21.3, null, 22.42, 23.22, 24.95, 25.09, 25.81, 27.36, 26.44, 27.4, 33.3, 27.3, 28.79, 28.11, 29.41, 27.76, 29.79, 27.84, 29.38, 28.37, 27.28, 28.18, null, 28.15, 27.32, 29.98, 28.56]",314.15
market_display,80,"[null, 30.74, 35.39, 32.16, 31.92, 33.52, 32.55, null, 31.68, null, 31.76, 33.57, 32.7, 33.15, 32.09, 33.37, null, 31.49, 31.98, 34.3, 31.9, 31.96, 32.86, 32.44, 31.29, 31.18, 33.49, 31.17, 33.66, 32.03, 29.81, 33.37, 33.56, 33.29, 32.04, 32.17, 32.05, 31.73, null, 32.35, null, 31.74, 32.77, 34.12, null, 30.97, 32.57, 33.17, 33.45, null, 32.76, 35.85, 31.17, 34.38, null, 35.35, null, 34.44, 34.56, 32.41, 31.57, 35.14, 31.61, 33.85, 34.39, 32.4, 32.39, 34.71, 32.23, 31.93, 29.36, 33.94, 32.15, 33.53, 32.42, 34.2, 34.25, 31.4, 32.04, null]",234.88
stable_cold,90,"[4.63, 4.98, 5.34, 5.7, 4.93, 4.96, 4.36, 5.15, null, 5.01, 4.87, null, 4.51, 4.63, 6.07, 4.7, 4.78, 5.95, 6.38, 4.75, 5.07, 5.35, 5.91, 4.82, 5.12, 5.53, 5.39, 5.07, 5.16, 4.67, 5.12, 5.11, 5.31, 5.0, 5.41, 5.62, 5.28, 5.36, 5.24, 5.22, 4.93, null, 5.18, 6.05, 5.85, 5.37, 4.91, 4.77, 5.69, 5.32, 5.41, 4.52, 5.59, null, 4.77, null, 5.32, 5.24, 5.1, 5.18, 5.12, 5.28, 5.81, 4.19, 5.12, 5.29, 5.34, 5.07, 4.51, 5.35, 5.91, null, 5.56, 5.09, 5.19, 4.8, 5.08, null, 5.45, 5.91, 5.69, null, 5.92, 5.39, 5.55, 5.1, 5.24, 4.94, 5.61, null]",595.03
power_outage,61,"[6.11, 5.39, 5.65, 5.08, 5.66, 6.03, 5.28, 5.85, 6.02, 5.39, 5.73, 6.07, 5.66, 5.83, 5.06, 5.77, 5.75, 5.19, 5.3, 5.77, 5.5, 5.93, 5.69, 5.61, 5.54, 5.68, 5.83, 5.75, 5.47, 5.96, 5.79, 5.71, 5.62, 5.74, 5.04, 5.66, 6.08, 5.66, 5.62, 5.41, 5.74, 10.57, 16.07, 20.46, 25.62, 30.62, 6.14, 5.54, 5.43, 4.97, 5.32, 5.75, 5.75, 5.4, 5.41, 6.15, 6.4, 5.94, 6.06, 6.12, 6.26]",593.15
power_outage,93,"[2.98, 2.22, 2.2, null, 2.76, 2.49, null, 13.3, null, null, 29.41, 2.78, 2.5, 2.41, 2.59, 2.07, 2.64, 2.33, 2.46, 2.85, 2.7, 2.45, 2.48, 1.74, 2.26, 2.56, 2.28, 2.11, 2.65, 2.9, 2.29, 2.77, 2.72, null, 2.29, 3.05, 2.17, 2.32, 3.1, 2.34, 2.91, 2.2, 2.55, 2.83, 2.37, null, 2.73, 2.24, 3.18, 2.82, 2.4, 2.44, 3.08, 2.4, 2.37, 2.85, null, 2.48, 2.53, 2.3, null, 2.53, 2.71, 2.3, 2.15, 2.88, 2.67, 2.4, 2.78, 2.58, 3.04, 2.71, 2.09, 2.31, 2.32, 2.6, 2.42, 2.17, 2.68, null, 2.48, 2.57, 2.22, 2.35, 2.36, null, 2.58, 2.41, 2.4, 1.92, 2.99, 1.88, 2.63]",636.18
stable_cold,83,"[1.78, 1.99, 1.81, null, 1.96, 1.79, 2.2, 2.25, null, 1.43, null, 2.31, 2.39, 2.31, 2.72, 2.49, 3.17, null, 1.39, null, 2.09, 2.3, 2.06, 2.37, 1.99, 1.82, 1.88, 2.01, 2.43, 1.9, 1.98, 2.32, 2.01, 2.54, 1.73, 1.64, 2.22, 2.26, 1.75, 2.63, 2.86, 1.84, 2.69, 1.14, 2.52, 1.75, 2.48, 1.71, 2.07, 1.77, null, 2.83, 2.05, 2.94, 1.94, 2.69, 1.44, 1.98, 1.88, 2.71, 2.17, 1.26, 1.57, 1.69, 2.47, null, 1.97, 1.87, 2.38, 1.64, 2.28, 2.24, 1.98, null, 2.13, null, 1.56, 2.34, 2.5, 2.22, 2.33, 2.05, 2.45]",653.94
hot_truck_transit,63,"[30.58, 25.88, 25.03, null, 23.58, null, 25.06, 26.16, 26.04, 28.99, 27.12, 30.92, 31.76, 33.56, 31.89, 31.81, 32.19, 32.14, null, 29.28, 29.71, 28.23, 26.39, 24.93, 27.38, 25.43, 24.81, 24.14, null, 23.92, 25.56, 26.42, 26.37, 28.15, 28.94, 29.62, 30.63, 30.33, 32.94, 33.48, 31.35, 32.58, 31.03, null, 28.23, null, 27.62, 25.45, 24.81, 24.36, 21.64, 24.49, 24.88, 25.06, 26.16, 25.88, 28.64, 27.55, 29.09, 29.97, 31.21, 31.5, 35.13]",246.93
stable_cold,72,"[5.55, 4.53, 5.83, 4.27, 5.67, 5.01, 5.54, 5.46, 5.25, 5.44, 5.23, 5.55, 6.14, 4.72, 3.99, 5.09, 5.07, 5.11, 4.89, 5.61, 4.71, 5.44, 5.52, 5.39, 5.46, null, 5.28, 5.12, 5.46, 5.5, 5.62, 4.58, 5.19, 4.83, null, 5.55, 5.15, 4.97, 5.5, 5.21, 5.83, 5.97, 5.66, 5.35, null, 5.36, 5.07, 4.99, 4.98, 5.26, 5.45, 4.69, 5.08, null, 5.52, 5.25, 5.36, 4.77, 4.9, 5.24, 5.47, 5.35, 4.92, 5.17, 5.87, 5.48, 5.2, 4.85, 4.98, 5.26, 5.37, 5.49]",599.63
hot_truck_transit,80,"[26.02, 23.58, 22.51, 22.06, 23.82, 23.52, 24.05, null, 26.75, null, 29.3, 30.06, 31.04, 31.31, 30.45, 31.12, null, 31.21, 29.89, 28.88, 29.44, 26.81, 25.54, 24.75, 25.1, null, 23.58, null, 21.46, 22.76, 24.02, 25.33, 25.25, 26.26, 27.86, 30.14, 28.18, 28.42, 32.33, 29.85, 30.61, 29.34, 29.66, 28.97, 29.4, 27.65, 25.01, 23.55, null, 23.19, 22.63, 24.02, 21.81, 23.32, 24.75, null, null, 26.27, 28.05, 28.52, 27.71, 30.2, 31.57, 30.25, 30.44, 30.13, 30.33, 28.79, 28.13, 27.1, 25.62, 26.43, 23.43, 24.17, 24.23, 22.96, 23.26, null, 23.95, 28.56]",277.16
hot_truck_transit,34,"[23.42, null, 19.02, 19.94, 19.15, 19.7, 20.51, 22.53, 22.84, 23.85, 25.43, 25.42, 25.2, 26.53, 27.58, 27.91, 28.26, 27.3, 27.59, 26.24, 23.86, 21.91, null, 22.06, 21.42, 20.4, 20.18, 21.0, 20.1, 20.76, 22.4, 20.5, null, 26.02]",345.99
mixed_chain,84,"[4.07, 4.53, 3.66, 4.11, 4.71, 4.35, 3.82, 4.63, 4.09, 4.4, 3.91, 4.61, 4.09, 4.31, 3.49, 4.82, 4.74, 3.75, 4.83, 3.68, null, 4.14, 4.29, 4.57, 4.18, 3.79, 4.65, 4.15, 4.48, 4.6, 4.0, 25.85, 21.81, 20.33, 20.98, 22.63, 20.38, 23.93, 24.78, 23.31, 24.46, 26.35, 26.98, 28.98, 29.39, 29.11, 28.25, 28.95, 30.81, 28.32, 28.46, 26.65, 26.7, 24.23, 24.29, 23.27, 21.92, 21.53, 20.14, 21.15, 28.31, 31.09, 30.17, 32.68, 31.54, 31.77, 30.83, 32.99, 31.51, 31.95, 29.93, 30.26, 29.81, 31.73, 31.29, 29.58, 31.56, 31.33, 28.93, 30.3, 31.46, 29.93, 30.85, 30.27]",273.74
market_display,20,"[30.37, 30.51, 30.7, 28.57, 30.09, 29.11, 31.3, null, 30.06, 29.37, 28.73, 29.79, 31.17, 28.78, 31.29, 30.39, 27.27, 28.6, 32.45, 29.56]",324.47
power_outage,2,"[8.32, 13.84]",524.07
market_display,39,"[30.18, 32.91, 32.21, 31.09, 30.62, 31.15, 31.98, 31.91, 29.99, 30.2, 31.89, 32.43, 30.78, 30.02, 31.77, 29.08, 31.27, 32.45, 31.44, null, null, null, 31.98, 32.79, 31.52, 31.4, 33.21, 30.75, 32.83, 30.38, 30.86, null, 33.45, null, 30.05, 32.59, 30.78, 32.49, 32.08]",284.9
mixed_chain,55,"[3.83, 4.57, 3.56, 4.27, 3.76, 3.88, 3.5, 4.11, 4.19, 3.29, 3.63, 3.91, 4.17, 4.91, 3.7, 2.89, 3.73, 4.1, 4.16, 3.88, 3.53, 4.11, 4.0, 4.06, 3.67, 32.93, 23.58, 24.17, 22.87, null, 23.85, 22.85, 25.6, 27.12, 29.26, 29.18, 30.77, 34.43, 26.85, 28.32, 24.03, 25.28, 26.17, 27.68, 27.49, 25.49, 24.92, 26.46, 26.05, 26.13, 26.29, 26.34, 27.78, 27.7, 26.09]",333.03
hot_truck_transit,55,"[26.7, 21.19, 20.16, 19.6, 19.46, 20.08, 21.93, 23.33, 23.72, 24.0, 24.81, 26.4, 26.27, 28.44, 28.43, 27.5, 29.33, 26.77, 27.14, 26.94, 25.9, 23.77, 22.91, 21.51, 21.62, 21.46, 18.88, 20.72, 20.02, 20.73, 20.59, 21.78, 24.83, 24.0, 25.3, 25.54, 29.17, 28.11, 28.12, 29.01, 28.42, 27.6, null, 25.04, 25.02, 23.87, 23.49, 22.1, 21.99, 20.89, 19.74, 21.46, 20.1, 21.25, 22.79]",354.3
hot_truck_transit,34,"[30.77, 23.01, 22.66, 23.2, 21.55, 24.45, 24.39, 25.19, 25.64, 27.66, 28.02, 30.09, 28.57, 30.63, 31.01, 31.36, 32.1, 29.48, 28.82, 28.83, 26.63, 28.96, 26.82, 25.53, 24.91, 24.66, 22.76, 22.82, 23.52, 23.24, 23.54, 24.69, 26.38, 30.4]",306.46
power_outage,43,"[1.97, 1.72, 2.09, 1.82, 2.53, 2.21, 2.52, 2.68, 1.98, 2.14, 2.64, 2.3, 2.4, 2.55, 2.51, 2.37, 2.66, 15.9, 29.75, 13.13, 18.96, 23.91, 29.08, 2.44, 1.94, 1.91, 2.62, 2.53, 2.14, 1.33, 2.4, 2.44, 2.4, 2.38, 2.19, 2.12, 1.91, 2.03, 2.34, 2.34, null, 1.82, 1.74]",703.91
power_outage,59,"[4.25, 9.78, 14.23, 19.0, 24.1, 28.81, 4.91, 4.8, null, 4.81, 4.6, 16.34, 29.12, 3.96, null, 4.74, 4.67, 4.65, 4.95, 4.53, 4.42, 4.77, 4.32, 4.46, 4.61, 4.63, 4.43, 4.39, 4.2, 4.3, 5.08, 4.45, 4.59, 4.09, 5.3, 4.27, null, 4.51, 4.27, 4.64, 4.08, 4.87, 4.82, 4.5, 4.04, 4.29, 4.55, 4.17, 4.22, 4.85, 4.58, 4.57, 4.69, 4.48, 4.52, 4.67, 4.78, 4.68, 4.97]",619.4
mixed_chain,43,"[4.99, 4.55, 5.23, 5.05, 4.88, null, null, 4.96, 5.45, 5.17, 4.73, 4.35, 5.22, 5.11, 4.84, 4.89, 4.66, 5.23, null, 5.02, 30.03, 28.03, 25.04, 27.02, 25.77, 25.75, 25.97, 26.53, 28.04, 29.0, 30.29, null, 33.14, 35.02, 29.8, 29.11, 31.23, 28.99, 29.71, 29.62, 29.63, 32.65, 31.59]",296.06
hot_truck_transit,88,"[29.53, 22.29, 21.29, 21.76, 21.23, 22.02, 22.99, 24.73, 24.65, 25.5, 27.99, 25.76, 28.08, 28.2, 29.0, 29.81, 29.97, 28.37, 28.69, null, 25.34, 25.38, 24.11, 24.52, 24.2, 21.37, 20.01, 20.23, 20.79, 22.03, 22.29, 22.32, 25.72, 25.85, 27.77, 25.88, 29.17, 28.67, 28.87, 29.34, null, 28.67, 28.91, null, 27.56, 25.64, 24.2, 24.07, 22.79, 21.48, 20.84, 22.52, 20.28, 21.7, 21.37, 23.71, 24.21, null, 25.66, 27.36, 28.38, 27.24, 28.62, 29.45, 30.16, 29.46, 27.79, null, 26.11, null, 25.44, 23.69, 22.65, 21.87, 21.7, 21.33, 21.23, 21.34, 22.56, 22.62, 23.38, 25.54, 27.14, null, 27.66, 27.43, 28.14, 33.97]",237.83
power_outage,90,"[3.21, null, 2.96, 3.12, 3.12, 2.93, 2.86, 2.51, 2.91, 2.93, 3.3, 3.33, 3.0, 3.58, 3.02, 3.27, 2.93, 2.62, 2.83, 3.4, 2.88, 2.82, 2.96, 2.84, 3.32, 3.52, 2.96, 3.12, null, 2.99, 2.7, 2.84, 3.08, 3.08, 2.42, 2.83, 2.74, 3.22, 2.75, 2.82, 2.81, 3.2, 3.25, 3.11, 3.29, 3.33, 2.42, 3.14, 2.85, 2.58, 2.86, null, 3.4, 2.55, 3.14, 16.24, 28.88, 1.92, 3.61, 3.25, 2.27, null, 3.34, 3.07, 2.79, 2.98, 3.12, 2.78, 2.92, 3.23, null, 2.55, 2.77, 2.69, 2.78, 2.44, 3.03, 3.22, 2.71, 2.76, null, 2.69, 3.25, 2.69, 2.8, 2.73, 3.26, 2.89, 3.56, 3.06]",631.08
power_outage,3,"[10.77, 17.04, 22.45]",412.33
market_display,79,"[24.18, 27.58, 27.85, 27.39, 27.68, 29.56, 27.04, 28.07, 29.65, 26.39, null, 28.8, 27.26, 24.59, null, 29.76, 26.8, 29.83, 25.61, 27.98, 27.42, 26.03, null, 27.6, null, 28.44, 26.82, 27.2, 29.37, 26.85, null, 27.33, 27.77, 27.34, 28.67, 28.11, 26.91, 28.47, 28.19, 28.15, 27.44, 27.98, 27.77, 27.27, 28.21, 28.3, 28.3, 28.37, 24.93, 28.72, 26.48, 28.98, 26.0, 29.53, 25.01, 28.02, null, null, 29.7, 27.92, 28.76, 29.48, 26.89, 28.07, 29.28, 28.06, 26.93, null, 27.77, 28.25, 27.0, 27.92, 27.47, 27.04, 29.21, 27.02, 26.73, 26.21, 27.56]",283.54
power_outage,56,"[2.76, 2.35, 2.82, 2.53, 2.64, 2.31, 2.69, 2.13, 2.59, 2.52, null, 2.54, null, 3.03, 12.96, 23.32, 32.87, 2.86, 2.88, 3.11, 2.55, 3.0, null, 17.72, 25.35, 33.15, 2.44, 2.48, 2.57, 2.78, 2.49, 2.85, 2.66, 2.96, 2.78, 3.29, 2.8, 2.4, 2.7, 2.77, 2.49, 3.22, 2.67, null, 2.82, 2.49, 3.06, 3.0, 2.81, 2.94, 2.62, 2.32, 2.67, 2.62, 2.15, 2.45]",674.2
market_display,77,"[33.6, 29.96, null, 32.81, 32.18, 32.21, 32.35, 30.11, 33.95, 32.82, 31.25, 31.13, 33.07, 32.35, 32.47, 32.7, 32.3, 29.77, 31.54, 32.7, 32.8, 31.46, 31.99, 33.43, 33.72, 32.43, 33.1, 32.46, 32.88, 32.02, 31.31, 34.25, 34.19, 32.06, 32.51, 32.24, 32.09, 32.15, 33.44, 30.75, 31.3, 33.15, 32.25, 33.59, 32.16, 32.51, 31.83, 33.7, 33.12, 30.73, 32.83, 33.32, 32.04, 32.92, 33.64, 31.96, 32.49, 31.51, 32.73, 30.95, 32.89, 33.93, 31.03, 33.7, 32.07, 31.35, 31.87, 32.16, 31.65, 33.49, null, 32.5, 34.67, 31.92, 31.54, 31.67, 33.46]",237.45
market_display,78,"[31.86, 32.26, 31.03, 28.96, 30.7, 30.06, 33.05, 30.47, 30.43, 30.85, null, 32.68, 30.66, 31.09, 31.42, null, 29.17, 29.92, 34.55, 33.04, 29.84, 35.39, 32.39, 31.76, 33.4, 30.58, 31.05, 31.72, 32.23, 32.03, 31.87, 31.15, 32.05, 31.95, 31.62, 31.31, 31.01, 29.87, 33.34, 32.53, 32.84, 30.24, 31.03, 31.54, 32.06, 30.7, 33.71, 32.68, 31.85, 31.99, 31.36, 30.81, 28.74, 32.68, 31.7, 33.05, 32.33, 31.59, 31.74, 30.75, 30.19, 30.44, 30.48, 31.4, 32.57, 32.45, 29.81, 32.66, 31.8, 32.47, 32.25, 29.62, 31.87, 33.39, 30.2, 30.52, 29.24, 31.09]",252.6
hot_truck_transit,59,"[30.16, null, 23.6, 25.71, null, 24.94, 25.74, 25.88, 27.63, null, 27.76, 31.1, 32.33, 31.37, 32.14, null, 31.73, 32.67, 31.67, 32.48, 29.55, 28.19, 27.78, 26.71, 27.09, 26.41, 24.17, 24.46, 24.19, null, 23.18, 27.97, 27.04, 28.26, 31.87, 30.1, 31.3, 32.29, 32.75, 32.12, 33.38, 32.21, 31.53, 30.08, 29.54, 29.39, 28.36, 26.27, 25.17, 25.85, 24.99, 25.32, 23.98, 25.13, 26.49, 26.04, 29.09, 29.92, 35.44]",247.86
hot_truck_transit,46,"[28.84, 22.06, 22.31, 24.87, 23.65, 22.53, null, 24.42, 25.62, 26.95, 28.02, 29.39, 30.86, 29.79, 30.13, 30.14, 30.08, 30.19, 29.77, 29.82, 26.9, null, 24.73, 24.76, 25.74, 22.86, 24.53, 21.76, null, 22.7, 23.75, 24.31, 26.01, null, 26.69, null, 28.14, 29.61, null, 30.4, 29.62, 30.25, 29.93, 27.96, 27.8, 30.1]",297.53
stable_cold,41,"[4.36, 4.8, 4.4, null, null, 4.03, 4.02, 3.72, 4.86, 4.57, 4.42, 4.5, 4.52, 4.09, 4.26, 4.2, 5.39, 4.79, 4.45, 4.93, 4.88, 3.83, 4.3, 4.38, 4.63, null, 4.35, 4.2, 4.8, 3.81, 4.21, 3.65, 3.97, 4.51, 4.52, 4.26, 4.83, 4.93, 4.36, 4.49, 4.2]",656.44
power_outage,52,"[2.99, 2.18, 2.17, 2.37, 2.22, 2.15, 2.35, 2.54, 1.7, 2.16, 8.97, 16.41, 23.65, 30.92, 2.2, 2.36, 1.82, 2.07, 2.39, 1.92, 2.7, 2.49, 2.06, 1.88, 2.11, 2.06, null, 1.91, 2.26, 2.55, 2.12, 2.46, 2.23, 2.51, 2.09, 2.41, 2.36, null, 2.5, 2.41, 1.89, 2.17, 2.09, 2.08, 2.33, 2.4, 2.41, 2.71, 2.47, 1.96, 2.39, 2.5]",680.47
market_display,12,"[29.88, 28.81, 29.35, 29.71, 31.09, 28.4, 29.51, 30.5, 30.74, 33.25, 31.89, 32.12]",311.55
stable_cold,46,"[6.24, 6.25, 6.2, 6.16, 6.19, 5.65, 5.84, 5.94, null, 5.29, null, 6.01, null, 5.92, 7.02, 5.55, 6.09, null, 6.34, 6.18, null, 5.94, 6.58, 6.43, 5.57, 6.04, 5.3, 6.52, 6.01, 6.45, 5.87, 5.17, 6.97, 5.97, 5.52, 6.37, 6.73, 5.83, 5.88, null, 5.47, 5.64, 6.63, 5.86, 5.58, 5.73]",619.77
hot_truck_transit,61,"[24.03, 19.13, 19.98, 18.45, 19.44, 20.74, null, 21.79, 21.94, 24.5, 23.99, null, 27.53, 25.91, 27.2, 27.27, 27.75, 26.37, 25.56, 25.62, 24.25, 23.55, 23.34, 20.37, 20.75, 19.73, 19.82, 19.2, 18.86, 20.52, 23.05, 21.59, 22.05, 23.08, 25.45, 24.96, 27.53, null, 27.68, 28.2, 28.14, 27.68, 26.71, 26.59, 23.91, 23.15, 22.31, 22.85, 21.21, 20.75, 19.66, 20.32, null, 19.87, 20.66, 21.29, null, 24.1, 24.89, 26.62, 30.41]",286.31
power_outage,40,"[17.21, 30.02, 5.44, 5.56, 11.43, 17.36, 23.13, 29.68, 5.6, 5.61, 5.56, 5.47, 5.9, 4.77, 5.3, 4.95, 5.7, 5.07, 5.54, 5.1, 5.36, 5.2, 5.23, 5.33, 5.51, 5.2, 5.5, 5.55, 5.11, 5.8, 5.46, 5.1, 5.42, 5.55, 5.41, 5.29, 4.2, 4.94, 5.44, 4.94]",638.22
power_outage,52,"[5.14, 5.15, 5.08, 5.29, 5.03, 5.15, 4.79, 5.18, 4.8, 4.61, 4.89, 4.87, 5.23, 4.52, null, 4.76, null, 4.59, null, 5.08, 4.91, 4.59, 4.72, 16.85, 29.53, 4.92, 5.14, 4.42, 4.79, 5.56, 5.14, 4.86, 4.66, 5.28, 5.41, 4.61, 4.63, null, null, null, 5.5, 4.66, 4.96, null, 5.16, 4.76, 4.77, 4.81, 5.46, 4.66, 4.85, 5.18]",624.3
hot_truck_transit,53,"[25.51, 23.04, 21.7, 19.6, 21.95, 21.96, 22.36, 23.33, 24.5, 25.53, 25.4, 27.87, 28.07, 30.28, 30.1, 30.32, 30.9, 29.6, 28.26, 25.5, 26.77, 26.93, 25.23, 23.14, 22.77, 21.64, 21.93, 21.14, 22.83, 22.18, 22.92, 22.88, 24.18, 24.62, 27.72, 27.14, 28.5, 27.77, 28.42, 29.35, 29.16, 29.21, 29.98, 25.93, 27.36, 25.94, 24.02, 23.2, 23.61, 22.03, 21.42, 20.71, 23.51]",347.68
hot_truck_transit,83,"[31.94, 25.09, 25.59, 24.76, 26.2, 24.34, 27.14, 26.5, 29.58, 29.28, 30.64, 30.8, 32.3, 32.94, 32.68, 33.54, 30.1, 31.88, 31.77, 31.33, 30.74, 28.72, 27.58, 27.62, 27.02, 26.05, 24.94, 26.97, 25.13, 25.64, 27.4, 28.15, 28.46, 28.21, 30.05, 31.34, 33.32, 34.75, 32.31, 33.61, 32.14, null, 31.06, 32.26, 30.15, 29.16, 27.93, 27.23, 26.43, 24.91, 23.71, 23.86, 23.77, 25.62, 25.45, 27.71, 28.08, 27.46, 29.63, 29.23, 30.84, 32.0, 32.03, 34.43, 33.39, 32.13, 32.9, 30.15, 29.7, 29.61, 27.0, 27.47, 26.33, 25.93, 26.5, 25.29, 25.16, 24.26, 26.27, 26.54, 27.79, 28.55, 35.89]",224.5
market_display,62,"[33.16, null, 32.33, 31.52, 30.8, 29.12, 32.08, 31.05, 31.71, 34.41, 32.95, 31.98, null, 32.38, 32.53, null, 31.13, null, 30.54, 30.62, 30.09, 33.54, 29.83, 29.87, 28.71, 32.19, 30.31, 32.36, 31.39, 32.97, 30.43, 31.52, null, 32.9, 32.75, 32.11, 31.42, 32.15, 29.88, 30.99, 33.14, 32.55, 29.98, 31.87, 30.36, 31.11, 33.22, null, 29.91, 31.63, 32.01, 31.09, 32.84, null, 31.77, 31.52, 31.14, null, 30.48, 33.0, 32.6, 32.62]",258.57
market_display,14,"[26.33, 27.43, 26.4, 25.73, 25.51, 26.22, 25.48, 23.92, 27.43, 25.9, 25.84, 27.67, 25.44, 26.56]",358.42
market_display,60,"[29.78, 31.16, 28.3, 29.75, 29.0, 28.97, 29.24, 29.75, 29.36, 28.31, 29.49, 28.03, 29.49, null, 26.55, 28.62, 29.91, 28.64, 29.06, 28.21, 28.46, 29.93, 28.27, 27.41, 26.17, 27.87, 27.47, 27.0, null, 27.6, 27.52, 30.45, 26.81, 29.48, 29.43, 29.53, 28.73, 30.31, null, 28.53, 30.19, 28.58, 26.88, 29.39, 30.09, 29.14, 28.35, 29.1, 29.61, 27.55, 26.34, 28.62, 30.03, null, 27.25, null, 28.51, 27.96, 30.18, 27.98]",297.77
market_display,33,"[29.15, 27.77, 26.6, 28.33, 30.0, 27.03, 27.76, 28.09, 28.97, 28.75, 28.0, 27.35, 27.28, 28.43, 26.99, 26.19, 27.58, 27.23, 27.4, 28.5, 27.97, 27.58, 26.43, 27.37, 25.91, 26.93, 26.89, 27.87, 27.93, 27.56, 26.49, 25.79, 29.48]",313.89
mixed_chain,43,"[3.0, 3.43, 2.96, 2.0, 2.98, 3.5, 3.6, 2.71, 2.96, 3.49, 2.6, 3.07, 3.32, 3.76, 3.01, 2.63, 2.88, 4.15, 3.32, 27.22, 20.93, 21.48, 19.72, 21.48, null, 21.69, 22.72, 28.08, 32.85, 31.84, 32.68, 32.19, 32.45, 32.44, 32.1, 33.62, 32.93, 32.42, 31.57, 35.12, 34.07, 31.02, 32.95]",286.28
market_display,7,"[28.38, 30.0, 31.48, 27.72, 29.49, 28.96, 29.57]",337.59
mixed_chain,8,"[2.27, null, 3.03, 20.11, 19.67, 32.35, 33.31, 30.23]",332.76
mixed_chain,19,"[3.69, 3.71, 3.24, 3.63, 3.25, 3.64, null, 26.59, 22.06, 22.36, 21.12, 22.08, 23.84, 31.75, 31.56, 28.4, 30.73, 33.44, 29.76]",328.29
market_display,20,"[29.59, 30.2, 29.0, 29.29, 30.0, 28.69, 28.82, 29.45, 28.82, 28.35, 28.21, 29.47, null, 30.0, 28.38, 31.38, 28.92, 31.43, 29.44, 29.84]",322.31
hot_truck_transit,52,"[25.98, 19.36, 18.58, 18.16, 19.19, 18.93, null, 22.84, 22.18, 24.25, 23.27, null, 26.64, 27.37, 27.69, 26.82, 27.38, 25.45, 26.92, 24.04, 24.84, 23.64, 22.6, 22.45, 20.82, null, 19.41, 17.29, null, 19.0, 20.48, 20.14, 21.13, 23.2, 24.78, 24.8, 27.49, 25.99, 27.21, 27.08, 26.39, 27.32, 24.92, 23.14, 23.74, 22.6, 22.62, 19.8, 20.39, 19.66, 19.2, 22.45]",362.12
stable_cold,62,"[4.05, 4.14, 4.47, 4.08, 4.28, 3.9, 4.34, 4.27, 4.46, 4.4, 4.35, 4.08, 4.21, 4.54, 3.86, 3.86, 4.19, 4.28, 3.79, 4.09, 4.08, 3.23, 4.03, 4.05, null, 4.68, 3.63, 3.79, 3.07, 3.92, 3.96, 3.91, 4.56, 4.46, 4.15, 3.97, 4.53, 4.11, 3.79, 3.43, 3.94, 4.42, 5.03, 4.14, 3.81, 3.64, 4.34, 3.41, 4.34, 4.44, 4.29, 4.03, 4.34, 4.18, 3.8, 4.86, 3.98, 4.43, 3.15, 4.63, 4.7, 4.13]",637.33
hot_truck_transit,51,"[26.6, 19.41, 18.22, 18.25, 18.56, 17.44, 21.48, 20.24, 22.62, 21.53, 23.71, 23.26, 22.73, 26.4, 26.23, 25.78, 23.37, 25.3, 25.25, 23.35, 23.35, 21.7, 20.21, 20.09, 17.64, 19.14, 18.42, 18.69, 19.25, 18.54, 17.23, 20.0, 20.26, null, 22.95, 24.88, 26.2, 25.07, 26.13, 26.24, 27.84, 26.68, 24.18, 23.72, 22.87, 21.56, 20.92, 19.78, 19.41, 18.65, 21.93]",369.36
hot_truck_transit,71,"[28.38, 20.73, 20.57, 20.46, 21.65, 21.9, 21.51, 24.4, 23.14, 24.24, 24.62, 25.21, 26.34, 28.73, 28.91, 27.75, 28.4, 28.56, 25.66, 27.87, 26.33, 25.1, 24.38, 20.82, 21.45, 22.0, 20.59, 21.05, 21.75, 21.55, 21.42, 22.91, 22.08, 24.85, 26.09, 26.58, 28.21, 28.14, 28.44, 29.92, 27.55, 29.03, 28.33, 27.13, 25.17, 24.73, 22.78, 22.0, 21.73, 20.28, 20.4, 19.57, null, 22.3, null, 21.63, 22.73, 24.41, 26.15, 26.38, 28.14, 28.44, 27.0, 28.59, 27.42, 27.56, 27.04, 27.14, 25.56, 24.17, 28.29]",291.08
market_display,78,"[29.51, 31.2, 29.6, 29.1, 29.01, 30.02, null, 30.33, 28.53, 32.07, 28.96, 28.61, 30.8, 30.45, 28.6, 30.18, 28.86, 29.87, 29.65, 32.42, 31.04, 30.65, 30.29, 27.87, 29.59, 28.84, 29.31, 29.47, 27.31, 29.03, 29.52, 30.48, 28.43, 28.42, 28.34, 28.99, 28.02, 30.96, 30.3, 32.63, 28.73, 30.4, 27.91, 31.13, 29.11, 29.27, 30.9, 30.83, 28.19, 29.24, 31.08, 28.93, 29.74, 30.02, 31.06, 30.17, 29.08, 27.01, 30.21, 29.58, 31.5, 30.06, 28.69, 27.87, 29.16, 29.81, 29.5, 27.86, 26.03, 28.22, 26.44, 28.19, 29.66, 31.11, 26.43, 28.14, 29.84, 28.83]",271.85
power_outage,76,"[3.07, 2.39, 2.91, 3.53, 2.86, 3.52, 3.26, 10.19, 17.35, 25.13, 32.77, 2.48, 2.99, 2.34, 2.86, 2.46, 3.13, 2.75, 3.3, 2.79, 2.77, 2.47, 3.07, null, 3.24, 3.15, 3.08, 3.14, 3.17, null, 2.5, 2.82, 2.47, 3.06, null, 3.23, 2.77, 3.11, 3.06, 3.03, 2.57, 3.35, 2.6, null, 3.24, 2.85, 2.98, 2.99, 2.98, 2.99, 3.02, 2.98, 2.69, 8.38, 15.03, 20.93, 26.6, 32.48, 2.68, 2.23, null, null, 3.01, 3.35, 2.77, 2.79, 2.66, 2.97, 2.95, 2.65, 3.23, 3.77, 3.31, 2.92, 2.92, 2.8]",645.4
market_display,70,"[31.11, 30.3, null, 30.14, 31.32, 29.32, 30.68, 30.56, 30.66, 31.12, 31.28, 28.82, 31.13, 30.4, 29.94, 30.52, 30.46, 30.29, 28.06, 30.34, 29.94, 30.59, 30.11, 32.73, 29.94, 28.34, 30.06, 29.64, 30.42, 29.63, 30.93, 30.16, 30.6, null, 30.25, 28.57, 29.6, 28.52, 29.46, null, null, null, 31.04, null, 29.85, 32.12, 29.8, 29.01, 29.57, 28.68, 31.19, null, 29.81, 31.09, 30.89, 29.84, 30.46, 29.89, 29.38, 27.11, 29.83, 30.15, 28.49, 31.17, 29.89, null, 30.48, 30.02, 29.46, 29.29]",275.61
stable_cold,3,"[6.04, 6.09, 5.56]",666.69
stable_cold,70,"[2.92, 2.68, 2.8, 3.07, 3.22, 2.66, null, 2.82, 2.98, 2.2, 2.43, 2.5, 2.7, 2.48, 3.07, 2.15, 2.16, 2.65, 2.72, null, 2.54, 2.63, 2.63, 2.85, 2.52, 3.38, 2.98, 2.46, 2.83, 2.84, 3.27, null, 3.09, 2.8, 3.38, 3.3, null, 2.68, 2.99, 2.72, 3.46, 2.82, 2.62, 2.6, 2.3, 3.01, null, null, 2.27, 2.84, 3.25, 1.93, 3.59, 2.62, 2.84, 3.02, 3.08, null, 3.19, 2.99, null, 3.0, 3.57, 3.15, 2.06, 3.83, 2.56, 3.39, 2.8, 3.21]",649.91
hot_truck_transit,14,"[29.63, 19.73, 21.49, 21.13, 20.34, 20.59, 22.05, 22.97, 22.91, 24.87, 26.01, 27.51, 27.56, 31.39]",317.4
hot_truck_transit,10,"[24.07, 19.39, null, 19.89, 20.32, 19.98, 20.25, 20.5, 21.51, 28.82]",343.0
mixed_chain,83,"[2.97, 4.29, 3.73, 4.01, 3.42, 3.25, 3.03, 3.86, 3.31, 3.32, 3.81, 3.69, null, 3.42, 3.48, null, 3.84, 3.58, 3.25, 3.88, 3.13, null, 3.28, 3.22, 3.25, 3.76, 3.4, 4.06, 25.81, 20.25, 19.82, 19.87, 20.59, 20.22, 22.82, 22.25, 23.94, 23.63, 25.05, 26.57, 27.49, 28.5, 27.15, 30.43, 29.47, 27.98, 27.44, 26.5, 28.97, 26.14, 25.99, 29.54, 26.93, 28.84, 27.23, 27.37, 27.23, 26.82, 29.62, 27.68, 29.2, 27.8, 29.22, 27.63, 27.2, 25.76, null, 29.37, 28.72, 27.01, 28.48, 26.25, 26.31, 26.7, 26.71, 28.24, 28.52, 27.04, 29.44, 26.92, 28.94, 27.1, 27.55]",294.76
hot_truck_transit,49,"[30.71, 23.94, 23.21, 22.69, 22.69, 23.6, 25.54, 25.3, 25.89, 25.52, 26.98, 28.36, 30.18, 29.33, 31.0, 30.72, 30.77, 29.91, 28.97, 27.84, 28.14, 26.56, 24.72, 24.8, 26.53, 22.99, 24.08, 20.55, 22.54, 23.92, 23.8, 24.11, 25.56, 27.41, 29.37, 29.47, 29.04, 29.9, 30.3, 29.93, 30.36, null, 28.49, 29.29, 27.99, 26.11, 25.7, 23.85, 26.89]",320.07
market_display,25,"[null, 26.99, 26.6, 27.82, 24.95, 27.91, 27.18, 28.9, 26.79, 27.41, 27.76, 24.56, 28.33, 26.84, 25.47, 26.91, 28.4, 26.59, 27.12, 24.59, 25.97, 27.85, 28.27, null, 27.7]",337.0
power_outage,10,"[2.66, 2.56, 2.94, 9.62, 14.68, 20.54, 25.97, 31.52, 3.38, 2.92]",712.06
mixed_chain,72,"[5.39, 5.65, 5.2, 4.89, 5.16, 5.39, 5.56, 5.45, 5.54, 5.63, 5.76, 5.31, 5.63, 5.02, 4.85, 5.31, 6.74, 5.49, 5.83, 5.97, 5.37, null, 5.69, 5.93, 27.21, null, 20.38, null, 20.86, 20.97, 21.29, 23.52, 23.45, 23.67, 25.22, 26.18, 26.56, 27.28, 33.89, 30.21, null, 31.32, 30.27, 32.19, 31.94, 32.26, 32.9, 33.77, 31.67, 31.25, null, 31.15, 30.92, 31.6, 29.74, 32.58, 32.0, null, 30.55, 33.3, 32.72, 30.44, 30.27, null, 32.28, 32.53, 30.83, 34.46, 30.23, 32.98, 29.5, 30.64]",276.7
stable_cold,68,"[5.7, 6.53, 5.92, 6.01, 5.63, 6.37, 6.05, 6.39, 5.88, null, null, 6.39, 6.22, 5.87, 5.07, 6.13, 5.23, 5.82, null, 5.24, 5.96, 6.67, 5.68, 6.12, 6.75, 6.15, 5.55, 5.9, 6.0, 6.38, 6.3, 4.7, null, 5.78, 5.4, null, 5.52, 5.81, 5.6, 5.41, 5.83, 5.95, 5.62, 6.36, 5.83, 5.46, 5.36, 5.72, 6.26, 5.48, 6.05, 5.85, 6.61, 5.97, 5.53, 6.1, 6.12, 5.65, 5.34, 6.02, 5.84, 5.2, null, 5.56, 5.2, 5.67, 6.32, 6.29]",588.05
stable_cold,19,"[2.17, 2.55, 2.59, 2.39, 2.6, 1.96, 2.23, 3.07, 3.1, 2.83, 2.93, 1.76, 2.11, 2.37, 3.46, 2.37, 2.79, 2.65, 2.64]",712.94
hot_truck_transit,16,"[35.17, 26.03, 23.64, 24.68, 25.47, 26.56, 27.15, 27.31, 28.4, 27.82, 29.34, null, 32.52, 32.63, 32.81, 36.68]",275.33
hot_truck_transit,45,"[26.78, 22.95, 23.04, 21.85, 23.44, 22.9, 24.84, 24.9, 25.49, 25.36, 26.28, 29.58, 29.83, 29.54, 29.83, 30.48, 29.09, 29.39, 29.62, 28.9, 27.05, 27.58, 26.1, 23.69, 22.46, 23.32, 22.08, 21.79, 22.62, 23.42, 24.11, 24.35, 23.43, 27.07, 26.69, 28.55, 29.03, 31.56, 31.81, 29.94, 29.09, 28.76, 29.35, 27.87, 31.84]",285.82
hot_truck_transit,34,"[24.93, 19.81, 18.34, 18.48, 19.98, 17.85, 20.19, 20.93, 21.23, 22.49, null, 24.27, 24.82, 25.4, 27.86, 26.15, 26.53, 26.6, 25.16, 24.53, 23.94, null, 20.24, 19.92, 21.06, 18.58, 18.75, 17.45, 19.72, 18.8, 19.31, 20.4, null, 26.91]",338.97
mixed_chain,92,"[2.43, 2.0, 2.28, 2.09, 2.22, 1.78, 2.27, 2.81, 2.83, 2.57, 1.98, 2.51, 2.23, 2.18, 2.78, 2.18, 2.16, 2.49, 1.76, 2.23, 2.81, 2.9, 1.95, 1.91, 2.07, 1.0, 2.99, 2.59, 1.86, 1.76, 26.35, null, 17.77, 17.88, 19.66, 20.75, 19.75, 18.96, 21.73, 22.05, 23.27, 23.9, 24.39, 25.9, 25.43, 25.8, 25.91, 25.72, 23.67, 24.32, 22.69, 22.45, 22.75, 19.34, 19.14, 18.26, 17.72, 17.09, 18.26, 17.82, 20.51, 20.27, 19.97, 22.31, 25.53, 32.0, 32.3, 34.63, 30.73, 32.48, 30.64, 31.63, 30.84, 33.79, 33.59, 33.39, 31.29, 31.04, 32.06, 34.28, 33.25, 34.99, 31.66, 32.03, 32.91, 31.97, 31.97, 30.81, 31.0, 34.81, 31.39, 33.37]",248.18
power_outage,74,"[3.01, 3.21, 2.93, null, 2.79, 2.3, 3.11, 2.93, 2.77, 2.79, 3.04, 2.67, null, 3.27, 3.54, 3.34, 12.3, 21.66, 30.79, 2.78, 3.18, 2.82, 3.03, 2.63, 3.33, null, 3.24, 2.71, 2.69, 3.32, 2.73, 2.45, 2.61, 3.17, 3.15, 2.69, 2.73, 3.12, 3.31, 2.9, 3.08, 3.18, 3.56, null, 9.72, 16.76, 24.16, 30.84, 3.01, 2.95, 2.92, 2.95, 3.23, 2.63, 2.87, 2.55, 2.99, 2.86, 3.24, 2.92, 2.78, 2.84, 3.43, 2.45, 2.73, 2.93, 2.73, 3.06, 2.9, 2.99, null, 2.89, 2.53, 2.97]",645.59
market_display,2,"[28.94, 28.95]",348.07
market_display,48,"[27.62, 29.07, 28.31, 28.56, 30.19, 30.3, 28.82, 29.84, 28.96, 29.08, 28.12, 28.88, 27.14, 32.04, 30.95, 32.45, 30.87, 29.88, 26.89, 30.76, 31.13, 28.15, 30.19, 29.7, 29.43, 30.18, 30.08, 28.32, 30.68, 27.77, 30.1, 29.87, null, 31.01, 27.24, 29.84, 29.75, 31.41, 30.3, 26.84, 28.95, 31.45, 29.32, 28.17, 29.44, 31.51, 28.48, 28.24]",306.89
market_display,9,"[27.89, 30.37, 27.75, 28.29, 30.24, 29.21, 27.07, 30.27, 26.89]",359.75
power_outage,84,"[4.11, 3.51, 4.38, 3.71, 4.15, 4.12, 3.62, null, 3.78, 3.8, 3.52, null, 3.71, 3.88, 4.22, 4.08, 3.73, 4.23, null, 3.7, 3.76, 4.21, 4.15, 3.46, 3.61, 4.12, 3.56, 4.15, 4.49, 4.03, 3.64, 3.97, 4.22, 3.94, 4.06, 3.67, 3.7, 4.19, null, null, 24.24, 10.81, 17.84, 24.83, null, 4.11, 3.95, 4.02, 3.86, 4.03, null, null, 3.2, 4.08, 4.01, 4.02, 3.56, 3.41, 4.1, 4.32, 3.98, 4.15, 3.78, 4.01, 4.28, 3.82, 4.27, 3.42, 3.73, 4.08, null, 3.92, 3.6, 4.48, 3.88, 4.11, 3.81, 3.96, 3.74, 4.59, 4.27, 4.44, 3.68, null]",626.06
stable_cold,72,"[null, 3.35, 3.46, 3.32, 3.01, 3.5, 2.78, 2.6, 1.85, 3.1, 2.8, 3.29, 2.34, 2.87, 3.32, 2.72, 3.29, 2.91, 3.12, 3.37, 3.51, 3.17, null, 2.95, 3.38, 2.72, 3.06, 2.98, 3.09, 2.73, 2.39, 3.34, 3.52, 2.41, 3.28, 3.56, 3.37, null, 2.75, 3.16, 3.23, 3.17, 3.06, 2.7, 3.3, 3.32, 3.21, 3.17, 3.8, 2.88, 3.64, 2.84, 3.57, 3.62, 3.01, null, 3.32, 2.78, 2.98, null, 3.5, 2.71, 3.07, 3.21, 2.93, 4.07, 3.22, 3.11, null, 2.98, 3.53, null]",662.34
hot_truck_transit,59,"[27.43, 21.22, 21.12, 20.22, 19.38, 21.6, 20.76, 21.44, 23.15, 23.87, 25.58, null, 26.69, 27.8, 27.71, 28.85, 28.49, 28.28, null, 26.45, 25.68, null, 23.73, 22.14, 20.49, null, 20.74, 19.36, 21.05, 20.9, 21.31, 22.41, 23.95, 25.49, 25.23, 26.05, 27.55, 26.63, 28.79, 27.16, 27.0, 28.95, 25.4, null, 26.52, 24.51, 23.69, 20.98, 21.02, 21.06, 20.64, 20.59, 20.64, 20.79, 20.43, 22.52, 22.29, 23.95, 30.06]",289.72
stable_cold,67,"[3.75, 3.74, 3.52, 4.22, 4.28, 4.15, 4.45, 4.1, null, 4.18, 4.02, 3.85, 4.95, 3.88, 3.79, null, 4.16, 3.5, null, 4.02, null, 4.54, 4.31, 3.55, 4.77, 4.32, 4.06, 4.7, 4.12, 4.05, 3.8, 4.29, 4.25, 4.07, 3.74, 4.11, 4.03, 3.53, 3.47, 4.29, 3.02, 4.14, 3.87, 4.58, 3.86, 4.32, 3.9, 4.11, 4.36, 3.88, 4.46, null, 4.18, 4.43, 4.32, 4.83, 3.76, 3.51, null, 4.32, 4.26, null, 3.61, 4.37, 3.57, 4.52, 5.2]",612.13
power_outage,73,"[5.26, 5.34, 5.63, 5.47, 5.48, 5.15, 9.94, 14.35, 18.88, 23.33, 28.0, 5.18, 5.45, 5.33, 5.16, 4.86, 5.73, 5.67, 5.2, 5.65, 5.13, null, 5.28, 5.36, 5.64, 5.32, null, 5.66, 5.46, 5.26, null, 5.74, 5.76, 5.04, 5.06, 5.74, 5.36, null, 5.22, 5.31, 5.35, 5.67, 5.16, 5.72, 5.53, 5.06, 5.35, 5.59, 5.45, 5.56, 5.27, 5.61, 5.32, 6.21, 5.05, 6.25, 5.16, 5.82, 5.69, 5.17, 5.62, 5.29, 5.52, 5.49, null, 5.31, null, 5.17, 5.18, 5.73, 5.57, null, 5.14]",602.13
stable_cold,59,"[2.55, 2.86, null, 2.68, 2.31, 2.84, 2.25, 2.11, null, 1.9, 2.17, null, 2.65, 2.05, 1.27, 2.11, 2.34, 2.28, 3.13, 2.28, 2.88, 2.52, 2.51, 2.19, null, null, 2.59, 2.43, 2.15, 2.92, null, 2.35, 2.58, 2.49, 2.18, 2.55, 2.28, 2.15, 1.88, 2.38, 2.75, 2.25, 3.53, 2.88, 3.05, 2.84, 3.27, 2.21, 1.5, 2.35, 2.75, 2.59, 2.64, 3.05, 2.68, 2.84, 2.15, 2.09, 3.17]",662.26
mixed_chain,27,"[6.34, null, null, 6.32, 6.62, 6.21, null, 6.09, 5.11, 28.6, 20.63, 21.87, 20.81, 21.38, 22.24, 21.35, 29.48, 27.55, 26.0, 28.22, 26.96, 27.15, 26.46, 25.2, 27.02, 27.66, 26.72]",348.33
market_display,51,"[34.58, 32.13, 31.35, 32.42, 34.28, 33.6, 34.07, 32.66, 32.94, 32.51, 31.74, null, 32.51, 32.19, 33.5, 32.93, 34.4, 31.74, null, 30.65, 31.59, null, null, null, 34.33, 33.43, 32.85, 33.58, 31.87, 30.81, 32.31, 32.46, 32.92, 31.83, 32.07, 33.73, 31.33, 32.67, 32.05, 30.77, 32.31, 31.72, 32.29, 32.89, 30.19, 34.03, null, 31.66, 32.09, 31.81, 31.5]",275.67
hot_truck_transit,52,"[29.44, null, 21.09, 21.36, 22.22, 23.6, 23.23, 22.96, 23.56, 26.15, 26.58, null, 28.71, 29.46, 30.87, 30.89, 30.21, 28.8, null, 28.66, 28.13, 25.03, 26.24, 23.43, 23.76, 24.83, 20.91, 22.45, 21.93, 22.94, 22.73, 22.07, 24.41, 26.33, 28.16, 28.37, 30.06, 29.12, 29.45, 30.32, 29.61, 30.41, 27.75, 28.74, 28.05, 26.34, null, 23.53, 22.56, 22.87, 21.61, 25.23]",332.32
market_display,56,"[23.58, 26.99, 28.38, 25.22, 26.77, 26.3, 27.43, 25.92, 27.52, 26.23, 29.83, 27.01, 29.32, 27.35, 26.12, 26.63, 27.04, 23.82, 27.73, 26.78, 27.23, 27.32, 25.02, 26.68, 26.58, null, 28.32, 28.82, 26.11, 27.19, 26.5, 26.14, 26.03, null, 27.0, 25.8, 27.28, 26.02, 25.14, 25.72, 26.97, 26.12, 25.42, 28.46, 24.9, 28.09, 27.88, 27.59, 27.44, 25.6, 25.86, 28.84, 27.8, 27.13, 25.85, 25.47]",325.21
mixed_chain,61,"[4.94, 4.82, null, 4.14, 4.77, 4.38, 4.82, 3.35, 4.3, 4.8, 3.8, 3.69, 3.71, 4.34, 4.01, 4.44, 4.67, 4.03, 4.5, null, 3.48, 3.9, 4.49, 4.53, 30.1, 23.82, 21.68, 21.99, 21.86, null, 24.59, 26.13, null, 26.77, 28.64, 29.04, 28.53, 30.12, 34.46, 27.69, 28.01, 25.19, 25.89, 26.03, 26.75, 26.79, 27.95, 25.95, 28.66, 28.58, 27.95, 28.93, 26.66, 25.1, 25.34, 27.11, 26.42, 26.0, 27.85, 26.72, 25.3]",333.13
hot_truck_transit,51,"[30.31, 25.06, 24.36, 26.68, 26.08, null, 27.59, 29.48, 28.28, 30.12, 29.85, 31.61, 33.81, 33.26, 33.51, 33.81, 33.81, 33.41, 33.72, 31.25, 30.7, 29.91, 28.07, 27.47, 27.61, 25.71, 28.18, 27.14, 26.11, null, 27.62, 28.28, 28.87, 32.03, 30.29, 31.52, 32.72, 33.81, 35.3, 33.83, 34.16, 33.6, 32.59, 32.82, 31.21, 30.62, 28.56, 27.4, 26.73, 26.6, 31.73]",277.23
hot_truck_transit,60,"[25.03, 20.57, 17.41, 18.84, 18.87, 19.38, 18.84, 20.7, 21.63, 23.13, 24.85, 25.02, 26.1, 27.4, 27.75, 25.03, 27.44, 27.03, 25.55, 24.57, 23.07, 21.38, 22.58, 21.55, 20.03, 20.04, 19.89, 17.5, 19.27, 19.28, 20.45, 21.08, 22.51, 21.67, 25.02, 24.51, 25.65, 24.99, 26.71, 26.92, 26.73, 25.81, 24.79, 25.45, 22.58, 23.58, 23.25, 22.71, 19.24, 19.94, 18.62, 19.91, 19.38, 19.24, 19.38, 20.64, 21.36, 22.91, 23.99, 27.72]",308.74
mixed_chain,33,"[3.26, 2.89, null, 3.16, null, 3.65, 4.64, 3.37, 3.61, 3.51, 3.23, 3.61, 3.84, 3.75, 25.57, 20.1, 22.44, 21.03, 21.58, 21.98, 24.1, 28.18, 25.76, 28.56, 29.47, 26.65, 28.01, 29.68, 29.41, 28.19, 27.42, 28.34, 28.64]",328.12
mixed_chain,84,"[3.9, 4.42, 4.73, 4.11, 4.14, 4.16, null, null, 4.53, 4.1, 4.83, 4.54, 3.63, 4.59, 3.74, 4.12, 4.31, 4.14, 4.62, 5.15, 3.52, 4.11, 4.42, 4.28, 3.58, 4.84, 4.4, 4.65, 4.57, null, null, null, 22.93, 22.05, 22.9, 23.2, 23.08, 24.28, 25.14, 26.25, 27.11, 25.0, 28.45, 29.01, null, null, 29.12, 31.39, 33.33, 29.93, 29.36, 29.72, null, 31.41, 30.96, 29.51, 31.69, 27.2, 27.2, 31.5, 32.64, 27.24, 29.99, null, 28.65, 31.71, 30.17, 31.75, 32.04, 31.03, 29.54, 29.39, 29.98, 28.56, 31.47, 28.28, 32.36, 29.61, 30.27, 29.86, null, 31.21, 31.84, 29.94]",274.14
power_outage,35,"[2.35, 2.66, 2.6, 2.54, 2.2, 2.53, 8.4, 14.51, 20.78, null, 32.49, 2.74, 2.5, null, 2.66, 2.21, 2.33, 2.3, 2.33, 2.74, 2.25, 2.48, 2.92, 2.42, 2.78, 2.08, 2.47, 12.31, 22.65, 32.24, 3.2, 2.09, 2.92, 2.84, 2.67]",690.26
stable_cold,85,"[2.33, 2.73, 1.63, 2.76, 2.35, null, 3.13, 2.04, 2.65, 2.86, 2.61, 1.9, 3.08, 2.46, 2.33, 2.42, 2.39, 2.07, null, 2.3, 2.81, 2.75, 3.19, 2.46, 2.22, 1.95, 3.42, 2.81, 2.27, 3.22, null, 2.0, 2.24, 2.49, 2.11, 2.5, 2.83, null, null, 3.01, 2.7, 2.51, 2.27, 2.87, 2.07, 2.64, 2.55, 2.99, null, 2.34, 2.05, 2.72, 2.37, 2.2, 2.24, 2.76, 2.1, 2.14, 2.9, 2.48, 2.92, null, 2.54, null, 3.1, 3.06, 3.0, 2.29, 2.15, 2.85, 3.09, 3.01, 2.55, null, 2.84, 2.6, 2.62, 2.58, 2.23, 2.27, 2.26, 1.9, 2.6, 2.53, 2.85]",642.97
hot_truck_transit,92,"[26.67, 18.8, 19.58, 18.71, 20.29, 19.88, 19.4, 21.15, 21.53, 23.24, 25.24, null, null, 27.15, 26.85, 27.75, 27.45, 25.95, 25.1, 25.03, 24.69, 24.71, 21.38, 20.51, 21.27, 20.0, 19.3, 19.85, 20.44, 20.67, 19.92, 21.66, null, 23.08, 24.64, 24.84, 25.37, 27.1, 27.91, 27.92, 26.1, 27.83, 26.61, 26.22, 23.61, null, 22.79, 20.31, 20.84, 19.03, 19.47, 21.18, 19.69, 19.77, 19.31, 21.55, null, 21.71, null, 26.04, 27.19, 26.85, 28.0, 27.35, null, 28.55, 25.02, 25.66, 23.84, 23.16, 23.56, 21.36, 20.24, 19.42, 19.91, 18.57, 19.54, 19.75, null, 20.18, 22.32, 23.03, 24.54, 23.59, 25.79, 27.47, 25.87, 28.82, 27.48, 26.67, 26.24, 28.94]",270.25
stable_cold,94,"[2.82, 2.86, 2.75, 2.71, 3.22, 3.05, 3.21, 2.94, 3.15, 2.78, null, 2.32, 3.45, 3.49, 2.6, 3.84, 3.34, 3.33, 2.96, 2.86, 2.86, null, 3.51, 3.02, 2.58, 3.28, 3.31, 3.21, 3.24, 2.84, 2.57, 2.6, 2.29, 3.04, 2.91, 2.77, 1.76, 2.45, 3.39, 2.68, 3.09, 2.39, 3.52, 2.89, 3.06, 3.88, 3.55, 2.82, 2.71, 2.82, 3.15, 2.9, null, 3.53, 2.9, 3.87, 2.98, 3.66, 3.09, 3.33, 2.66, 2.6, 3.13, 3.34, 2.96, 2.43, 2.4, 2.37, null, 2.99, null, 2.94, 2.04, 2.87, 2.88, 3.78, null, 2.79, 3.63, 3.13, 3.17, 2.99, 3.08, 3.26, 2.62, 3.3, 2.4, 3.08, 3.02, 2.7, 2.94, 2.7, 2.52, 2.8]",633.65
market_display,76,"[24.5, 30.41, 27.78, 27.66, 27.14, 26.98, null, null, 27.68, 29.13, 27.54, 27.93, 25.63, 28.31, null, 27.19, 28.18, 25.94, 29.47, 30.78, null, 28.72, 27.14, 25.84, 28.87, 26.97, 28.05, 29.61, 27.95, 27.56, 26.16, 26.17, 27.15, 26.86, 28.13, 26.01, 26.38, 27.13, 27.43, 27.38, 27.08, null, 28.01, 28.73, 27.69, null, 25.01, 29.31, 27.1, 28.9, 29.28, 28.28, 28.46, 28.36, 27.05, 25.94, 28.27, 25.48, null, 26.55, 28.0, 27.59, null, 26.81, 29.66, 26.37, 27.09, 28.01, 27.4, 28.04, 28.63, 29.04, 27.37, null, null, 26.24]",296.81
market_display,81,"[29.44, 30.52, 27.57, 27.83, 27.48, 29.57, 29.84, 28.77, null, 29.06, null, 28.99, 27.34, 27.26, 26.64, 29.97, 30.01, 26.65, 27.63, 27.64, 29.68, 28.69, null, 28.24, 26.98, 27.71, 27.5, 29.85, 30.9, 29.18, 27.75, null, 26.63, 28.35, 26.58, 29.17, 28.39, 29.57, 29.48, 27.92, 29.81, 27.17, null, 26.98, 29.48, null, null, 27.35, 27.66, 27.36, 28.58, 29.54, 29.17, 28.66, 26.91, 30.63, 28.38, null, 28.87, 26.6, 28.52, 28.34, 28.38, 30.05, 27.09, 28.54, null, 28.33, 29.59, 28.44, 28.26, null, 29.53, 26.64, 28.03, 27.56, 25.85, 28.76, 28.08, 29.21, 29.24]",268.04
mixed_chain,93,"[4.88, 4.81, 4.27, 4.56, 5.23, 4.93, 4.86, 5.29, 5.52, 4.65, 4.9, 4.16, 5.37, 6.13, 4.85, 4.84, 4.96, 5.09, 5.11, 5.1, 4.44, 4.97, 5.25, 4.52, 4.45, 4.77, 5.06, 26.27, 20.67, 20.0, 18.52, null, 19.63, null, 22.31, 21.32, 21.75, 24.03, 24.41, 25.84, 26.1, 26.17, 26.7, 25.52, 25.11, 25.5, 25.19, 26.37, 28.34, 29.39, 29.2, 30.09, 28.74, 26.95, 31.36, 29.04, 29.1, 28.76, 30.6, 27.45, 27.26, 28.08, 29.39, 28.05, 28.0, 27.58, 29.95, 29.35, 29.87, 28.27, 28.83, null, 27.95, 30.12, 29.44, 30.47, 30.05, 26.96, 28.23, 26.11, 26.58, 27.73, 30.52, 28.89, 29.45, 28.31, 28.52, 29.72, null, 28.66, 29.54, 27.63, 29.13]",271.88
hot_truck_transit,62,"[29.95, 25.87, 25.55, null, 24.17, 25.48, 28.11, 27.68, 29.1, null, 30.63, 30.98, 32.07, 34.72, 33.12, 35.06, 33.22, 32.89, 32.58, 31.55, 29.97, 29.67, 27.47, 27.98, 27.04, 26.8, 25.42, 26.28, 26.17, 26.32, 28.44, 28.06, 28.28, 30.92, 31.13, 33.11, 31.03, 32.91, 33.31, 32.18, 33.68, 32.85, 30.92, 31.07, 31.83, 30.41, 28.08, 27.09, 27.55, 24.65, 26.3, 24.22, 27.14, 26.75, 25.38, null, 28.9, 28.1, 30.69, 32.07, null, 37.46]",232.36
stable_cold,6,"[4.98, 5.24, 4.64, 5.22, 4.56, 5.07]",673.76
market_display,45,"[25.92, 26.08, 27.12, 28.11, 26.68, 25.29, 24.79, 26.1, 26.08, 25.74, null, 25.2, 26.19, 29.65, 26.12, null, 28.78, 26.94, 27.55, 26.28, 26.04, 25.15, 26.82, 27.54, 29.41, 26.43, null, 28.21, 26.2, 27.12, 27.13, 25.42, 26.78, 26.07, 26.81, 26.89, 27.02, 26.36, 25.81, 24.96, 28.2, 27.11, 28.31, 26.89, 27.06]",322.79
hot_truck_transit,10,"[25.17, 20.2, 21.63, 22.78, 22.99, 21.9, 22.47, 22.27, 25.33, 27.91]",350.69
market_display,39,"[34.5, 32.2, 30.81, 32.69, 32.69, 29.5, 34.01, 32.17, 32.74, 32.11, 32.55, 34.33, 32.9, 35.34, 33.55, 33.64, 32.55, 32.73, 34.04, 34.22, 33.12, 33.47, 32.63, 33.06, 32.9, 32.85, 34.0, 32.74, 32.04, 32.47, 32.45, 33.33, 32.13, 34.15, 32.48, 34.68, 32.83, 33.43, 33.99]",270.25
mixed_chain,2,"[34.45, 33.31]",311.54
hot_truck_transit,77,"[32.11, 26.34, 25.48, 25.51, 24.95, 26.54, 27.08, 28.97, 28.84, 29.22, null, 32.08, 32.77, 33.24, 33.77, 33.09, 33.58, 33.07, 32.9, 32.68, null, 30.19, 27.37, null, 25.5, 27.18, 25.82, 25.66, 25.37, null, 27.04, 27.69, 28.85, 29.94, 30.71, 32.79, 33.61, 33.32, 33.02, 34.04, 33.17, 34.39, 33.87, null, null, null, 28.59, 27.11, 26.71, null, null, 26.81, 25.9, 26.08, null, 28.06, 28.39, 29.62, 30.37, 31.35, 33.19, 33.2, 34.9, 32.89, 34.65, 32.85, 32.57, 32.18, 31.64, 30.64, 29.59, 27.62, 28.41, 26.81, 23.57, 25.83, 29.49]",267.58
power_outage,27,"[5.91, 5.71, 6.05, 6.21, 5.7, 6.06, 6.06, 5.95, 14.84, 22.62, 31.22, 5.59, 6.04, 10.85, 15.83, 21.64, 26.78, 31.25, 5.42, 6.39, 5.97, 5.95, 5.86, 5.59, 5.7, 6.03, 5.69]",635.07
hot_truck_transit,73,"[28.95, 22.26, 22.44, 22.64, 22.09, 21.57, 23.03, 23.99, 26.52, 26.61, 25.87, 27.91, 29.55, 29.64, 28.73, 30.82, 30.32, 29.5, 28.35, 28.97, 25.75, null, 24.54, 24.4, 22.24, 22.26, 22.03, 22.44, 22.08, 22.48, null, 25.03, 25.65, 26.66, 26.57, 27.75, 29.37, 29.16, 29.28, 30.39, 28.98, 29.46, 29.7, 28.28, 26.36, 26.54, 24.65, 24.84, 23.74, 22.42, 21.7, 21.48, 24.37, 20.86, 21.93, null, 25.84, 26.45, 25.6, 28.59, 28.21, 29.55, 30.35, 30.57, 29.51, 30.65, null, 27.39, 26.81, null, null, 24.67, 27.32]",294.08
hot_truck_transit,19,"[26.59, 20.3, 18.59, 19.27, 19.47, 21.68, 21.69, 22.6, null, 23.89, 26.16, 26.6, 26.3, 27.97, 26.72, 27.2, 26.24, null, 29.26]",330.6
hot_truck_transit,12,"[27.28, 21.01, 19.03, 19.67, 18.42, 19.69, 20.15, 21.78, 21.8, 22.26, 24.55, 26.77]",359.7
power_outage,25,"[3.65, 3.7, 4.3, 4.03, 3.76, 3.74, 18.08, 31.58, 3.15, 3.95, 3.75, 3.33, 3.1, 3.99, 9.22, 15.14, 20.6, null, 31.8, 3.7, 3.9, 3.64, 3.62, 3.91, 3.93]",673.83
power_outage,13,"[3.9, 3.47, 3.39, 3.44, 19.02, 33.73, 13.43, 23.41, 33.53, 3.43, 3.08, 3.12, 3.29]",700.04
power_outage,31,"[5.14, null, 32.89, 5.42, 5.0, null, 5.19, 5.18, 5.4, 5.08, 5.51, 5.03, 5.21, 5.04, 5.73, 4.99, 5.02, 5.13, 5.02, 5.19, 5.47, 5.14, 5.16, 5.03, 4.95, 5.13, null, 5.45, 4.81, null, 5.06]",647.18
stable_cold,24,"[4.68, 4.06, 4.67, 5.23, 5.1, 4.78, 4.91, 4.48, 5.47, null, 4.88, 5.85, 4.54, 4.32, 4.53, 4.73, 5.74, 4.7, 4.47, 4.46, 5.27, 5.22, 4.62, 4.07]",676.04
power_outage,83,"[3.95, 3.66, 3.48, 3.74, 3.52, 3.58, 3.9, 3.18, 3.27, 3.4, 3.45, 3.87, 3.1, null, 3.36, 4.04, 9.49, 14.99, 10.94, 17.38, null, 31.76, null, null, 3.61, 3.89, 3.83, 3.56, 3.4, 3.56, 3.5, 3.63, 3.83, 3.67, 3.58, 3.33, 3.63, null, 3.29, 3.71, 3.79, 3.52, null, 3.64, 3.73, 3.47, 3.23, 3.64, 4.12, 3.25, 3.49, 3.41, 4.25, 3.24, 3.48, 3.42, 3.15, 3.14, 3.7, 3.74, null, null, 2.85, 3.15, 3.28, 3.53, 3.39, 3.47, 3.67, 3.97, 3.77, 3.54, 3.5, 3.86, 4.09, 3.72, 3.38, 3.61, 3.7, 3.36, 3.79, 3.61, 3.88]",619.08
mixed_chain,61,"[5.04, 5.59, 5.11, 4.12, 4.43, 5.39, 4.53, 4.81, 4.48, 4.18, 4.83, 5.18, 4.62, 3.82, 4.63, 4.6, 4.7, 4.48, 4.08, 4.38, 4.32, 5.02, 4.71, 28.44, 21.74, 22.45, 20.39, 21.75, 22.08, null, 24.19, 23.42, 26.17, null, 28.2, 29.07, null, 29.84, 30.95, 28.32, 30.48, 30.45, 28.56, 26.72, 25.87, 29.82, 33.15, 31.48, 34.47, 33.49, 33.25, 33.98, 32.58, 33.17, 32.09, 32.46, 33.43, 32.81, 32.91, 32.45, 30.52]",288.45
mixed_chain,74,"[null, 4.42, 4.78, 4.11, 3.86, 4.28, null, 4.52, 4.51, 4.08, 4.57, 4.34, 4.99, 4.74, 4.59, 4.31, 4.24, 4.29, null, 4.77, 3.8, 4.18, 4.88, 4.15, 4.04, 4.81, 4.58, 31.87, 23.69, 22.95, 22.81, 22.51, 23.21, 23.9, 23.58, 26.52, 27.29, 29.3, 28.02, null, 31.29, 29.97, 31.04, 30.74, 31.77, 29.86, 29.03, null, null, 25.63, 24.2, 24.77, 24.16, 22.54, 24.99, 27.93, 30.23, 28.31, 27.56, null, 30.32, 30.67, 30.15, 28.78, 31.81, 29.67, 28.48, 30.76, 29.94, 32.03, 31.45, null, 28.13, 29.0]",290.17
hot_truck_transit,73,"[27.82, 26.45, 23.21, 24.03, 24.32, 23.83, 24.31, 25.61, 26.1, 27.98, 28.19, null, 29.01, 30.65, 31.36, 32.63, 30.22, 32.11, 31.19, 28.4, 29.3, 27.09, 27.25, 26.33, 25.64, null, 24.51, 25.06, 23.73, 24.23, 25.57, 23.55, 26.01, 28.64, 28.99, 29.66, 29.9, null, 31.27, 30.43, 32.74, 30.74, 30.44, 28.4, 28.44, 28.63, 27.54, 25.85, 24.5, 24.39, 24.37, 22.63, 24.17, 24.98, null, 25.81, 26.21, 28.07, 30.15, 30.95, 30.2, 30.99, null, 32.31, null, 29.85, 31.39, 29.61, 29.05, 27.27, 28.11, 25.05, 29.08]",278.06
market_display,88,"[30.11, 33.46, 30.43, 32.33, 28.17, 30.97, 29.09, 30.28, 31.81, 31.67, null, 31.37, 31.69, 30.55, 32.13, 31.49, 30.67, 33.51, 30.84, 30.03, 32.51, 32.07, 28.88, 28.95, 31.89, 30.47, 31.69, 30.84, 31.96, 32.23, 29.07, 30.11, 33.24, 31.85, 32.16, 34.11, 32.75, 31.47, 29.97, 32.97, 33.0, 31.69, 33.76, null, 31.61, 32.97, 32.13, 32.45, 28.95, 31.96, 30.93, 30.85, 31.25, 30.7, 32.39, 30.08, 29.35, 31.35, 33.13, null, 31.21, 31.18, 34.55, 32.66, 30.81, 31.28, 30.58, 33.76, 29.68, 30.35, 32.59, 33.57, 31.51, 31.2, 31.57, 31.62, 34.05, 32.06, 31.09, 32.01, 32.66, 30.4, 31.84, 31.56, 30.15, 31.02, 30.95, null]",243.62
market_display,65,"[31.36, 30.86, 31.21, null, 31.02, 32.75, 31.46, 28.65, 31.18, 32.2, 28.02, 29.4, 31.52, 31.97, 31.01, 31.32, 32.44, 30.18, 29.67, null, 31.01, null, 31.73, 32.8, 31.02, 29.3, null, 30.97, 32.55, 31.59, 29.73, null, 30.45, 30.89, null, 29.75, 29.9, 30.71, 31.05, null, 31.19, 32.98, 31.05, 31.13, 29.15, 31.68, 30.11, 32.09, 32.96, 29.99, 30.02, 31.44, 29.28, 30.92, 30.45, 30.7, null, 31.41, 33.75, 30.3, 29.07, 31.76, 29.76, 30.84, 29.95]",274.79
mixed_chain,81,"[2.77, 3.01, 3.85, 3.63, 4.13, 3.7, 3.06, 3.13, 3.21, 3.31, 3.6, 4.01, 3.79, 4.04, 3.7, 3.37, 2.98, null, 3.5, 3.86, 3.3, 4.19, 4.19, 3.19, 3.67, 2.91, 3.21, 3.19, 3.3, 26.59, 20.0, 17.95, 18.54, 18.46, 20.03, 19.58, 21.83, 21.92, 21.92, 23.53, 24.63, 26.08, 26.27, 26.35, 26.06, 26.91, 25.85, 24.92, 23.84, 24.52, 21.48, 22.02, 20.68, 19.4, 18.63, 18.82, 18.24, 18.34, 23.55, 31.44, 30.47, 32.63, 32.9, 31.7, 33.15, 30.78, 32.54, null, 30.85, 33.11, 31.0, 30.29, 29.26, 31.44, 30.2, 33.8, 33.52, 27.83, 33.4, 30.49, 32.94]",259.57
hot_truck_transit,28,"[25.85, 18.83, 17.95, 18.3, 18.69, 18.56, 18.91, 20.82, 22.31, 24.12, 23.73, 25.12, 23.98, 26.79, 25.69, 26.88, 26.46, 25.91, 24.28, 24.03, 22.91, 22.16, 22.55, 20.35, 19.27, 19.69, 19.03, 23.18]",379.43
market_display,47,"[31.66, 33.18, 32.13, 32.1, 31.35, 31.82, 29.88, 31.91, 30.59, 34.14, 33.17, 33.39, 30.71, 33.3, 31.49, 32.62, 32.07, 30.64, 31.04, 33.08, 33.04, 30.64, null, 31.83, 30.75, null, 30.66, 31.42, 31.72, 32.91, 33.27, null, 33.23, 30.01, 30.56, 33.61, 31.73, 32.12, null, 33.84, 32.85, 31.26, 30.83, null, 33.76, 33.32, 32.35]",274.5
hot_truck_transit,21,"[27.66, 17.97, 17.27, 18.86, 17.17, 18.58, 20.63, 19.62, 22.76, 20.55, null, 23.25, 25.03, 25.99, 25.99, 26.15, 25.06, 26.95, 24.2, 23.37, 27.53]",344.44
stable_cold,8,"[4.47, 4.03, 3.62, 4.16, 4.81, 4.46, 5.08, 4.35]",686.65
market_display,26,"[31.87, 30.49, 29.81, 29.67, 33.07, 30.95, 31.22, 29.79, null, 29.95, 31.14, 30.58, 30.12, 32.42, 32.52, 31.58, 28.83, 29.71, 29.76, 33.24, 32.25, 32.61, 30.08, 29.14, 32.2, 28.26]",328.5
power_outage,22,"[4.47, 4.71, 5.73, 4.84, 5.26, 5.39, null, 5.02, 5.55, 5.07, 5.64, 9.46, 13.33, null, null, 28.7, 4.9, 4.91, 5.08, 4.39, 4.7, 5.15]",653.23
hot_truck_transit,9,"[23.43, 19.04, 17.56, 18.47, 18.37, 19.96, 19.05, 20.83, 23.57]",394.53
hot_truck_transit,63,"[30.54, 23.46, 22.35, 23.1, 22.94, 22.07, 23.07, 23.5, 24.28, 28.33, 28.55, 29.11, 29.37, 29.21, 29.16, 30.01, 29.47, 30.22, 29.13, 28.87, 27.41, 24.83, 25.01, 24.49, 23.57, 22.27, 21.93, 21.65, 20.98, 22.69, 23.98, 23.8, 24.15, 26.98, 28.31, 27.83, 28.26, 29.53, 30.27, 29.82, 28.79, 30.41, 29.2, null, 27.25, 27.36, 24.96, 23.7, 22.95, 24.18, 22.17, 23.45, 21.95, 21.61, 23.91, 23.67, 25.39, 26.34, 27.37, 29.5, 29.21, 29.74, 32.61]",265.53
hot_truck_transit,18,"[29.37, 20.74, 22.38, 21.99, 21.4, 22.02, 22.8, 22.57, 23.01, 26.07, 25.39, 26.47, 27.76, 29.04, 28.81, 28.77, 29.97, 31.18]",315.18
hot_truck_transit,7,"[24.72, 21.61, 19.63, 19.7, 19.32, 19.74, 24.5]",386.54
hot_truck_transit,66,"[25.12, 18.79, 18.36, null, 19.89, 19.97, 20.71, 20.93, 22.25, 23.31, 23.31, 25.3, 25.66, 25.97, 26.41, 26.39, 26.47, 26.29, 26.19, null, 24.32, 22.92, 20.19, 22.77, 19.44, 18.83, 19.98, 17.95, 19.26, 19.0, 19.8, 20.87, null, 22.73, 24.69, 24.77, 28.46, 26.37, 25.74, 26.41, 25.15, 27.16, 26.94, 25.5, 23.19, 22.13, 22.38, 20.41, 19.31, 18.59, 20.46, 18.46, null, 19.81, null, 20.86, 20.99, 23.99, 23.14, 25.12, 25.26, 25.55, 27.56, 26.41, null, 28.93]",293.68
market_display,4,"[29.45, 30.57, 29.82, 26.5]",368.65
mixed_chain,17,"[null, null, 4.98, 5.52, 5.63, 4.85, 5.22, 5.97, 34.11, 24.16, 25.39, 25.81, 31.41, 28.15, 26.17, 26.94, 25.24]",371.17
market_display,3,"[29.9, 26.72, 28.28]",353.13
hot_truck_transit,14,"[27.97, 22.22, 20.88, 20.64, 19.86, 22.4, 21.8, 23.89, 25.15, 26.07, 26.03, 26.63, 27.4, 34.98]",290.1
mixed_chain,53,"[5.24, 4.52, 5.08, 4.68, 4.91, 4.95, null, 4.55, 4.77, 3.85, 5.49, 5.02, 5.01, 5.38, 5.25, null, 5.38, 5.09, 5.1, 28.44, 25.31, 23.92, 23.99, 24.48, 25.88, 25.91, 26.37, 27.51, 30.0, 28.45, 31.32, 31.06, 34.08, 24.44, null, 27.12, 27.2, 27.33, 27.5, 29.06, 25.88, 27.12, 27.55, 27.1, 26.52, 25.72, 26.4, 28.21, 29.28, 24.56, 26.67, 24.51, 25.78]",334.22
hot_truck_transit,17,"[26.24, 20.59, 21.68, 20.24, 21.22, 21.13, 20.92, 22.47, 23.93, 26.13, 25.15, 26.67, 28.29, 29.21, 28.08, 28.61, 32.07]",309.28
power_outage,13,"[5.37, 11.33, 17.72, 23.98, 30.67, 17.85, 30.76, null, 4.6, 4.93, 4.38, 5.38, 4.36]",677.13
power_outage,70,"[2.04, 2.37, 2.61, 2.38, 2.29, 2.37, 2.67, 2.07, 2.63, 2.11, 2.6, 1.95, 2.58, 2.38, 2.44, 2.7, null, null, 2.51, 2.33, 2.63, 2.51, 2.24, 12.73, null, 31.98, 2.16, 2.35, 2.55, 1.75, 9.63, 17.15, 24.35, 31.93, 2.46, 2.27, 2.29, 2.0, null, 1.96, 2.85, 2.94, 2.27, 2.08, 2.67, 2.59, 2.98, 3.06, 1.81, 2.76, 2.35, 2.58, 2.65, 2.64, 2.72, 2.25, 2.13, 2.77, 2.15, 2.97, 2.19, 2.3, 2.36, 1.95, 1.95, 2.69, 1.9, 3.17, null, 2.11]",667.91
power_outage,86,"[2.35, 2.88, 2.9, 2.54, null, 2.13, 2.7, 2.61, 3.03, 2.59, 2.91, 2.53, 1.96, 2.58, 2.71, 18.17, 33.64, 2.5, 12.87, null, null, 2.62, 2.42, 2.97, 1.99, 2.74, 3.28, 2.59, 2.65, 2.78, 2.8, null, 2.35, null, 2.08, 2.9, 2.53, 2.65, 2.49, 3.08, 2.72, 2.55, 2.54, 2.6, 3.37, 2.25, 2.97, null, 3.11, 2.84, 2.65, 2.95, 2.72, 2.87, 3.08, 2.68, 2.52, 2.46, 2.78, 2.38, 2.54, 2.36, null, 2.42, 2.26, 2.32, 2.48, 2.5, 2.72, 2.6, 2.76, 2.78, 2.87, 2.08, 2.31, 2.81, 2.71, 2.94, 2.19, 2.51, 2.56, 2.7, 2.66, 2.79, 2.61, 3.06]",633.21
stable_cold,85,"[4.06, 4.73, 5.05, null, 4.25, 4.36, 3.91, 4.52, 4.69, 4.21, 5.35, null, 3.85, null, 4.18, 5.2, 4.93, null, 4.57, 4.49, 4.07, 4.71, 4.49, 4.48, 5.22, 4.52, 5.1, null, 5.65, 4.42, 4.85, 4.92, 4.37, 4.9, 4.92, 4.28, null, 4.59, 4.52, 5.13, 4.85, 4.54, 4.81, 3.75, 4.32, 4.68, 5.02, 4.65, 5.15, 4.92, 4.37, 4.51, 4.73, 4.39, 5.18, 4.13, 4.7, null, 4.44, null, 4.54, null, 4.37, 4.14, null, 4.73, 4.97, 4.87, 5.44, 5.02, 4.28, 4.76, 4.35, 4.39, 4.0, 4.46, null, 4.54, 4.13, 3.96, 5.41, 4.7, 4.24, 4.75, null]",589.08
stable_cold,43,"[3.32, 4.58, 3.61, 4.0, 4.12, 4.13, 3.26, 3.77, 3.22, null, 3.23, 3.45, 3.45, 3.27, 4.41, 4.84, 3.68, 3.34, 2.97, 3.77, 3.74, 3.61, 3.96, 4.03, 4.0, 3.74, 3.43, 4.13, 3.87, 4.22, 4.18, 3.3, 3.29, null, 3.44, 4.17, 4.01, 4.31, 4.03, 3.95, 4.35, 4.05, 3.89]",661.37
mixed_chain,33,"[2.78, 2.8, null, 3.05, 2.53, 2.19, 2.38, 1.98, 2.17, 3.1, 2.09, 2.84, 2.47, 3.14, 29.9, 24.12, 23.44, 22.2, 23.08, 23.13, 24.01, 24.94, 24.74, 29.45, 27.29, 27.43, 26.74, 31.16, 28.78, null, 30.55, 32.1, 27.97]",333.61
power_outage,2,"[15.59, 27.93]",357.63
stable_cold,70,"[null, 2.71, 2.04, 2.88, 1.78, 2.1, 2.2, 2.58, 2.18, 3.1, 2.69, 2.22, 2.89, 2.34, 2.26, null, null, null, 2.21, 2.21, null, 2.28, 2.88, 2.6, 2.65, 2.39, 2.37, 3.1, 2.87, 2.29, 2.07, 2.26, 2.89, 2.96, 2.72, 1.85, 2.79, 3.01, 2.56, 3.29, null, 2.77, 2.09, 2.92, 2.74, 3.21, null, 2.33, 2.3, 2.39, 2.29, 3.03, 3.0, 1.89, 2.51, 2.52, 2.18, 2.67, 3.08, 2.85, 3.03, 2.21, 2.51, 2.19, 2.59, 2.62, null, 3.02, 2.77, 2.15]",672.07
stable_cold,17,"[4.4, 4.21, 4.84, 4.3, 5.54, 4.32, 4.51, 5.1, 4.7, 4.32, 5.75, 4.53, 4.85, 4.85, 5.21, 5.11, 4.6]",672.29
hot_truck_transit,53,"[32.18, 25.82, 26.25, 26.52, 27.24, 26.34, 29.13, 29.15, 29.09, 30.2, 32.14, 31.22, 32.18, 32.42, 33.65, 33.3, 33.57, 33.43, 31.71, 33.08, 31.98, 29.62, 30.14, 28.3, 28.04, 25.44, 25.86, 26.49, 25.99, 26.38, null, 28.29, 29.04, 31.24, 30.23, 32.06, 33.38, 32.46, 33.58, 34.13, 35.05, 33.56, 33.42, 32.65, 28.82, 30.05, 28.6, 29.19, 27.72, 27.22, 26.54, 26.07, 30.56]",283.69
mixed_chain,64,"[5.34, 5.34, 5.29, 5.43, 5.52, 4.64, 5.12, 4.79, 5.09, 5.79, 4.91, 4.66, 4.77, 5.41, 5.59, 5.31, 4.47, 5.02, 5.96, 5.34, 4.47, 32.57, 25.76, 25.18, 27.02, 25.67, 25.61, 27.15, 27.98, 28.65, 31.55, 29.79, 32.37, 33.12, 31.66, 33.66, 32.59, 33.28, 38.05, 29.55, 33.13, 30.3, null, 33.66, 30.78, 32.78, 31.31, 29.47, 31.3, 31.38, 30.63, 32.21, 32.27, 31.66, 31.7, 32.99, 30.52, 33.64, 31.42, 31.75, 31.05, null, 33.41, 31.17]",277.72
market_display,54,"[32.31, 32.94, null, 34.62, null, 31.79, 32.6, 31.49, 34.29, 33.37, 32.78, 34.13, 33.71, 33.96, null, 34.49, 31.14, 33.41, 34.67, 32.41, 32.1, 32.34, 32.79, 34.08, 32.79, 34.15, 33.37, 33.91, 32.85, 32.5, 31.19, 29.87, 32.32, 29.75, 32.67, 33.58, 32.82, 29.4, 32.28, 33.41, 34.29, 33.39, 32.76, 33.32, null, null, 30.98, 32.2, null, 31.36, 31.91, 36.07, 31.53, 32.15]",267.87
market_display,46,"[null, 28.54, 28.67, 28.91, 29.86, 29.67, 30.15, 31.82, 29.73, 30.42, 29.93, 31.14, 30.6, 29.78, 30.99, 30.57, 30.88, null, 30.64, 29.57, 28.62, 29.29, 30.57, 30.48, 29.02, 31.49, 28.65, 30.04, 29.34, 30.07, 28.34, 27.84, 29.11, 30.65, 30.06, 28.21, 31.0, null, 30.74, null, 27.69, 31.62, 29.63, 31.02, 29.38, 29.95]",295.28
power_outage,41,"[5.25, 6.14, 6.2, 5.45, 6.15, 5.4, 5.99, 5.72, null, 5.88, 6.08, null, 5.71, null, 5.47, 5.71, 6.38, 6.03, null, 6.29, 5.92, 6.05, 5.95, 5.93, 5.2, 6.13, 5.13, 13.82, 21.25, 29.18, 5.85, 6.11, 5.81, 5.89, 5.92, 6.37, 5.98, null, 5.63, 5.98, 6.18]",615.04
stable_cold,84,"[1.66, 2.17, 2.37, 2.61, 2.66, 2.41, 2.53, 2.32, 2.03, 2.19, 2.31, 2.29, 1.54, 2.14, 2.32, null, 2.2, null, 1.87, 1.65, 2.16, 2.6, 2.97, 2.61, 1.71, null, 2.4, 2.37, 2.51, 1.93, 2.33, 2.47, 2.63, 1.98, 2.16, 1.22, 2.05, 2.09, 1.89, 2.37, 2.28, 1.4, null, null, 2.49, 1.79, 2.31, 2.19, 2.42, 2.35, 2.2, 1.68, 1.71, 2.07, 2.3, null, null, 2.19, 1.91, 2.19, null, 2.43, 3.05, 2.03, 2.27, 2.47, 2.29, 2.1, null, null, 1.87, 1.61, 1.98, 1.88, 2.53, 2.54, 1.94, 2.2, 1.56, 2.1, 2.46, 2.63, 2.01, 2.72]",647.38
market_display,18,"[31.46, 32.52, 32.78, 31.67, 33.12, 34.11, 33.49, 32.47, 29.49, 30.57, 32.3, 33.19, 30.71, null, 33.27, 32.34, 31.67, 30.64]",316.63
hot_truck_transit,65,"[27.57, 23.89, 25.07, 25.12, 23.61, 25.6, 24.37, 25.75, 27.03, 27.95, 28.65, 30.27, 31.61, 30.47, 32.13, 32.94, 31.7, 31.19, 30.31, 31.76, 30.39, 27.93, 28.07, 25.74, 25.21, 23.85, 22.83, 23.7, 23.96, 25.04, 25.86, 26.07, 26.34, 27.64, 30.47, 30.67, 32.13, 33.05, 31.5, 32.82, 31.31, 32.45, 31.65, 28.47, 29.52, 27.48, 26.86, 25.64, 26.06, 24.15, 23.28, 23.52, 24.13, 25.03, 26.29, 26.57, 27.6, 28.75, 29.85, 30.99, 33.0, 32.27, 32.26, 31.79, 36.36]",237.75
market_display,6,"[30.31, 32.03, 31.28, 32.79, 30.2, 31.45]",322.51
mixed_chain,9,"[1.58, 2.76, 1.72, 2.24, 20.94, 21.14, 30.5, 29.05, 30.13]",333.26
stable_cold,92,"[3.11, 3.13, 3.26, 3.35, 2.81, null, 3.65, 2.45, 3.76, 2.34, 2.87, 3.49, 3.1, 2.58, 3.27, 3.13, 3.02, 2.85, null, null, 4.08, null, 2.95, 2.89, null, null, 3.25, null, 2.53, 2.77, 3.23, 2.76, 3.21, 3.79, 3.17, 2.52, 2.76, 2.99, 2.96, 3.16, 3.23, 3.79, 3.1, 2.64, 3.56, 3.61, 3.19, 3.0, null, 3.02, 2.28, 3.33, 3.46, 3.68, 2.81, 3.19, null, 3.14, 3.15, 3.12, 3.19, 3.4, 3.59, 2.8, 3.03, 2.93, 2.88, 2.46, 3.11, null, 3.04, 3.1, 3.27, 3.67, null, null, 3.07, 3.86, 2.64, 3.36, 3.57, 2.16, 3.27, 3.34, 2.99, null, 2.87, 2.97, 2.98, 2.91, 2.96, 3.58]",620.45
stable_cold,55,"[3.05, 2.75, 3.05, 2.34, 2.82, 2.86, null, 2.98, 2.49, null, 3.03, 1.64, null, 1.59, 2.56, 3.22, 2.68, 2.22, 2.37, null, 2.04, 3.26, 2.78, 2.33, 2.57, 2.4, 3.15, 3.1, 2.12, 2.64, 2.46, 3.32, 2.27, null, 2.79, 2.34, 2.53, 2.48, 2.3, 2.84, 2.31, 1.93, 2.65, 2.08, 2.5, null, 2.46, 3.61, null, 2.9, 2.09, 2.54, 2.89, 2.4, 3.17]",665.92
mixed_chain,93,"[4.37, 4.4, 4.05, 3.54, null, 4.52, 4.73, 3.4, 4.65, 4.61, 4.46, 4.26, 3.97, 4.46, 4.06, 4.52, 4.05, 4.13, 3.89, 4.22, 4.24, 4.73, 4.28, 3.11, 5.23, 4.0, 3.57, 4.66, 4.58, 4.1, 3.74, 4.33, 4.07, 4.25, 4.26, 3.46, 4.0, 4.05, 4.19, 4.24, null, 3.98, 4.12, 4.13, 4.65, 4.51, 31.61, 26.24, 26.38, 26.9, 25.86, 27.32, 27.37, 28.02, 30.82, 29.24, 31.56, 32.85, 33.16, 33.2, null, 32.87, 33.13, 34.11, 32.34, 31.09, 31.3, 29.57, 29.33, 29.47, 27.04, 26.15, 25.27, 25.33, 25.77, 25.31, 27.91, 33.51, 33.29, 33.38, 32.52, 33.84, 33.96, null, 31.35, 34.31, 32.12, 33.99, 33.34, 31.72, 33.24, 32.21, 32.16]",256.13
power_outage,43,"[2.7, 2.24, 2.47, 2.39, null, 2.71, 2.43, 3.17, 2.64, 2.48, 2.25, 2.35, 11.1, 20.28, 28.92, 2.85, 2.44, 2.87, 2.76, 2.81, 2.89, 3.21, 2.36, 2.87, 9.38, 16.22, 22.58, 29.54, 2.23, 2.32, 2.45, 2.59, 2.63, 2.39, 2.32, 2.42, 2.1, 2.53, null, 2.75, 2.67, 3.15, 2.86]",679.6
mixed_chain,14,"[5.4, 5.42, 5.29, 4.32, 30.41, 27.14, 27.11, 29.91, 31.83, 33.1, 33.62, null, 34.06, 32.02]",312.2
market_display,13,"[null, 28.25, 26.9, 27.23, 28.96, 26.01, 26.16, 24.46, 27.11, 28.51, 24.66, 25.95, 27.39]",351.64
hot_truck_transit,74,"[24.62, 20.76, 20.22, 19.36, 18.84, null, 20.07, 21.55, 21.43, 23.64, 23.99, 25.23, 24.79, null, 27.14, null, 24.91, 25.4, 26.02, 26.12, 23.77, 22.53, 22.73, 20.93, 20.69, 19.22, 18.73, 19.58, 19.6, 19.2, 19.19, 19.59, 20.66, 22.41, 24.21, 23.59, 24.47, 26.69, 28.04, 27.79, 25.31, 26.7, null, 24.53, 23.77, 23.19, 22.28, 21.22, 20.67, null, 18.56, 18.56, 18.43, 19.09, 20.54, 20.3, 22.74, 22.13, 24.12, 25.59, 26.11, 24.91, 26.89, 26.33, 25.73, 26.56, 24.75, null, null, 23.16, 21.7, 20.79, null, 21.81]",345.79
market_display,69,"[31.24, 31.46, 31.55, 29.16, null, 29.76, 33.39, 30.36, 29.72, 28.8, null, 28.39, 30.19, 29.79, 29.48, null, 30.54, 31.11, 28.46, 31.12, 31.54, 30.19, 29.32, 28.88, 29.88, 29.61, 29.13, 30.42, 30.09, 29.39, null, 27.79, 29.64, 28.35, 29.37, 30.2, 27.61, 29.49, 30.24, 27.98, 29.08, 28.21, 30.86, 29.05, 28.99, 30.83, 29.49, 31.97, 30.44, 30.34, 30.38, 31.35, 26.06, 30.62, 28.81, 28.36, 29.62, 29.68, 27.68, 28.36, 28.09, null, 30.39, 29.33, 30.13, 28.83, 31.42, 29.24, 30.86]",266.34
power_outage,12,"[2.92, 3.36, 3.03, 3.07, 11.19, 17.7, 26.29, 33.68, 2.95, 3.04, 2.81, 3.08]",707.02
stable_cold,26,"[4.07, 3.51, 3.66, 4.54, 4.2, 4.03, 3.95, 3.73, 4.6, 4.12, 3.5, null, 4.03, 3.78, 3.23, 3.97, 3.69, 4.01, 3.98, 3.56, 4.05, 3.6, 3.63, 3.59, null, 3.69]",682.59
hot_truck_transit,19,"[31.91, 28.15, 25.39, 25.55, 25.75, 24.89, 26.02, 27.77, 28.42, 29.54, 30.58, 31.44, 31.74, 33.34, 33.65, 32.82, 33.72, 32.49, 35.6]",279.79
power_outage,45,"[3.15, null, 2.32, 2.89, null, 3.1, 2.41, 2.66, 2.73, 2.73, 2.85, null, 2.46, 3.02, 2.4, 2.5, 2.4, 2.92, 2.77, 3.0, 2.5, 9.8, 17.49, 25.01, 32.57, 2.23, 2.88, 2.47, 2.54, 3.09, 2.08, 2.83, 2.83, 2.49, 2.6, 3.1, 3.33, 3.06, 3.3, 2.53, 2.26, 2.72, 2.98, 2.18, 2.46]",687.58
power_outage,41,"[5.49, 13.53, 21.18, 29.57, 5.63, 5.55, 5.93, 5.2, 6.13, 5.32, 5.98, 6.06, 5.46, 5.49, 5.59, null, 5.32, 5.59, 5.53, 5.27, 5.31, 5.66, 5.65, 5.39, 5.64, 5.43, 6.01, 5.59, 5.95, 5.11, 5.72, 5.8, null, 5.46, 5.57, null, 5.26, 5.83, 5.72, 5.54, 5.55]",626.97
power_outage,72,"[3.63, 4.24, 4.14, 3.9, 4.78, null, 3.99, 3.76, 3.73, 3.81, 4.22, 4.14, 13.84, 22.73, 32.61, 4.06, 4.1, 3.71, 3.66, 4.13, null, null, null, 4.33, 3.86, 3.54, 3.57, 3.76, 3.83, 3.96, 3.96, 3.89, 4.17, 3.74, 4.35, 4.25, 4.23, 3.77, 3.93, 4.18, 3.91, 3.76, 3.75, 3.76, 3.62, 4.83, 3.38, null, null, 3.76, 3.86, 4.09, 4.28, 3.89, null, 3.46, 3.79, 4.12, 4.56, 3.68, 3.62, null, 3.98, 3.75, 3.6, 3.81, 4.12, 3.87, 4.32, 3.93, 4.15, 4.05]",626.9
mixed_chain,69,"[null, 4.1, 3.7, 4.13, 3.09, 3.33, 3.33, 3.93, 2.52, 3.6, 3.44, 3.79, null, 2.68, 4.13, 3.37, 3.76, 3.25, null, null, 3.86, 3.24, 3.92, 3.59, 2.65, 3.92, 3.61, 3.26, 3.32, 2.97, 3.44, 3.6, 3.42, 28.1, 20.04, 19.1, 19.67, 20.12, 20.61, 20.08, 19.97, 22.61, 23.07, 24.35, 24.91, 27.43, 26.43, null, 27.92, 28.0, 26.65, 25.46, 25.86, 24.6, 22.89, null, 21.76, 19.09, 25.03, 25.53, 29.7, null, 25.29, 26.92, 26.28, null, 27.73, 27.53, 26.26]",323.29
mixed_chain,84,"[2.7, 2.83, 2.63, 2.42, 2.15, 4.01, 2.88, 3.29, 3.63, 3.23, 3.14, 3.32, 3.99, 3.2, 2.59, 2.74, 2.8, 3.09, 2.69, 2.94, 3.11, 3.57, 2.81, 3.41, null, null, 2.22, null, 30.79, 23.05, 24.4, 22.07, 22.22, 23.92, 23.98, 24.61, 25.2, 26.85, 25.49, 28.83, 28.44, 31.24, 31.31, 31.22, 32.06, 32.2, 29.43, 28.64, null, 27.1, 23.67, 24.39, 23.06, null, 28.81, 25.14, 25.33, 28.19, null, 29.64, 28.23, 25.79, 26.76, 25.85, 25.79, 25.44, 25.19, null, 24.95, 26.06, null, 28.34, null, null, 27.56, 26.47, 27.33, 27.14, null, null, 25.92, 28.33, 24.88, 26.86]",299.43
power_outage,79,"[5.35, 4.52, 4.46, 5.03, 4.61, 5.04, 4.74, 4.94, 4.33, 4.94, 4.87, 4.72, 4.43, 4.86, 5.02, 4.64, 4.65, 5.04, 5.31, 5.08, 4.87, 4.73, 4.79, 4.4, 4.75, 5.14, 4.81, 4.61, 4.58, 4.79, 4.43, 4.53, 5.26, 4.49, null, 4.89, 4.67, 4.83, 5.06, 4.34, 5.03, 4.63, 4.71, 5.38, 4.38, 4.98, 5.14, 4.59, 4.6, 4.69, null, 4.82, 5.07, 4.69, 5.08, 5.22, 4.93, 4.96, 4.62, 4.01, 4.98, 5.04, 4.87, 5.07, 9.35, 14.38, 19.38, 23.85, 28.76, 5.2, 4.43, 5.02, 4.61, 4.47, 4.71, 5.33, 4.64, null, 4.37]",611.56
power_outage,20,"[3.56, 2.66, 3.63, 3.75, 3.33, 9.19, 15.25, 21.48, 27.0, 33.27, 3.88, 3.47, 3.07, 3.47, 3.7, 3.56, 3.73, 3.8, 3.7, 3.46]",690.18
hot_truck_transit,86,"[29.02, 21.57, 20.95, 21.49, 23.36, null, 22.23, 23.57, null, 26.24, 26.78, 28.12, 28.4, 28.2, 29.98, 29.35, null, 27.62, 27.45, 26.93, 26.7, 26.68, 24.83, 23.09, 21.62, 22.77, 21.63, 18.68, 22.21, 22.07, 20.69, 23.74, 24.27, 24.19, 27.9, 27.59, 27.68, 28.07, 28.95, 29.11, 29.56, 28.51, 27.73, 27.36, null, 25.14, 25.31, 22.85, 22.27, 21.12, 22.22, 19.84, 20.67, 22.3, 22.25, 23.9, 24.01, 24.66, 26.13, 26.16, 27.36, 29.39, 28.85, 29.17, 29.16, 27.41, 26.78, 27.5, 25.9, 25.02, 24.65, 22.45, 21.91, 21.45, 21.6, 20.91, 20.83, 23.09, 22.4, 23.72, 22.71, 24.17, 26.7, 27.0, 27.72, 30.71]",260.1
hot_truck_transit,90,"[23.93, 20.4, 18.26, null, 19.37, null, null, 22.08, 23.34, 23.12, 24.65, 25.21, 25.44, 26.94, 27.21, 27.25, 27.23, 26.92, 26.95, 24.94, 23.42, 23.95, 23.06, 21.7, 19.67, 19.84, 19.77, 18.56, 18.93, 19.83, 21.53, null, 21.92, 23.25, 23.91, 25.08, 26.82, 25.34, null, 29.16, 27.4, 26.21, 27.17, 25.63, 24.02, 22.63, 22.05, 21.56, 21.3, 20.17, 19.91, null, 20.23, 19.78, 22.05, 20.89, 22.69, 25.16, 25.28, 26.01, 26.48, 26.92, 27.13, 26.96, 26.04, 27.39, 25.01, 25.93, 24.2, 22.65, 23.5, 20.25, 20.05, 19.49, 19.67, 18.92, 20.72, null, 23.85, 20.56, 24.74, 24.28, 24.36, 25.59, 25.94, 27.15, 26.68, 27.98, 27.42, 28.42]",275.45
mixed_chain,5,"[1.88, 2.17, 27.41, 31.86, 30.96]",328.78
power_outage,79,"[2.54, 3.07, 2.58, 3.04, 2.56, 2.71, 3.16, 3.02, 2.88, 2.86, 2.9, 2.63, 2.42, 3.04, 3.33, 3.05, 2.95, 2.51, 3.13, 3.02, 3.1, 3.18, 3.35, 2.54, 2.49, 2.92, 2.6, 2.54, 3.24, 2.57, 2.87, 2.38, 2.89, 3.23, 3.24, 3.19, 2.85, 3.21, 3.0, 2.74, 2.99, 3.14, 2.47, 2.55, 2.83, 2.51, 2.5, 2.75, 3.17, 3.16, 2.97, 2.93, 3.5, 2.71, 2.94, 2.7, null, 10.63, 17.59, 25.3, 32.43, 3.25, 2.57, 3.22, 3.14, 2.33, 2.72, 3.18, 3.36, 3.09, 2.75, null, 3.04, 2.74, 2.76, 2.8, 3.14, 3.41, 3.18]",638.57
stable_cold,28,"[2.62, 1.55, 3.41, 2.23, 3.4, 2.0, 2.26, 1.7, 2.73, 2.14, 2.15, 2.03, 2.89, 2.87, 3.31, null, 2.67, 2.07, 2.45, 2.38, 2.77, 2.99, 2.98, 2.25, 2.98, 2.57, 2.45, 2.3]",711.3
power_outage,78,"[4.99, 4.66, 4.61, 4.71, null, 4.29, 5.2, 4.99, 4.69, 5.06, 4.6, 4.79, 4.54, 4.99, 4.49, 4.69, 4.9, 5.02, 4.45, 4.93, 4.41, 4.06, 4.48, null, 4.7, 4.54, 4.72, 4.71, 14.24, 22.92, 32.73, 4.74, null, null, 4.59, 4.7, 4.7, 4.53, 4.52, 4.58, 4.79, null, 4.03, 4.89, 4.67, 4.86, 5.06, 4.47, 4.98, 4.32, 4.74, 4.63, 4.71, 4.4, 4.83, 5.18, 4.41, 4.76, 4.96, 4.61, 5.11, 4.57, 4.67, 4.4, 4.74, 4.7, 4.89, 4.51, 4.5, 4.84, 5.12, 4.89, 5.25, 4.87, 4.86, 4.9, 5.15, 5.07]",600.27
mixed_chain,42,"[2.05, 2.31, 3.24, 1.92, 2.14, 2.62, 2.17, 2.16, 2.98, 2.65, 3.01, 1.9, null, 2.17, 2.1, 2.14, 2.43, 2.16, 24.65, 20.5, 20.48, 19.84, 19.78, 20.91, 19.5, 21.87, 22.76, 22.51, 22.98, 25.39, 26.81, 28.09, 29.9, 31.21, 30.48, 30.46, 29.63, 31.77, 30.44, 29.29, 29.43, 29.78]",312.6
hot_truck_transit,73,"[29.55, 26.5, 24.19, 25.72, 27.22, 26.64, 25.21, 27.73, 28.29, 30.68, 30.65, 30.55, 32.42, 32.61, 31.83, 33.56, 33.57, 33.47, 33.34, 31.47, 29.53, 29.03, 28.65, 28.67, 26.87, 26.13, 25.65, 25.69, 27.36, 26.17, 26.66, 27.73, 28.12, 28.45, 29.34, 31.12, 33.47, 34.1, 32.67, 33.57, 33.67, 32.58, 33.57, 32.31, 31.02, 29.75, 27.41, 28.78, 27.34, 26.56, 25.25, 25.18, null, 27.12, 28.25, 27.11, 28.54, 28.02, 28.77, 32.12, 31.85, 31.58, 32.63, 33.97, 33.87, 31.85, 33.52, 31.14, 30.95, 29.73, 28.65, 26.95, 31.21]",260.29
power_outage,41,"[5.67, 5.4, 5.72, 11.18, 16.42, 22.14, 28.43, 33.98, 16.95, 22.62, 28.11, 33.71, 5.45, 5.94, 5.29, 5.5, 4.92, 5.0, 5.97, 5.62, 5.37, 5.45, 5.02, 5.3, 4.99, 5.34, 5.63, 5.57, 5.91, 5.52, 4.69, 6.02, 5.18, 5.48, 5.46, 5.5, 5.44, 5.45, 5.03, 6.21, 5.63]",621.3
mixed_chain,65,"[3.98, 4.39, 4.08, 4.09, 4.39, 4.71, 4.42, 4.49, 4.58, 4.04, null, 4.12, 4.17, null, 4.1, 4.05, 3.87, null, 4.18, 4.78, 4.37, 4.1, 3.63, 3.81, null, 4.32, 26.56, 21.86, 19.62, 19.47, 20.19, null, null, 20.7, 24.41, 25.13, 25.09, 25.02, 26.61, 28.55, 28.97, 27.98, 28.71, null, 27.24, 25.45, 25.81, 24.13, 23.23, 22.47, 23.2, 30.89, 29.65, 30.81, 29.07, 29.85, 29.99, 30.32, 30.69, 27.9, null, 30.16, 30.02, 29.55, 32.72]",273.1
stable_cold,7,"[3.37, 3.42, 4.3, 2.52, 3.24, 4.73, 3.88]",697.72
hot_truck_transit,13,"[31.43, null, 26.36, 24.17, 27.06, 24.96, 25.0, 28.6, 27.32, 30.41, 29.7, 30.96, 34.86]",290.8
market_display,49,"[32.1, null, 32.24, 31.24, 32.76, 35.42, 31.04, 32.55, 32.19, null, 33.1, 31.63, null, 33.81, 31.76, 33.57, 32.81, 32.28, 32.93, 33.11, 31.96, 31.72, 33.2, 35.5, 30.22, 30.83, 31.01, 31.78, 31.0, 32.9, 30.43, 31.65, null, 33.36, 32.11, 30.56, 32.52, 31.05, 30.74, 33.5, null, 32.76, 31.59, 32.46, 33.84, 32.39, 31.73, 30.59, 33.23]",266.45
mixed_chain,45,"[2.92, 2.97, 2.86, 2.95, 2.38, 2.61, 2.18, 2.28, 2.57, 3.12, 2.3, 2.77, 2.3, 2.17, 3.2, 3.1, 2.33, 2.51, 25.09, 19.2, 18.94, 19.45, 20.23, 18.78, 20.14, 21.53, 21.97, 22.91, 24.75, 23.57, 30.5, 32.09, 31.18, 33.19, 32.47, 28.13, 32.85, null, 33.18, 33.73, 32.23, 31.22, 33.23, 33.92, 32.54]",287.96
power_outage,24,"[2.46, 1.94, 2.6, 2.09, 2.42, 2.49, 2.23, 2.57, 2.26, 12.19, 21.79, 31.1, 2.26, 2.04, 2.72, 1.89, 2.67, 2.25, 2.42, 1.89, 2.21, 2.1, 2.93, 2.09]",717.71
power_outage,46,"[3.1, 2.23, 2.2, 2.32, 2.55, 2.72, 2.75, 2.85, 2.54, 2.45, 3.06, 1.73, 2.59, 2.7, 3.13, 16.38, 31.06, null, null, 2.51, 2.82, 2.93, 2.41, 2.77, 2.51, 2.74, 2.92, null, 2.89, 2.21, 2.77, 2.88, 2.85, null, 2.51, 2.66, 2.7, null, 3.0, 2.18, 2.5, 2.06, 2.76, 2.74, 3.57, 2.88]",679.18
market_display,13,"[30.53, 29.43, 28.53, 32.56, 29.8, 31.66, 31.95, 31.17, 31.55, 33.27, 30.48, 32.75, 29.64]",330.43
market_display,61,"[26.46, 26.57, 24.82, 27.62, 27.03, 26.52, 27.05, 27.54, 29.08, 27.54, 25.38, 30.14, 25.41, 27.22, 26.51, 26.61, 27.21, 27.3, 28.41, 25.97, 27.24, 27.49, 29.58, 27.36, 25.38, 28.41, 26.22, 25.72, 28.35, 26.92, 26.52, 28.78, 26.14, 26.13, 27.35, null, 26.95, null, 25.73, 26.74, 27.07, 26.7, 27.74, 27.08, 26.55, 27.6, 27.08, 30.36, 27.98, 26.12, 24.69, 25.94, 24.31, 27.55, 26.41, 25.83, null, 26.31, 27.23, null, 26.85]",308.4
stable_cold,69,"[2.45, 2.48, 2.26, 2.43, 2.86, null, 2.82, 2.84, 3.22, 2.56, 2.1, 3.12, 2.56, 3.14, 2.85, 2.64, 2.83, 3.47, 3.52, 2.72, 2.76, 3.12, 2.35, 2.83, 2.68, 2.82, 2.36, 2.06, 1.86, 2.25, 2.51, 2.58, 3.47, null, 2.31, 2.83, 2.53, 2.58, 2.77, 2.94, 2.56, 3.12, 2.24, 2.7, 3.73, 2.78, 3.27, 2.73, 2.92, 2.67, 2.62, 2.38, 2.86, 2.35, 2.96, 3.13, 2.84, 2.58, 2.87, 2.57, 3.07, 1.96, 2.56, 1.9, 2.09, null, 3.05, 2.4, 2.09]",673.95
stable_cold,57,"[2.78, 2.71, 2.23, 2.48, 2.26, 3.17, 2.86, 2.3, 2.04, 2.62, 2.31, 2.34, 2.05, 2.1, 2.57, 2.4, 3.5, 2.74, 2.05, 1.89, 2.67, 2.35, 3.04, 2.62, 1.71, 2.1, 2.24, 2.68, 2.08, 2.57, 1.97, null, 2.65, 3.09, 2.6, 2.18, null, 2.43, 2.82, 2.26, 2.54, 2.19, 2.63, 2.83, 2.31, 2.29, 2.65, 2.18, 1.9, 2.65, 2.46, 2.45, 2.71, 2.77, 2.44, 2.06, 2.25]",683.25
stable_cold,72,"[2.78, 2.93, 2.26, 2.87, 2.49, 2.41, 2.59, 2.39, 3.08, 2.77, 3.16, 2.66, 2.67, 3.59, 2.19, null, 3.5, 3.14, 2.7, 3.41, null, 2.55, 2.68, 2.61, 2.46, 3.28, 2.53, 2.82, 2.26, 2.85, 2.37, 2.36, 2.79, 3.26, 3.01, 3.04, 2.78, 2.7, 3.15, null, 3.17, 3.33, 2.5, 2.56, 2.62, null, 2.65, 3.36, 2.42, 3.37, 2.66, 3.68, 2.56, 2.78, 2.47, 2.56, 3.37, 3.03, 3.25, 2.31, 3.1, 2.45, 2.3, 2.93, 2.93, 2.86, null, 3.19, 3.42, 2.36, null, 3.59]",640.49
hot_truck_transit,78,"[26.04, 18.7, 17.39, 17.94, 19.63, 19.4, 19.46, 20.64, 21.34, 23.22, 23.89, 24.36, 26.15, 26.99, 25.71, 25.87, 28.37, 26.55, 26.75, 25.3, 23.99, 20.88, 20.57, 21.11, 19.03, 19.0, 19.45, 18.69, 19.04, null, 20.95, 20.54, 22.57, 21.82, 23.8, 25.04, 25.33, 25.87, 25.55, 26.56, 25.16, 25.94, null, 25.18, 22.68, 22.86, 22.01, 20.57, 20.12, 19.34, 16.64, 17.85, 20.44, 19.65, 19.28, 20.88, 22.12, 23.82, 23.31, 24.11, 25.02, 25.59, 25.97, 26.74, 26.11, 26.0, 26.91, 23.82, 23.89, 21.68, 22.29, 21.48, 19.06, 18.57, 19.26, 18.37, 19.86, 22.2]",338.95
hot_truck_transit,91,"[30.4, null, null, 23.96, 23.69, null, null, 26.33, 26.1, 27.65, null, 28.31, 30.5, 30.12, 31.18, 31.64, 30.57, 31.54, 31.75, null, 29.46, null, 27.2, 23.87, 25.07, 22.28, 23.31, 22.55, 24.11, 23.57, 25.16, null, 25.95, 27.95, 26.69, null, 31.59, 30.51, 31.19, 31.1, 30.23, null, 30.57, null, 29.64, 27.26, 26.71, 25.32, 25.67, 23.14, null, 24.07, 23.23, 24.21, 25.23, 25.2, 26.15, 26.77, 30.4, 29.38, 29.6, 29.8, 30.97, 31.96, 31.41, 31.5, 31.15, 29.63, 28.68, 29.0, 27.3, 26.06, 24.65, 24.83, 24.17, 24.0, 24.46, 24.55, 23.71, 25.79, 25.82, 28.26, 27.53, 29.73, 30.63, 30.3, 31.55, 32.36, 31.17, 31.45, null]",229.54
mixed_chain,40,"[2.84, null, 2.97, 2.18, 1.63, 1.77, 1.68, 2.47, 3.08, null, 2.67, null, 2.58, 2.77, 2.35, 1.96, 1.81, 2.15, 1.61, 25.65, 21.78, 20.0, 19.42, 21.8, 21.69, 21.51, 21.75, null, 24.26, 25.97, null, 27.42, 26.77, 33.75, 28.85, 29.27, 28.41, 28.44, 29.06, 27.06]",337.79
power_outage,35,"[null, 1.86, 2.05, 1.67, 1.95, 2.36, 2.36, 2.3, 2.36, 2.36, 1.88, 2.17, 2.4, 1.66, 1.65, 1.64, 1.53, 1.75, 1.91, null, null, 1.61, 2.12, 2.01, 1.83, 15.06, 28.72, 1.65, 1.57, 2.21, null, null, 2.02, 2.04, 2.31]",703.12
mixed_chain,76,"[2.47, 3.25, 2.75, 2.48, 2.34, 2.92, 3.18, 2.99, 3.42, 2.84, 2.5, 3.27, 2.19, 2.4, 2.76, 2.32, 2.94, 2.55, 3.15, 2.92, 3.48, 2.02, 2.92, 2.78, 2.78, 22.86, 20.09, 18.75, 20.53, 19.56, 20.69, 21.62, 22.08, 23.7, 23.83, 25.19, 25.8, 27.78, 26.6, 28.37, 29.43, 28.44, 27.19, 33.29, 33.1, null, 32.0, 33.49, 31.88, 30.05, 31.87, 31.46, 31.76, 32.39, 32.64, 30.5, 31.82, 31.56, 32.05, 32.3, 31.72, 30.34, 31.69, 33.2, 30.46, 33.43, 29.77, 32.04, 31.06, 31.77, 32.67, 32.92, 33.33, 29.93, 30.74, 31.1]",271.39
mixed_chain,11,"[null, 4.08, 4.3, 4.08, 4.41, 29.27, 24.15, 26.38, 33.63, 32.25, 30.26]",330.29
power_outage,59,"[3.76, 4.22, 4.22, null, 4.64, 4.15, 4.1, 4.0, 4.34, 4.18, 4.63, 3.7, 3.6, 3.84, 4.23, 3.93, 4.44, null, 4.39, 3.81, 4.42, 4.47, 3.89, 4.21, 4.14, 4.22, null, 4.35, 4.22, 4.26, 3.68, 4.05, 3.73, 4.06, null, 4.06, 3.31, 3.75, 4.24, null, null, 3.7, 4.18, 4.19, 4.3, 3.87, 4.3, 4.51, 3.38, 4.08, 13.37, 23.51, 33.38, 4.04, 4.18, null, 4.14, null, 3.74]",645.68
hot_truck_transit,65,"[28.87, 22.3, 21.95, 22.92, 22.23, 22.64, 22.33, 24.92, null, 25.73, 28.04, null, null, 28.56, 29.66, 29.5, 28.65, 28.82, 26.59, null, null, 27.08, 25.2, 23.6, 23.95, 21.93, 21.03, 21.84, 22.42, 21.84, 22.29, 23.62, 25.25, 25.84, 29.1, 27.85, 29.39, 28.26, 30.29, 29.59, 29.81, 30.77, null, 26.91, 26.07, 26.09, 25.02, 24.02, 22.1, 24.11, 23.26, 22.06, 20.88, 23.76, 24.04, 24.04, 25.88, 25.56, 26.22, null, 27.54, null, 30.26, 30.15, 34.27]",253.42
stable_cold,71,"[5.62, 6.12, 5.67, 6.15, 5.91, 5.86, 5.59, 5.84, 6.22, 5.72, 5.96, 5.76, 5.79, 6.43, 6.23, 5.78, 5.83, 5.46, 5.68, 5.87, 6.08, 6.04, 5.3, 6.14, 5.71, 5.35, 6.28, 6.33, 5.85, 6.03, 6.05, 6.3, 6.04, 5.21, 6.55, 6.17, 5.54, 5.33, 5.95, 5.63, 5.88, 6.04, 5.52, 5.3, 5.9, 5.53, 5.8, 5.21, 5.64, 6.03, 5.99, 5.43, 5.28, 5.75, 5.97, 5.91, 5.54, 5.86, 6.35, 5.83, 5.09, 5.83, 6.56, 5.23, 5.76, 5.65, 5.78, 5.82, 6.2, 5.78, 6.26]",585.76
hot_truck_transit,32,"[27.8, 23.67, 23.58, 23.49, 22.09, 23.94, null, 24.46, 25.93, 28.19, 28.95, 29.35, 29.38, 29.64, 30.38, 31.28, 31.16, 30.21, null, 29.58, 26.18, 27.36, 26.84, 25.43, 24.91, 23.59, 23.35, 23.23, 23.55, 23.34, null, 31.04]",303.3
market_display,20,"[32.54, 34.45, 32.23, 34.1, 31.98, 33.13, 32.19, 32.99, 32.99, 33.09, 32.03, 32.92, 33.39, 32.59, 31.94, 32.08, null, 32.99, 34.66, null]",298.35
stable_cold,24,"[4.88, 5.05, 5.23, 4.86, 5.87, 4.46, 4.59, 4.46, 5.46, 5.15, 4.62, 4.49, 5.39, 4.98, 5.4, 4.81, 5.04, 4.95, 4.58, 4.78, 4.36, 5.03, 5.14, 5.23]",652.58
stable_cold,51,"[1.67, 2.33, 2.42, 1.86, 2.36, 2.03, 2.53, 2.88, 1.63, 2.38, 2.59, 1.68, 1.84, 1.84, 2.02, 1.93, 1.99, 2.41, 1.31, 1.68, 2.34, 2.29, 1.65, 2.29, 2.6, 2.05, 1.67, 2.42, 2.76, 1.72, 2.09, 2.51, 2.12, 1.37, 2.25, 1.68, 1.56, 1.38, 2.55, 1.74, 2.2, 2.3, 2.13, 2.19, 2.22, 2.13, 1.77, 1.73, 2.03, 2.02, 2.24]",690.1
mixed_chain,9,"[5.47, 5.83, 6.19, 31.06, 20.17, 23.0, 31.84, 32.67, 35.06]",293.8
hot_truck_transit,78,"[25.12, 20.45, 19.66, 18.79, 19.76, 21.41, 21.51, null, 24.35, 24.35, 25.71, 24.19, null, 27.34, 26.37, 27.83, 28.58, 26.6, 27.6, 25.97, 22.95, 22.71, 23.26, 20.58, 21.44, 20.43, 19.79, 18.94, 19.78, 21.29, 20.27, 21.89, 23.98, 23.62, 24.05, 25.0, 24.57, 25.9, null, 28.18, 26.93, 27.64, 26.95, 24.79, 23.96, 22.33, 22.97, 21.41, 21.29, 19.89, 18.79, 20.03, 17.96, 19.67, 19.96, 22.63, 23.77, 23.74, 23.98, 26.78, 25.68, 25.76, 25.68, 27.49, 25.9, 28.01, 25.77, 24.38, 25.33, 24.11, 23.7, 20.05, 19.05, 21.19, 17.3, 18.43, 19.59, 23.02]",329.97
power_outage,58,"[4.31, 3.81, 3.99, null, 3.9, 11.38, 18.57, 25.92, 33.1, 4.0, 4.9, null, 3.85, 4.09, 3.45, 4.06, 4.55, 4.88, 4.01, 4.15, 4.23, 4.64, 3.76, 4.85, null, 3.7, 3.96, 3.81, 4.18, 3.55, 4.09, 4.25, 4.49, 4.25, 4.48, 3.87, 4.17, 3.38, null, 4.17, null, 3.58, 3.93, 3.97, 3.92, 4.27, 3.98, null, null, 4.37, 4.39, 3.96, 4.91, 3.82, 4.35, 3.76, 4.28, 4.26]",635.98
market_display,51,"[27.77, 31.31, 29.64, 30.32, null, 29.18, 29.64, 30.77, 29.39, 30.49, 28.8, 31.55, 31.0, 29.18, 31.4, 30.6, 28.95, 30.92, 30.95, null, 27.17, 29.6, 29.2, 30.85, null, 29.37, 32.26, 31.6, 28.26, 31.71, 31.97, 29.93, 29.63, 27.83, 28.48, 29.96, 29.53, 29.69, 30.53, 32.23, 29.39, 29.39, null, 29.78, 32.13, 29.86, 31.19, 33.2, null, 29.88, 29.54]",293.03
hot_truck_transit,23,"[31.62, 24.12, 26.22, 25.55, 24.34, 23.9, 25.66, 27.73, 29.04, 29.03, 29.85, 30.75, 32.29, 33.38, 32.96, null, 33.7, 33.87, 31.81, 31.28, null, 29.28, 29.85]",319.28
power_outage,36,"[2.27, 2.88, 2.43, null, 1.92, null, 2.72, 2.39, 2.13, 2.37, 2.33, 2.44, 2.36, 3.02, 2.61, 2.0, 2.54, null, 2.88, 2.47, 2.46, null, 2.2, 8.85, 14.73, 20.66, 26.71, 33.4, 2.66, 2.7, 2.79, 2.62, 2.2, 2.05, 2.98, 2.58]",693.57
mixed_chain,4,"[5.18, 24.3, 32.99, 32.04]",320.34
power_outage,32,"[5.91, 5.54, 17.11, 28.96, null, 13.6, 21.18, 29.29, 5.27, 5.53, 6.05, 6.24, 5.54, 5.73, 5.72, 5.09, 5.26, 4.91, 5.74, 6.19, 5.92, 5.62, 5.58, 5.5, 5.92, 5.67, 5.62, 5.27, null, 5.56, 5.72, 5.9]",628.02
market_display,15,"[28.35, 28.22, 27.03, 29.75, 28.82, 25.34, 28.76, 30.01, 27.77, 27.25, 26.93, null, 27.61, 26.72, 30.43]",322.99
market_display,87,"[27.34, 27.52, 27.7, 25.92, 27.68, 31.11, 26.21, 29.72, 29.15, 28.67, 27.26, 29.01, 30.12, 29.22, 28.23, 27.96, 27.17, 28.07, 28.6, 28.0, 27.86, 27.87, 30.15, 28.17, 28.21, 25.08, 29.11, 28.66, 28.6, null, 26.82, 27.61, 30.07, 26.27, 26.35, 26.19, 27.73, 29.87, 28.29, 29.26, 25.56, 26.94, 27.14, null, 28.13, 27.89, 28.19, 27.67, 30.34, 30.29, 29.3, 29.16, 27.34, 28.52, 25.55, 27.44, 26.09, 28.56, 27.83, 28.88, 28.74, 29.3, 27.04, 25.8, 30.29, 27.3, 27.9, 29.24, 27.6, 26.58, 30.5, 27.3, 30.17, 28.4, 29.17, 29.15, 27.47, 28.69, 30.33, 29.55, 29.36, 28.79, 27.85, 26.94, 29.88, 27.29, 27.39]",275.51
market_display,77,"[32.53, 30.82, 30.76, 32.65, 30.52, 31.13, 31.4, 32.2, 32.38, 30.7, 29.49, 33.03, 28.8, 31.99, 31.44, 31.81, 31.87, 31.21, 31.4, 31.9, 31.82, 28.16, 31.42, 32.46, 30.63, 32.05, 32.72, 31.61, 31.65, 29.87, 31.39, 32.1, 30.97, 31.04, 32.12, 31.93, 32.06, 29.62, 32.01, 29.58, 31.18, 33.83, 32.18, 31.89, 30.5, 33.35, 31.87, 28.72, 30.68, 31.83, 31.23, 32.8, 30.14, 31.71, 30.75, 31.69, 30.84, 31.57, 33.31, 29.6, 33.97, 35.67, 30.9, 33.18, 32.58, 32.42, 30.59, 30.36, 30.93, 30.99, 30.02, null, 32.71, 33.35, 30.41, 34.43, 29.78]",262.27
mixed_chain,44,"[6.28, 5.68, 5.86, 6.03, 5.28, 6.03, 6.2, 5.71, 6.49, 5.67, 5.12, 5.76, 5.26, 5.98, 6.23, 5.34, 6.11, 6.05, 5.51, 5.72, null, 19.7, 19.52, 19.66, 20.94, 19.25, 21.22, 23.27, 21.19, 24.39, 24.85, 26.15, 26.89, 28.58, 27.65, 27.91, 30.88, 27.56, 28.26, 28.93, 27.81, 26.96, 25.09, 29.55]",312.87
power_outage,4,"[12.89, 19.53, 26.66, 34.36]",302.48
stable_cold,90,"[4.28, 4.93, 4.16, 4.8, 4.09, 4.32, 3.92, 4.53, 4.92, 4.31, 4.27, 3.9, null, 3.71, 3.98, 4.43, 4.87, 5.47, 4.11, 4.92, 4.44, 4.28, 4.52, 4.37, 4.39, 4.18, 3.78, 3.73, 4.61, 4.23, 4.11, 4.35, 4.66, 4.42, 4.08, 4.83, 4.98, 4.54, 4.73, 4.84, 4.8, 4.59, 4.58, 4.55, 3.9, 4.62, 3.8, 4.03, 4.87, 4.68, 4.94, 4.24, 3.88, 4.25, 4.38, 4.38, 4.8, 4.2, 4.48, 3.95, null, 4.35, 4.04, 4.25, 4.27, 4.24, 5.05, 4.3, 4.25, 3.5, 3.99, 4.24, 4.07, 4.9, 4.28, null, 4.37, 4.36, 4.31, 4.35, 5.03, 3.42, 3.54, 4.13, 4.35, 4.62, null, 4.19, null, 4.76]",597.14
stable_cold,79,"[4.08, 3.89, 3.57, 4.37, 4.0, 3.44, 4.47, 3.16, 3.01, 3.43, 3.29, 3.45, 3.92, 3.58, 3.59, 3.62, 2.67, 2.99, 3.44, 3.26, 3.5, 4.16, 3.57, 3.07, 3.28, 4.28, 4.21, 3.83, 2.97, 3.72, 3.75, 3.61, 3.37, 3.45, 3.34, 3.14, 4.14, 3.95, 3.48, 3.74, 3.75, 4.53, 3.94, 3.93, 3.61, 3.42, 4.15, 3.86, 3.26, 3.78, 3.93, 2.76, 3.23, 3.74, 2.83, 2.89, 3.49, 3.79, 3.81, 4.23, 3.63, 3.45, 3.07, 3.44, 3.88, 3.9, 3.7, 3.81, 4.11, 3.63, 4.14, 3.31, 3.57, 3.4, 3.91, 3.19, 3.47, 2.85, 3.83]",627.13
market_display,32,"[28.97, null, 28.2, 26.96, null, 26.58, 27.07, 26.27, 30.05, 27.43, 27.79, 26.43, 30.26, 27.5, 27.1, 27.21, 27.55, 27.44, 26.19, 28.84, 26.47, 28.78, 26.21, 28.01, 26.57, 26.93, 28.38, 29.22, 29.99, 28.25, 27.8, 26.65]",338.58
market_display,51,"[31.88, 34.71, null, null, 31.39, 31.81, 30.63, 30.93, null, 32.31, 32.19, 29.73, 29.76, null, 31.21, 31.56, 32.07, 32.91, 33.45, 31.92, 30.67, 32.56, 31.91, 32.25, 33.13, 31.22, 33.43, 29.98, 32.56, null, 31.96, 32.08, 31.26, 30.92, 30.67, 32.03, 32.45, 33.87, 31.38, 29.84, 32.25, 29.6, 33.61, 32.6, 30.48, 29.78, 30.65, 32.32, 30.76, 32.58, 32.81]",267.85
mixed_chain,34,"[4.53, 5.15, 4.67, null, null, 4.64, 5.16, 4.08, 4.19, 4.78, 3.41, null, 28.98, null, 23.15, 24.62, 24.49, 24.56, 24.05, 26.21, 31.42, 31.75, 31.3, 30.67, 32.06, 32.94, 34.29, 32.55, 33.55, 32.13, 32.81, 31.31, 32.28, 30.75]",307.17
stable_cold,57,"[3.22, 4.12, 3.56, 4.32, 3.81, 4.43, null, 3.74, 3.36, 3.36, 3.86, 3.7, 3.41, 3.98, 3.66, 3.98, 3.25, 4.04, 3.85, 4.12, 4.04, null, 3.58, 4.36, 3.53, 3.94, 3.49, null, 3.15, null, 3.93, 3.81, 4.1, 3.8, null, 3.88, 3.71, 3.41, 3.83, 3.68, 3.4, 3.57, 4.21, 4.2, 3.72, 3.67, null, 4.33, 4.06, 3.95, null, 3.66, 3.59, 3.92, 3.46, null, 3.89]",647.6
power_outage,21,"[4.73, 4.05, 4.01, 3.99, 4.24, 8.73, 14.57, 20.12, 24.95, 30.4, 4.76, null, 3.45, 3.7, 4.05, 3.88, 4.15, 4.03, 4.47, 3.8, 4.06]",676.74
power_outage,88,"[2.46, 2.73, 2.35, 2.19, 2.5, 1.84, 1.74, 2.54, 2.31, 2.54, 1.99, 2.63, 2.45, 2.24, 2.31, 11.29, 19.86, 28.94, 2.35, 2.12, 1.81, 2.34, null, 7.93, 13.13, 18.58, null, 29.08, 1.61, 2.6, 1.98, 1.91, 1.92, 2.99, 2.38, 1.94, 2.04, 2.25, 2.41, 2.33, 1.97, 2.34, 2.06, 2.56, 2.26, 2.02, 2.45, 2.36, 2.11, null, 2.44, 2.61, 2.46, 2.18, 1.74, 2.3, null, 2.26, 1.34, 2.45, 1.97, 2.45, 2.76, 2.17, 2.38, 2.26, 2.41, 2.28, 2.09, 1.98, 2.73, 2.38, 2.5, 2.37, 2.54, 1.98, 2.27, 2.4, 2.64, 3.05, 2.37, 2.05, 1.89, null, 2.02, 1.38, 2.05, 2.46]",643.13
stable_cold,32,"[5.44, 5.65, 4.99, 5.4, 5.91, 5.86, 5.15, 5.25, 5.08, 5.21, 4.91, 5.42, 5.72, 5.16, 5.43, 5.38, 5.89, 5.23, 5.24, 5.13, 5.02, 5.68, 5.42, 5.49, 5.98, 6.0, 4.81, 5.73, 5.56, 5.29, 5.6, 4.78]",653.0
hot_truck_transit,27,"[32.24, 22.53, 22.78, 22.26, 24.15, 21.75, 23.79, 24.42, 25.0, 28.3, null, 28.02, 31.08, 30.36, 30.7, 30.47, 30.84, 30.09, 29.21, 27.85, 28.04, 26.5, 25.56, 25.5, 23.74, 23.42, 28.91]",324.74
market_display,2,"[28.35, 27.42]",362.09
market_display,60,"[31.92, 30.29, 29.47, 31.17, 29.87, 30.98, 30.59, 29.28, 31.8, 28.46, 29.36, 31.2, 33.88, 28.32, 30.29, 27.61, 30.26, 29.65, 30.48, 32.13, 31.48, 30.02, 31.29, 30.54, 29.2, 30.39, 31.02, 34.91, 32.04, 31.33, 28.32, 30.7, 32.19, 31.14, 31.86, 31.1, null, 28.43, 32.47, 31.47, 31.91, 30.66, 31.14, 31.38, 30.29, 29.55, 29.17, 30.35, 29.46, 29.63, 32.27, 32.45, 30.08, 32.06, 30.28, 30.05, 30.95, 29.61, 30.1, 32.11]",265.17
hot_truck_transit,43,"[26.7, 25.23, 25.35, 23.52, 25.11, 24.67, 23.95, 26.77, 27.09, 28.08, 29.69, 29.38, 31.58, 30.87, 33.21, null, 33.23, 31.97, 30.63, 29.56, 28.55, 28.0, 26.55, 26.4, 24.66, 24.17, 23.97, 23.52, 24.0, 25.14, 24.6, 25.17, 26.96, 27.22, 30.24, 29.58, 31.0, 31.96, 30.99, 31.46, 31.5, 32.23, 36.41]",255.4
mixed_chain,57,"[5.13, 4.88, 5.07, 5.31, 5.06, 5.2, 4.52, 5.22, 4.99, 4.97, 5.19, 5.21, 4.9, 4.04, 5.33, 4.58, 4.91, 5.05, 3.94, 4.64, 4.85, null, 5.14, 4.42, 29.74, 22.92, 22.52, 21.94, 21.24, 21.18, 22.37, 23.53, 24.82, 26.53, null, 27.25, 29.18, 28.8, 29.3, 29.86, 29.64, 28.51, 29.36, 32.68, 34.41, 30.9, 31.79, 30.22, 31.2, 33.98, 32.2, 31.84, 30.78, 30.1, 33.26, 32.26, 30.79]",291.02
stable_cold,72,"[2.52, 2.63, 2.31, 2.66, 2.15, 2.54, 3.43, 3.11, 3.03, 2.55, 2.34, 2.5, 2.93, 3.3, 3.31, 3.2, 2.66, 2.96, 2.82, 2.87, 3.77, 2.25, null, 3.44, 2.37, 2.69, 2.74, 2.86, 2.31, null, 3.22, 3.15, 2.6, 2.99, 2.59, 2.82, 3.81, 2.99, 2.48, 3.02, 2.41, 2.47, null, 2.77, 3.33, 3.18, 3.16, 2.51, 2.74, 3.06, 2.7, null, null, 2.81, 3.04, 3.59, 2.88, 3.42, 3.18, 2.36, 2.51, 2.62, 2.61, 2.92, 3.2, 3.45, 3.07, 2.77, null, 2.98, 2.96, 3.02]",651.57
hot_truck_transit,59,"[24.96, 19.18, 18.73, 18.83, 17.24, 19.75, 20.22, 19.05, 23.37, 22.48, 22.62, 24.73, 24.58, 24.66, 26.13, 26.3, 25.08, 25.32, null, null, 24.03, 22.59, 21.42, 19.02, 19.63, 18.15, 17.24, 19.18, 17.55, 19.09, 19.26, null, 22.42, 22.0, 23.09, 23.89, 25.45, 25.82, 25.78, 25.74, 26.31, 25.42, 26.69, 24.06, null, 22.41, 21.21, 21.2, 20.12, 19.46, null, 17.19, 18.97, 18.82, 19.24, 23.25, 20.27, null, 26.66]",319.03
hot_truck_transit,15,"[30.28, 23.72, 23.89, 22.97, 21.59, 22.87, 25.47, 24.73, 26.81, 26.84, 29.09, 29.49, 29.07, 29.93, 33.93]",296.28
hot_truck_transit,9,"[28.57, 22.39, 22.95, 23.6, 21.95, 22.62, 22.76, 22.3, 29.07]",341.11
mixed_chain,31,"[4.98, 4.73, 4.65, 4.4, 4.56, 4.26, 4.24, 4.78, 4.11, 23.74, 21.23, 22.02, 21.69, 21.4, 21.35, 22.25, 23.53, 23.9, 25.63, 30.24, 27.73, 26.43, 26.62, 27.76, 29.38, 26.8, 29.91, 26.4, 28.32, 28.3, 28.56]",328.58
market_display,42,"[27.1, 29.67, 28.01, 27.88, 27.16, 29.07, 29.95, 28.75, 28.65, 30.87, 27.1, 31.21, null, 28.9, 29.49, 30.22, 27.13, 29.24, 28.31, 30.24, 28.29, 26.72, 29.49, 29.01, 31.18, 30.2, 27.99, 30.21, 29.16, 29.9, 28.14, 28.59, 29.83, 29.92, 26.52, 29.74, 28.03, 29.33, 27.06, 30.11, 29.86, 28.06]",315.22
power_outage,71,"[5.69, null, 4.83, null, 4.78, 5.65, 5.69, 5.55, 5.13, 5.42, 5.09, 5.26, 5.23, 4.66, 5.01, 5.94, 5.23, null, 5.25, 5.13, 5.27, 5.13, 4.57, 5.49, 5.74, 4.91, null, 5.71, 5.02, null, 6.55, 5.45, 5.28, 5.52, 5.49, 5.06, 4.74, 5.43, null, 5.17, 5.75, 5.69, 5.49, 5.17, 4.63, 5.2, null, 4.55, 5.45, 5.61, 4.67, 5.18, 10.79, 16.25, 21.47, 27.82, 32.56, 10.21, 15.93, 22.02, null, 32.73, 5.41, 5.36, 4.56, 5.41, 5.61, 5.22, 5.19, 5.82, 5.04]",602.41
mixed_chain,83,"[null, 4.55, 4.87, null, 4.8, 4.94, 5.22, 4.66, 5.62, 4.44, null, 5.12, 5.13, 5.35, 4.95, null, 4.98, 5.29, 5.37, 4.95, 4.81, 4.54, 5.03, 4.76, 4.24, 4.9, 4.98, 5.27, 26.17, 21.35, 21.97, 21.79, 21.98, 21.9, null, 23.86, 23.89, 26.31, 26.42, 27.25, 28.77, 30.76, 28.13, 30.96, 29.47, 26.13, 28.71, 28.5, 28.8, null, 27.57, 28.3, 27.93, 30.86, 29.76, null, 28.34, 28.43, 28.81, 29.63, 26.57, 28.95, 27.85, 28.8, 27.64, 27.01, null, 27.69, 28.19, null, null, 28.36, 27.43, 25.07, 25.64, 27.91, 28.35, null, 26.95, 26.8, 28.23, 26.54, 26.58]",300.95
hot_truck_transit,28,"[28.07, 22.97, 24.27, 23.0, 22.66, 22.48, 24.24, 24.63, 25.44, 26.67, 28.42, 28.36, 29.87, 31.46, 30.71, 30.43, 31.99, 30.68, 29.97, 29.7, 28.25, 27.34, 24.99, 24.61, 25.95, 22.99, 23.48, 28.62]",326.24
stable_cold,4,"[1.94, 2.8, 1.64, 2.75]",725.31
hot_truck_transit,71,"[27.57, 22.88, null, 23.05, 21.91, 24.06, null, 23.84, 26.87, 25.44, 27.3, 29.11, 27.89, 29.97, 28.93, 30.33, 31.79, 27.88, 29.07, 27.93, 26.53, 25.07, 26.14, 24.46, 21.98, null, 21.99, 21.04, 22.5, 23.04, 23.66, 25.91, 24.51, 25.92, 26.91, 28.98, 29.72, null, 31.32, 29.57, 30.84, 30.4, 29.44, 28.03, 27.08, 26.68, 25.68, null, 24.04, 23.11, 23.56, 21.82, 22.47, 22.39, 25.42, 24.91, 26.07, 26.65, 27.29, null, 30.1, 29.51, 29.94, 30.48, 29.73, 29.48, 27.91, 26.38, 28.91, 25.89, 27.22]",296.25
mixed_chain,3,"[4.75, 23.74, 30.6]",333.34
mixed_chain,12,"[2.49, 2.71, 2.85, 2.75, 4.12, 21.72, 22.6, 26.45, 25.78, 27.0, 27.84, 26.39]",364.55
power_outage,54,"[null, 2.29, 2.12, 2.61, 2.67, 2.48, 2.41, 2.15, 2.53, 2.2, 2.01, 2.73, 2.08, 1.82, 2.78, 1.86, 2.27, 2.06, 2.17, 3.05, 2.36, null, 2.62, 2.19, 2.71, 2.5, 2.61, 2.17, 2.52, 2.38, 2.73, 2.23, 3.0, 2.49, 2.35, 2.31, 2.39, 2.2, 2.59, null, 22.68, 31.83, null, 2.26, 2.95, 1.95, 2.42, 2.48, 2.05, 3.18, 2.11, 2.4, 2.89, 2.28]",683.44
power_outage,15,"[2.27, 2.05, 10.6, 19.85, 29.06, 2.3, 2.51, 2.59, 2.21, 1.87, 2.46, 2.34, 2.26, 2.71, 2.48]",718.5
power_outage,20,"[2.52, 2.93, 2.9, 3.1, 3.38, 3.61, 18.2, 33.36, 3.27, 3.06, 3.43, 3.44, 2.49, 3.49, 3.34, 3.38, 3.66, 2.77, 2.93, 3.28]",695.8
market_display,35,"[null, 28.47, 26.28, 25.59, 27.04, 26.01, 25.75, 26.46, 25.77, 28.95, 26.16, 26.44, null, 29.1, 26.21, 24.23, 26.38, 24.43, null, 28.27, 25.51, 25.22, 27.51, 26.21, 27.93, 26.14, 27.25, 24.62, 25.35, 26.25, null, 29.47, 27.69, 27.66, 26.27]",339.78
market_display,84,"[26.57, 24.11, 27.89, 27.86, 26.17, 26.52, 27.07, 27.39, null, 25.86, 25.59, 28.68, 28.36, 25.58, 25.82, 25.62, 25.11, 29.24, 26.01, 27.81, 26.49, null, 26.55, null, 26.67, 27.79, 28.28, 26.15, 27.14, 24.93, 26.27, 26.92, 26.66, 26.76, 27.51, 27.77, null, 27.11, 26.52, 26.32, 28.57, 24.79, 26.83, 28.62, 26.98, 25.75, 26.63, 29.02, 28.3, 26.27, 28.74, 27.66, null, 26.77, 29.08, 26.71, null, 25.17, 25.32, null, 27.92, 26.86, 27.94, 26.18, null, 27.36, 26.55, 27.39, 27.14, 26.49, 29.16, 25.65, 27.08, 26.78, 27.26, 26.95, 28.19, 27.27, 26.11, 25.66, 25.97, 25.92, null, 26.8]",285.89
mixed_chain,76,"[2.86, 2.01, 3.1, 3.41, 2.1, 3.26, 3.09, 2.98, 2.85, 2.92, 3.18, 2.92, 3.91, 2.58, 3.49, 2.78, 2.67, 3.24, 2.71, 3.53, 2.53, 3.34, 3.07, 2.77, 2.44, 2.44, 2.49, 3.27, 27.13, 19.84, 19.65, 17.62, 18.68, 18.9, 19.19, 21.14, 22.2, 24.07, 24.7, 24.78, 25.61, 27.9, 27.29, 27.94, 25.75, 25.22, 25.52, 25.8, 25.33, 22.41, 22.41, 21.35, 19.26, 23.08, 29.84, 34.41, 30.1, 30.82, 31.81, 31.66, null, 30.16, 29.74, 31.49, 30.28, 30.5, 30.41, 30.41, 29.63, 30.09, 30.93, 32.73, 33.81, 32.48, 31.66, 32.6]",265.16
market_display,32,"[26.67, 28.34, 26.38, 27.06, 26.79, 27.37, 27.67, 27.06, 30.27, null, 26.39, 28.66, 28.53, 25.5, 24.54, 27.34, 26.92, 24.11, 27.24, 27.14, 26.35, null, 26.82, 26.61, 27.09, 25.45, 25.99, 23.7, 27.55, 28.18, 27.42, 27.33]",333.2
power_outage,84,"[null, 4.2, 3.57, 2.89, 3.86, 3.55, 3.29, null, 2.8, 3.35, 3.48, 3.82, 4.24, 3.49, 3.71, null, 3.57, 3.71, 3.2, 4.16, 3.35, 3.65, 3.64, 3.59, 3.44, 3.64, 4.09, 4.25, 3.51, null, null, 4.37, 3.61, null, null, 4.23, 3.49, 3.24, null, 3.84, 3.7, 4.03, 3.72, 4.04, 3.64, 3.84, 3.73, null, null, 18.19, 33.13, 3.43, null, 3.69, 3.63, 3.63, 3.4, 3.48, 3.07, 3.53, 3.27, 3.6, 3.35, 2.95, 4.24, 3.5, 4.0, 3.41, 4.08, 3.22, 3.62, 3.24, 4.35, 3.49, 3.82, 3.7, 3.56, 3.72, 3.98, 3.77, 3.62, null, 4.14, 3.44]",627.72
power_outage,72,"[5.38, 5.82, null, 6.03, null, 5.42, 5.29, 5.49, null, 6.06, null, 5.82, 6.01, 5.84, null, 5.55, 6.15, 5.52, 5.88, 12.15, 18.25, 25.32, 31.95, 5.55, null, 5.79, 5.82, 5.51, 5.5, 5.28, 5.67, 6.01, 6.01, 5.42, 6.2, 5.49, 5.29, 5.19, 5.27, null, 5.52, 5.41, 5.34, 5.27, 5.33, 5.9, null, 6.16, 11.08, 16.01, 21.24, 26.95, 31.93, 5.72, 6.18, 5.66, 6.28, 5.26, 5.73, 5.69, 5.3, 5.84, null, 6.26, 5.72, 5.03, 5.74, 5.82, 5.53, 5.66, 5.45, 5.56]",592.09
hot_truck_transit,31,"[26.94, 22.0, 19.87, 19.05, 20.52, 20.14, null, 22.12, 24.55, null, 25.98, 26.24, 29.39, 27.21, 26.09, 28.87, 27.71, 28.29, 27.44, 26.24, 25.37, 24.99, null, 22.54, 21.44, null, 21.85, 19.49, 20.8, 20.55, 24.07]",366.42
hot_truck_transit,37,"[26.38, 21.52, 20.52, 19.34, 21.46, 22.49, 21.79, 22.64, 23.49, 23.5, 25.15, 27.19, 27.59, 29.39, 29.02, 28.23, 28.96, 27.86, 26.07, 27.39, 26.0, 26.91, 23.09, 23.15, 21.14, 20.4, 22.56, 18.91, 20.66, 22.48, 20.49, 22.15, 24.24, 23.59, 25.85, 25.92, 32.52]",289.78
hot_truck_transit,20,"[25.53, 20.84, 18.38, null, 19.04, 20.34, 20.05, 20.84, 21.67, 23.53, 24.84, 24.32, 25.71, 25.24, 25.24, null, 27.41, 26.89, 27.39, 26.83]",351.31
power_outage,66,"[5.23, 5.36, 5.43, 5.73, 4.89, 4.82, 5.32, 5.36, 4.84, 5.22, 5.9, 5.11, 5.36, 5.55, 5.83, 5.15, 5.45, 4.84, 5.09, 4.94, 4.51, 4.6, 14.81, 24.42, 33.57, 5.55, 19.15, 33.96, 4.95, 5.11, 5.35, 5.31, null, 5.25, 4.7, 5.42, 4.76, 5.05, 4.97, 5.18, 4.93, null, 5.56, 4.69, 5.08, 4.74, 5.28, 4.86, 5.09, 4.68, 5.47, 5.1, 5.12, 5.33, 4.7, 4.89, 5.13, 4.55, 4.58, 4.83, 4.74, 4.98, null, 5.3, 5.62, 5.07]",609.59
power_outage,5,"[10.98, 17.79, 25.16, 32.82, 3.39]",707.38
mixed_chain,40,"[3.25, 3.2, 3.15, 4.03, 3.9, 4.18, 3.9, 3.7, 3.53, 4.05, null, 3.32, 3.42, 3.71, 3.65, null, 25.6, 22.05, 23.09, 21.34, null, 22.25, 22.7, 22.54, 23.92, 25.31, 27.81, 28.47, 32.19, 34.98, 33.42, 32.16, 32.97, 34.77, 31.53, 32.39, 33.37, 32.47, 30.87, 31.5]",298.44
mixed_chain,21,"[1.89, 2.1, null, 1.82, 1.63, 2.41, 1.14, 1.5, 2.03, 26.88, 18.71, 19.47, 18.44, 22.37, 34.28, 31.91, 33.58, 30.01, null, 31.2, 32.17]",307.99
market_display,85,"[24.12, 25.3, 25.59, 24.45, 26.96, 25.96, 24.87, 25.5, 25.95, 28.3, 26.38, 24.93, 25.1, 25.41, 26.59, 26.37, 26.46, 25.78, 24.02, 26.54, 24.96, 26.54, 24.41, 25.87, 26.78, 28.28, 25.25, 27.64, 27.14, 25.47, 25.92, 25.25, null, 24.17, 24.73, 22.87, 26.08, 27.74, 26.23, 26.0, 25.21, 28.23, 27.2, 24.43, 28.46, 27.8, 24.7, 26.91, 25.75, 23.61, 24.87, 26.89, 26.73, 29.28, 26.19, 23.8, 24.79, 25.43, 25.61, 25.56, 26.34, 27.75, 26.43, 23.64, 26.39, 23.78, 25.15, 28.03, 23.49, 28.28, 26.56, 26.32, 24.3, 26.01, 25.32, 24.87, 25.76, 28.74, 26.85, 25.64, 26.36, 25.39, 26.76, 24.43, 26.94]",285.89
hot_truck_transit,77,"[31.8, 23.68, 23.6, 25.23, 22.98, 22.9, 24.44, 26.11, 27.88, 27.8, null, 29.85, 31.29, 31.5, 32.04, 30.28, 30.57, 31.13, 31.51, 29.14, 28.98, 27.91, 25.91, 25.19, 24.93, 24.02, 24.57, 23.44, 24.62, 24.02, 24.97, 26.42, 26.66, 27.44, 28.76, 30.49, null, 29.52, 31.06, 31.21, 32.11, 29.71, 30.83, 30.29, 29.32, 27.71, 25.45, 25.57, null, 23.84, 25.66, 24.43, 23.8, 24.49, 25.25, 25.31, 26.41, 29.37, 30.01, 29.47, 29.98, 29.97, 33.37, null, 32.64, 30.81, 30.12, 29.04, 26.28, 27.08, 27.0, 25.98, null, 24.84, 23.37, null, 29.25]",273.3
power_outage,73,"[3.15, 3.03, 2.83, 3.02, 3.62, 3.08, 3.29, 2.78, 3.0, 2.79, 3.48, 2.62, 3.2, 3.19, 3.17, 2.39, 9.26, 16.67, 23.14, 30.0, 2.96, 2.77, 2.72, 3.09, null, 2.94, 2.89, 3.08, 3.81, 2.8, 3.21, 3.16, 3.26, 16.57, 30.62, 3.3, 3.3, 2.67, 3.12, 2.94, 2.83, 2.9, 3.07, 3.23, 3.38, 3.37, 3.18, 3.11, 2.99, 3.02, 2.86, 2.96, 3.2, 3.55, 3.04, 2.85, 3.38, 2.49, 3.4, 2.66, 3.29, 2.95, 3.19, 3.71, 2.84, 2.79, 3.11, 3.55, 3.14, 3.1, 3.14, 2.79, 3.14]",643.57
stable_cold,87,"[6.42, 5.61, 6.01, 5.45, 5.43, 5.36, 4.81, 6.15, 5.37, 5.31, 5.16, 5.55, 6.34, 6.47, 4.97, 5.49, 5.22, 6.03, 5.75, 5.38, 5.66, 5.44, 6.28, 5.85, 5.9, 4.56, 5.6, 6.46, 6.16, 4.89, 5.51, 5.15, 6.32, 5.73, 5.32, 5.64, 4.59, 5.2, 5.65, 5.97, 4.85, 5.48, 6.04, 5.05, 5.72, 5.66, 6.32, 5.54, 5.56, 5.97, 5.1, 5.54, 5.45, 5.58, 5.97, 5.85, 5.33, 5.69, 6.23, 5.3, 5.69, 5.55, 5.61, 4.98, 6.2, 5.32, 6.04, 5.38, 5.38, 6.12, 6.03, 5.71, 5.94, 5.52, 5.63, 5.37, 5.99, 5.35, 6.23, 5.5, null, 5.93, 5.64, 5.51, 5.62, 5.99, 5.37]",585.91
power_outage,59,"[1.86, 2.45, 2.81, 2.34, 2.17, 1.74, 2.86, 2.09, 1.82, 2.28, 2.55, null, 2.04, 2.21, 2.24, 2.54, 2.42, 2.33, 2.52, 1.84, 2.37, 2.31, 2.23, 2.17, 2.28, 8.8, 16.52, 22.84, 29.48, 2.08, 1.96, 2.18, 2.28, 1.81, 2.39, 2.57, 1.57, 1.97, 2.61, 2.36, 1.98, 2.46, 2.07, 2.17, 1.9, 2.25, 2.55, 2.1, 2.44, 2.23, 2.57, 2.1, 2.71, 2.45, 2.32, 2.33, 2.1, 2.09, 2.32]",677.43
mixed_chain,14,"[4.64, 5.07, 4.66, 4.31, 32.63, 22.34, 24.53, 27.5, 29.21, 29.82, 28.16, 25.83, 27.84, 27.77]",348.74
hot_truck_transit,56,"[28.56, 23.39, 22.48, 22.98, 21.78, 24.54, 24.03, 23.68, 26.46, 25.52, 27.45, 28.5, 28.91, 29.78, 30.33, 29.55, 30.49, 29.88, 30.8, 29.6, 26.86, 26.3, 24.82, 24.21, 24.27, 22.87, 22.15, 22.9, 21.0, 22.64, 24.68, 25.55, 26.42, 25.43, 26.46, 28.02, 29.25, null, 28.93, 31.15, 30.88, 29.4, 29.81, 29.17, 25.54, 26.93, 25.33, 22.4, 24.4, null, 21.27, 22.73, 22.69, 23.38, 22.04, 29.19]",296.09
hot_truck_transit,88,"[25.86, 21.52, null, null, 19.64, 20.82, 21.41, 22.35, 23.01, 24.48, 23.32, 26.86, null, null, 28.36, 29.68, 28.22, 28.04, null, 27.96, 24.52, 24.0, 24.01, 22.73, 22.07, 18.77, 18.9, 21.76, 21.09, 21.15, 20.51, 22.0, 23.75, 23.22, 24.8, 26.63, 27.63, 27.38, 28.98, 29.09, 26.76, 29.11, 28.09, 26.5, null, 24.96, 23.72, 22.11, 22.79, 19.18, 19.94, 20.69, 20.43, 21.43, null, null, 24.22, 23.14, 25.17, 25.91, 27.45, 28.11, null, 28.1, 28.25, 27.66, 27.13, 27.5, 24.4, 24.6, 22.54, 23.9, 21.57, 19.85, 20.28, 19.16, null, 21.36, 22.59, 23.2, 23.21, 24.79, 26.01, 28.13, 26.68, 29.0, 27.32, 34.32]",237.33
stable_cold,40,"[2.35, 3.84, 2.29, 2.86, 3.5, 2.42, 3.22, 3.49, 3.03, 3.22, 3.7, 3.78, 2.97, 2.79, 2.63, 3.39, 2.45, 2.9, 3.04, 2.8, 3.11, 4.02, 2.95, null, 3.4, 3.09, 3.57, 3.06, 2.9, 2.28, 2.35, 2.26, null, 2.45, null, 3.01, 2.9, 2.66, 3.25, 2.68]",690.59
power_outage,58,"[4.02, 3.93, 4.48, 4.09, 3.87, 3.47, 13.58, 23.09, 32.71, 4.29, 4.04, 3.51, 4.2, 3.54, 4.22, 3.87, 4.04, 4.0, 3.97, 4.07, 4.04, 4.57, 4.08, 4.09, 3.8, 4.13, 3.7, 4.36, 3.57, 3.76, null, 4.14, 3.88, 4.22, 3.72, 4.17, 4.19, 4.08, 4.02, 4.05, 3.74, 3.69, 4.18, 3.9, 4.15, 4.48, 3.87, 3.83, 3.91, 4.02, 4.2, 4.0, 4.64, 4.14, 4.25, 4.0, 4.32, 3.95]",642.72
mixed_chain,81,"[3.94, 4.87, 4.68, 3.97, 4.76, 4.53, 5.03, 4.52, 3.91, 4.4, 4.5, 4.36, 4.79, 4.99, 4.77, 4.17, 4.72, 4.55, 4.26, 5.15, 4.61, 4.26, 4.53, 4.67, 24.72, 20.26, 18.49, 18.53, 19.11, 19.35, 19.9, 21.97, 23.32, 22.57, 24.52, 26.56, 27.14, 26.81, 27.08, 28.82, 28.57, 28.27, 26.26, 25.43, 23.75, 23.81, 22.23, 21.61, 18.93, 19.81, 20.8, 19.73, 23.29, 32.28, 28.94, 31.05, 30.41, 31.35, 31.61, 30.57, 30.86, 32.93, 35.63, 31.74, 31.14, 30.11, 30.72, 30.89, 30.99, 28.2, 30.09, 30.52, 30.39, 31.26, 32.97, 31.52, 31.38, 31.74, 32.51, 34.27, 31.18]",267.55
power_outage,76,"[3.22, 3.51, 3.44, 3.6, 3.99, 4.24, 3.58, 3.41, 3.57, 3.37, 2.96, 3.42, 3.76, 3.0, 3.14, 3.26, 3.55, 4.15, 3.2, 3.47, null, 3.35, 3.42, 3.3, 4.26, 3.66, 3.3, 17.42, 30.77, 3.46, 3.38, 3.36, 3.07, 2.94, 3.55, 3.38, 3.7, 3.17, 3.11, 3.67, 3.35, 3.69, 3.45, 4.0, 3.66, 3.56, 3.68, 3.36, 2.95, 3.55, 4.02, 2.75, 3.58, 2.98, 3.43, 3.46, 3.66, 3.5, 3.85, 3.79, 3.38, 3.77, 3.34, 3.29, 3.08, 3.83, 3.35, 2.71, 3.6, 3.31, null, 3.37, 3.34, null, 3.94, 3.65]",632.36
stable_cold,90,"[2.14, 2.71, 1.55, 2.26, 1.97, 1.8, 2.43, 1.42, 1.06, 2.09, 1.95, 1.46, 1.32, 2.78, null, 2.01, 2.88, 2.41, 2.71, 1.53, 1.52, 2.25, 2.17, 2.5, 1.35, 2.28, 2.4, 2.38, 1.84, 2.21, 1.69, 1.89, 1.59, 1.7, 1.91, null, 1.7, 1.48, 2.79, 1.8, 2.13, 1.3, 2.55, 2.07, 1.83, 1.83, 2.35, 0.82, 1.67, 1.96, 1.95, 3.0, 1.87, 2.4, 2.73, null, 1.73, 1.49, 2.3, 2.66, 2.22, 2.5, 3.04, 2.34, 1.56, 2.02, 2.55, null, 2.61, 1.98, 2.14, 1.86, 2.07, 2.09, 1.36, 1.83, 1.51, 1.84, 1.68, 2.41, 2.41, 2.23, 1.5, null, 1.46, 1.94, 2.26, 2.4, 2.19, 2.51]",646.11
stable_cold,82,"[5.05, 5.55, 5.33, 5.32, 4.72, 5.44, 5.64, 5.24, 5.25, 4.58, 5.5, null, 5.21, null, 5.02, 4.91, 4.94, 5.34, 5.19, 5.48, 5.23, 4.74, 4.88, 4.86, null, 5.8, 5.86, 5.42, 5.13, 4.54, 5.17, null, 5.73, null, null, 4.73, 5.08, 5.35, 5.49, null, 5.39, 4.82, 5.18, 5.48, 5.21, 4.87, 4.97, null, 4.65, 4.7, 5.32, 4.91, 4.5, 5.62, 4.64, 5.0, 4.83, 4.96, 4.73, 5.37, null, 5.48, 4.84, 5.94, 4.32, 4.45, null, 5.27, 5.22, 5.25, 5.31, 5.2, 4.7, 5.41, 5.35, 5.65, 5.79, 5.21, 4.59, null, 4.67, 5.22]",594.8
power_outage,88,"[3.93, 13.49, 21.42, 30.9, 3.84, 3.92, null, 3.99, 3.25, 4.29, 4.34, 4.06, 4.04, 4.0, 3.6, 3.56, 4.35, 4.43, 4.29, 4.22, 4.34, 4.32, 3.87, 4.18, 4.02, 4.03, 4.45, 4.58, 3.41, 4.03, 4.02, 4.46, 3.67, 3.21, null, 4.4, 3.57, 4.07, 4.57, 3.79, 4.14, 4.26, 3.68, 3.94, 3.6, 4.06, 3.87, 4.17, 4.3, 4.53, 4.81, 4.17, 4.02, 4.0, 3.82, 4.24, 3.96, 4.27, 3.83, null, 4.24, 4.07, 3.53, 4.11, null, 4.46, 4.4, 3.43, 4.35, 4.23, null, null, 3.73, 4.45, 3.92, 3.65, 4.75, 3.65, 3.87, 3.93, null, null, null, 4.41, 4.22, null, 4.27, 4.18]",608.46
hot_truck_transit,96,"[32.25, 24.29, 24.93, 23.63, 24.28, null, null, 26.61, 26.88, 26.89, 29.6, 27.72, 30.09, 30.05, 32.74, 31.57, 31.84, 31.62, null, null, 29.59, 27.7, 27.56, 25.39, 24.76, 23.22, 25.39, 23.12, 25.18, 24.88, 25.24, 26.21, 26.03, 29.2, 28.66, 30.72, 30.31, 30.23, 33.36, 31.43, 32.15, 28.96, 30.68, 30.4, 29.06, 27.83, 26.71, 26.61, 24.05, 24.26, 25.2, 22.73, 23.96, 23.57, 25.33, 25.94, null, 27.93, 29.0, 29.43, 30.41, 30.86, 29.95, 32.65, 32.73, null, 31.71, 30.23, 28.07, 27.75, 26.31, 26.65, 24.35, 26.15, 24.98, 22.93, 25.36, 25.03, 24.96, 26.45, 27.62, 27.31, 29.62, 29.57, 31.39, 31.27, 30.97, 32.42, 31.47, 31.5, 31.07, 31.09, 28.6, 27.23, 28.19, 30.14]",248.49
hot_truck_transit,10,"[25.4, 21.9, 21.93, 21.58, 22.82, 21.32, 22.68, 23.79, 24.97, 32.0]",315.93
hot_truck_transit,89,"[33.75, 26.11, 26.33, 26.6, 24.45, 25.79, 26.21, 26.93, 28.29, 28.07, 30.37, 31.66, 31.63, 32.71, 33.51, null, 32.19, 33.66, 33.04, 31.04, 32.01, null, null, 28.18, 25.98, 25.89, 26.26, 24.99, 25.49, 26.65, null, 27.65, 28.65, 29.49, 31.35, 33.3, 32.7, 34.12, 33.15, null, 32.87, 32.36, 32.23, 32.34, 31.47, 29.23, 28.34, 27.63, null, null, 25.45, 25.47, 26.85, 25.95, 26.34, 27.56, 28.66, null, 30.31, 31.97, 34.06, null, 34.11, 33.78, 34.42, 32.6, 33.34, 32.75, 31.82, 30.77, 28.75, 28.1, 26.47, 24.39, 25.97, 25.5, 26.54, null, 25.95, 29.5, 28.91, 28.61, 29.75, 29.89, 33.07, 32.68, 32.82, 33.12, 38.04]",206.76
stable_cold,76,"[2.15, 2.15, 1.85, 2.74, 2.75, 2.69, 2.66, 2.37, 2.81, 2.48, 2.3, 2.37, 3.31, 1.8, 2.7, 1.83, 2.45, 2.32, 1.66, 2.65, null, 1.66, 2.83, 3.07, 3.09, 2.64, 2.52, 3.03, 3.17, null, 2.12, 2.58, null, 1.77, 2.69, null, 2.75, null, 2.57, 2.47, null, 2.17, 2.11, 3.0, 3.05, null, 2.88, 2.46, 2.63, 2.68, 2.9, 2.53, 3.06, 2.62, 2.75, 2.16, 3.36, 2.69, 2.78, 1.85, 2.17, 2.99, 2.61, 1.73, 2.91, 2.28, 3.06, 2.46, 2.58, 2.97, 2.14, 2.1, 2.42, 2.83, 1.97, 1.83]",672.6
market_display,25,"[27.71, 26.64, 27.18, 28.6, 26.39, 26.34, 28.26, 27.86, 29.16, 28.49, 26.74, 29.26, 27.77, 28.25, 26.98, 28.02, 26.78, 24.86, 29.59, 26.37, 26.74, 26.67, 29.6, 28.0, 28.18]",332.38
mixed_chain,68,"[2.79, 3.92, 3.23, 4.03, 3.71, 4.05, 3.68, 4.01, null, 3.57, 3.73, 2.41, 3.38, 4.07, 3.08, null, 2.99, 2.89, 3.44, 3.76, 3.48, 3.09, 3.12, 3.2, 3.47, 3.21, 4.03, 3.3, 30.71, 24.37, null, 22.58, 22.61, 23.22, 24.03, 26.18, 24.58, 28.21, 28.04, 30.03, 30.31, 31.15, 31.8, null, 30.28, 29.91, 30.77, 30.41, 27.63, 28.07, 26.91, null, 30.58, 33.12, 31.6, 34.32, 31.29, 30.59, 31.98, 32.27, 32.04, 30.9, 32.29, 29.95, null, 31.79, 34.04, 32.1]",273.16
hot_truck_transit,33,"[23.11, 17.54, 18.81, 19.53, 17.86, 18.78, 19.47, 20.3, 20.6, 22.5, 24.77, 24.07, 25.49, 26.12, null, 26.7, 26.03, 26.27, 25.25, 23.35, 22.07, 20.76, 21.11, 21.14, 19.06, 18.81, 18.09, 17.81, 20.37, 18.37, 18.56, 19.76, 26.21]",346.41
hot_truck_transit,3,"[27.81, 23.31, 26.18]",373.08
power_outage,30,"[5.8, 5.87, 5.62, 5.45, 5.23, 5.65, 5.51, 5.64, 5.05, 5.22, 5.83, 5.18, 5.62, 5.42, 5.4, 5.7, null, 5.84, 10.59, 15.91, 21.76, 26.6, 32.03, 5.52, 5.81, 4.93, 6.02, 5.54, 5.3, 5.35]",640.71
market_display,92,"[27.08, null, 27.4, 29.6, 28.0, 26.5, 25.58, 29.26, 26.92, 27.77, 27.35, 28.34, 26.71, 27.51, 26.72, 30.71, 26.47, 28.04, 30.78, 28.69, 27.34, 27.57, 26.39, 29.39, 27.1, 27.28, 26.32, 27.0, 27.45, 28.68, 27.69, 28.68, 24.63, 29.05, 25.76, 28.29, 23.64, 27.45, 28.51, 26.36, 27.41, 28.48, 28.25, 25.5, 28.57, 29.42, 28.83, 25.89, null, 27.46, 28.07, 28.42, 26.42, 27.28, 26.39, null, 27.86, 27.28, 27.92, 26.68, 28.17, 26.02, 26.82, 26.04, 27.71, 29.54, 27.81, null, 27.13, 26.67, 28.7, 27.86, null, null, 26.33, 26.58, null, 26.65, 30.06, 27.08, 28.13, 25.52, 26.63, 27.21, 28.57, 26.08, 28.81, 27.52, 27.76, 26.48, 26.21, 24.76]",291.64
mixed_chain,73,"[4.94, 4.13, 4.41, 4.25, 4.15, 3.88, 4.16, 3.96, 4.47, 4.05, 4.79, 3.95, 4.17, 4.43, 4.25, 4.04, 4.59, 4.14, 4.72, 4.24, 4.52, 4.45, 3.61, 5.02, 3.66, 4.7, 4.12, 4.27, 4.03, 4.67, 3.98, 3.83, 4.82, 4.83, 29.49, 26.39, 26.5, 25.53, 25.07, 24.73, 26.69, 27.64, 26.94, 28.94, 30.69, 30.79, 31.94, 33.28, 32.98, 31.25, 33.86, 32.9, 30.65, 31.81, 34.76, 29.09, 31.42, 31.01, 29.51, 30.78, 32.57, 33.04, 30.36, 31.95, 28.84, 32.32, 31.94, 32.73, 30.1, 30.09, 32.12, 31.13, 30.74]",279.48
stable_cold,4,"[5.43, 5.96, 6.17, 6.63]",644.58
hot_truck_transit,33,"[26.94, 22.8, 20.13, 19.92, 20.92, 21.04, 21.72, 23.58, 24.78, 24.07, 27.17, 25.84, 27.17, 30.32, 28.99, 28.3, 28.9, 28.86, 27.93, 27.85, 25.17, 24.3, 23.08, 22.16, 22.03, 20.51, 21.2, 21.33, 19.99, 20.86, 21.59, 22.65, 29.05]",319.96
mixed_chain,48,"[2.12, 2.03, 2.49, 1.62, 1.72, 1.67, 2.19, 1.36, 1.24, 2.29, 1.46, 1.66, null, 1.73, 3.19, 26.09, 22.7, 21.6, 22.99, 20.9, 20.2, 22.88, 23.72, 24.4, 24.29, 25.98, 27.54, 28.41, 29.38, 28.45, null, 32.08, 29.74, 33.24, 30.92, 32.69, null, null, 31.92, 33.5, 30.79, 33.67, 32.52, 30.94, 31.29, 29.44, 30.51, 32.13]",286.33
stable_cold,44,"[6.32, 5.62, 5.56, 5.64, 5.89, 5.29, 5.88, 5.81, 4.99, 6.42, 6.29, 5.39, 5.26, 5.8, 5.14, 6.25, 5.52, 6.36, 5.38, 5.66, 6.21, 5.58, 5.82, 6.14, null, null, 5.12, 5.94, 5.86, 6.13, null, 5.13, 4.77, 6.85, 5.92, 5.76, 5.82, 5.13, null, 6.4, 5.97, 5.4, 5.22, 5.5]",626.62
market_display,44,"[31.38, 31.31, 32.3, null, 31.07, 33.47, 32.19, 33.14, 31.05, 33.83, 33.61, 34.0, 32.47, 32.33, 33.37, 34.17, 32.59, 30.74, 32.07, 34.24, 33.54, null, 32.1, 34.66, 31.37, 32.64, 33.19, 33.13, 31.66, 33.61, 33.33, 32.84, 33.13, 31.97, null, 34.24, 31.83, 32.42, 34.0, 33.42, null, 31.45, 31.57, 32.74]",274.05
mixed_chain,10,"[4.33, 4.72, null, 26.5, 19.45, 23.25, 30.05, 28.62, 29.69, 28.05]",349.94
power_outage,48,"[4.37, 4.75, 5.18, null, 4.83, 5.08, 4.71, 4.44, 4.63, 4.46, 4.73, 4.63, 4.56, 4.85, 5.19, 4.81, 5.12, 5.19, 4.54, 4.8, 4.59, 13.51, 23.3, 32.12, 4.86, 4.25, 4.76, 4.24, 4.92, 4.6, 4.57, 5.05, 4.62, 4.75, 4.65, 4.87, 5.03, 4.96, 4.57, 5.08, 4.44, null, 4.68, null, 4.36, 4.98, null, 4.58]",639.38
hot_truck_transit,67,"[26.4, 21.58, 21.23, 21.03, 20.19, null, 22.83, 23.21, 23.16, 23.86, 25.87, 26.79, 26.69, 28.11, 28.37, 28.42, 28.41, 28.58, null, 27.9, 26.09, 25.54, 22.8, 23.01, 21.77, 22.01, 21.23, 22.15, 20.28, 20.86, 22.34, 22.79, 23.1, 25.19, 25.53, 27.25, 26.36, 28.12, null, 29.03, 29.31, 28.16, 28.08, null, 26.51, 23.66, 21.77, 23.89, 21.61, 20.07, null, 20.48, 21.32, 21.82, 21.73, 23.64, null, 23.01, 26.05, 26.69, 26.2, 28.84, 27.4, 28.8, 29.37, 28.56, 33.2]",260.15
hot_truck_transit,30,"[29.86, 21.0, 21.21, 21.18, 20.16, 21.94, 23.53, 23.12, 23.88, 24.21, 25.95, 27.57, null, 28.25, 29.8, 28.92, 28.66, null, 29.01, 27.01, 25.46, 25.57, 23.83, null, 20.67, null, 21.07, 20.37, 20.3, 26.72]",342.22
hot_truck_transit,34,"[27.06, 19.48, 18.52, 20.22, 18.28, 19.48, 20.41, 19.79, 21.19, 22.47, 24.56, 24.48, 24.51, 25.07, 26.08, 25.64, null, 26.94, 25.67, 24.62, 24.46, 23.39, 21.01, 20.16, 20.57, 19.59, 19.46, 18.12, null, 19.74, null, 19.62, 21.27, 26.1]",346.13
mixed_chain,40,"[5.04, 5.08, 6.08, 5.72, 5.19, 6.14, 5.28, 5.48, 5.6, 5.77, 5.64, 6.29, 6.01, 6.09, 5.2, 5.59, 6.14, 5.31, 23.79, 20.04, 17.97, 19.02, 18.75, 21.11, 20.32, null, 23.14, 28.23, 25.96, 26.32, 27.33, 27.36, 26.01, 24.5, 25.03, 25.55, 26.71, 26.6, 24.98, 26.68]",340.58
stable_cold,73,"[2.99, 2.08, 2.55, 2.43, null, 3.21, 2.67, 2.19, 2.06, 3.23, 2.77, 2.75, null, 2.68, 2.17, 2.72, 2.1, null, 2.31, 1.27, 2.43, 2.21, 2.48, 2.57, 3.28, 2.69, 2.7, 2.77, 2.92, 2.75, 2.68, 2.85, 1.6, 3.4, 3.2, 2.66, 2.0, 3.05, 2.29, 2.78, 2.06, null, 1.99, null, 1.72, 2.55, 2.4, 3.02, 2.4, 3.02, 2.16, 2.46, 2.46, 2.77, 2.72, 2.86, 2.68, 2.83, 2.21, 2.72, null, 1.9, null, 2.84, 3.15, null, 2.61, 2.74, 2.27, 2.41, null, null, 2.75]",656.73
market_display,35,"[29.41, 28.38, 26.61, 27.9, 29.78, 26.3, 25.94, 27.0, 29.38, 25.54, 28.15, 28.6, 28.0, 26.22, 28.16, 26.69, 28.18, 26.93, 28.4, null, 26.48, 28.66, 27.83, null, 28.24, null, null, 28.49, 25.72, 27.48, 24.83, 26.2, 29.25, 27.3, 29.23]",313.92
market_display,51,"[27.27, 24.92, 26.79, 24.9, 27.27, 26.35, 26.47, 26.11, 26.92, 25.25, 27.48, 25.96, 26.86, 27.06, 25.35, 26.86, 25.38, 24.36, 26.5, 28.87, 25.49, 26.89, 27.25, 24.88, 25.53, 27.77, 27.06, 26.36, 24.38, 25.58, 26.9, 22.5, 27.25, 27.63, 28.43, 27.8, 26.75, 27.21, 25.84, 25.61, 26.8, 25.28, 25.76, 28.9, 25.38, 26.56, 24.32, 25.28, 25.3, 26.12, 25.22]",333.18
stable_cold,73,"[5.56, 5.63, 5.32, 5.35, 5.56, 4.76, 6.15, 6.41, 5.62, 5.82, null, 5.02, null, null, 6.47, 5.48, 5.91, 5.48, 6.43, 5.35, 6.02, 5.8, 5.71, 5.64, 5.28, 4.52, 5.98, 5.36, 6.02, 5.69, 6.03, 5.87, 4.56, 5.8, null, 6.02, 5.79, 5.79, 5.44, 5.19, 5.38, 4.83, 5.31, 4.96, null, null, 5.76, 5.54, 5.35, 5.17, 5.42, 5.22, 5.53, 4.94, 5.83, 5.32, 5.7, null, 5.68, 5.87, 4.72, 5.35, 5.99, 5.75, 6.29, 6.23, null, 5.45, 5.17, 5.36, null, 5.31, 5.18]",603.49
stable_cold,73,"[6.05, 5.19, 5.22, 5.23, 5.49, 5.14, 5.62, 5.57, 5.32, 5.99, 5.61, 6.06, 5.56, 5.63, 5.41, null, 5.92, 5.47, 5.84, 5.31, 5.94, 5.4, 5.98, 5.66, 6.24, 5.17, 5.05, 5.39, 5.08, 5.08, 5.88, 5.63, 5.44, 5.48, 5.4, 6.3, 5.34, 5.11, 5.95, 5.55, 6.45, 5.43, 5.97, 6.07, null, 5.34, 5.93, 5.87, 5.07, null, 4.62, 5.87, 5.53, 5.57, null, 5.2, 5.44, 5.37, 5.68, 5.87, 6.54, 5.63, 6.08, 5.3, 4.97, 5.49, 5.0, 5.64, 5.32, 4.85, 6.33, 5.42, 4.98]",607.23
hot_truck_transit,70,"[27.39, 20.47, null, 19.46, 20.08, 19.2, 20.06, 20.34, 23.61, 23.6, 25.08, 26.28, null, null, 27.69, 27.29, 28.29, 29.22, 26.26, 25.23, 22.86, 22.21, 23.96, null, null, 20.4, 22.08, 19.87, 21.53, 19.65, 22.2, 21.42, 22.21, 23.11, 24.64, 26.64, 26.31, 28.18, 27.15, 27.8, 27.3, 28.78, 27.11, 26.09, 24.68, 23.4, 22.02, 22.92, 19.74, 20.11, 20.71, 18.52, 20.14, 19.7, 21.06, 21.73, 21.02, 24.37, 24.11, 25.43, 26.73, 27.63, 28.09, 28.5, 25.75, 27.71, 26.7, 25.42, 25.11, 29.93]",281.22
market_display,67,"[33.1, 32.06, 30.71, 32.55, 29.37, 30.51, 31.72, 28.28, 30.42, 30.5, 30.46, 28.72, 30.49, 30.32, 29.31, 30.9, 31.59, 29.12, 30.56, 31.62, 31.65, 29.78, 31.25, 29.68, 30.95, 29.08, 28.14, 30.61, 31.02, 30.81, 28.99, 27.0, 31.02, 31.72, 27.69, 29.6, 28.84, 30.26, 31.57, 29.69, 29.36, 30.44, 27.42, 30.97, 31.24, 29.97, 29.44, 29.63, 29.63, 29.9, 28.09, 30.46, 29.53, 29.99, 29.27, 30.42, 31.56, 30.22, 28.0, 29.97, 30.22, 29.9, 29.05, 29.91, 30.98, 29.61, 31.62]",262.56
power_outage,43,"[2.04, 2.12, 2.31, 17.41, 32.11, null, 2.44, 2.41, 2.69, 2.45, 1.86, 2.55, 2.91, 2.44, 2.73, 2.28, 2.61, 2.21, 2.36, 2.36, 2.58, 2.19, 16.88, 32.34, 2.57, 2.47, 2.72, 2.37, 2.52, 2.33, 2.36, 2.54, 3.12, 2.66, 2.6, 2.67, 1.73, 2.53, 2.71, 2.46, 2.42, 2.15, 2.31]",692.55
stable_cold,23,"[2.29, 2.26, 2.23, 2.03, 2.08, 2.85, 2.21, 1.94, 2.05, 2.7, 2.53, 2.48, 2.15, 2.49, 2.0, 2.15, 2.64, 2.61, 1.86, 1.91, 2.3, 2.95, 1.49]",734.65
market_display,4,"[25.63, 25.58, 27.36, 25.36]",380.13
power_outage,4,"[8.88, 14.84, 21.25, 26.78]",367.0
hot_truck_transit,11,"[28.42, 22.55, 23.59, 21.64, 23.1, 22.96, 23.1, 24.47, 24.95, 27.91, 30.92]",323.53
market_display,3,"[27.74, 29.51, 29.79]",339.71
hot_truck_transit,18,"[28.39, 23.46, 24.17, 22.55, 25.49, 24.57, 24.21, 25.4, 25.44, 26.33, 28.24, 30.56, null, 31.96, 31.22, 31.7, 31.43, 35.69]",280.91
hot_truck_transit,93,"[30.25, 25.93, 26.33, null, 24.36, 26.43, 27.05, 27.04, 28.61, 30.65, 29.85, 32.27, 33.35, 33.11, 32.39, 34.55, 34.1, 33.41, 32.29, 32.43, null, 30.19, 28.21, 26.16, 25.87, 26.36, 25.82, 25.86, 25.35, 26.21, 27.18, 29.39, 28.16, 30.33, 31.06, 31.6, 31.29, 34.08, null, 33.03, 32.66, 33.18, 31.58, 31.05, null, 29.54, 28.95, 27.25, 26.51, 26.13, 25.04, 25.04, 25.27, 26.27, 27.96, 26.51, 28.66, 29.32, 30.41, 31.12, 33.25, 31.03, 32.46, 34.38, 34.3, 34.38, 32.58, 31.89, 29.05, 29.51, 28.92, 27.12, 26.6, 27.03, null, 25.71, 25.6, 26.62, 26.38, 28.34, 28.05, 30.11, 30.53, 31.01, null, 32.66, 34.16, null, 33.55, 32.38, 33.29, null, 35.76]",215.08
power_outage,80,"[4.74, 3.34, 3.96, 3.81, 4.43, 3.55, 3.91, 4.09, 3.83, 3.65, 3.88, 3.79, 3.79, 4.16, 4.0, 4.05, 3.98, 4.17, 4.27, 3.8, 4.13, 3.49, 3.21, 4.43, 3.78, 3.96, 3.52, 3.5, 3.67, 4.08, 3.73, 3.78, 3.66, 4.23, 4.14, 3.74, 4.09, 3.81, 3.78, 3.87, 4.08, 3.62, 4.03, 4.63, 3.94, 3.89, 3.86, 4.03, 3.4, 4.39, 4.18, 3.69, 16.45, 28.84, 3.97, 3.9, 3.95, 3.57, 3.74, 4.23, 3.72, 9.37, 16.4, 23.45, 29.26, 3.71, 3.87, 4.09, 3.36, 3.63, 4.0, 4.36, 3.75, 4.35, 3.66, 2.87, 4.11, 4.04, 4.1, 4.09]",616.72
hot_truck_transit,81,"[31.39, 21.85, 22.18, 21.64, 21.24, 22.91, 22.58, 24.23, 23.73, 26.04, 27.47, 28.21, 29.47, 29.91, null, 30.61, 29.5, 29.81, 28.78, 29.41, null, 24.9, 25.1, 23.17, 23.69, 23.06, 21.58, 21.1, 22.17, 21.74, 22.43, 23.53, 25.4, 24.74, 26.36, 29.85, 30.32, 30.36, 29.83, 30.53, 29.49, 27.23, 28.3, 27.55, 26.99, 26.32, 26.22, 23.96, 22.3, 22.31, 22.58, 21.84, 21.42, 22.89, 22.19, null, 25.23, 25.3, 26.68, 27.94, 28.73, 28.62, null, 29.2, 31.12, 29.07, null, 28.52, 26.68, 25.16, 25.48, 22.79, 22.09, 22.95, 21.91, 21.37, 21.67, 21.83, 24.85, 24.75, 29.9]",268.76
power_outage,44,"[4.3, 4.28, 3.98, 17.69, 31.71, 3.4, 4.42, 3.65, 3.95, 3.73, 3.53, 4.01, 3.95, 3.84, 3.83, 4.33, 4.53, null, 3.96, 3.38, 4.06, 4.08, null, 3.53, null, 4.34, 3.58, 4.08, 3.63, 3.84, 3.59, 3.77, 3.77, 4.0, 4.14, 4.24, 3.68, 3.98, null, 3.84, 3.89, 3.6, 4.04, null]",659.91
stable_cold,40,"[2.39, 1.88, null, 2.31, 2.22, 2.56, 1.94, 2.47, 2.68, 2.99, 2.55, 2.84, null, 2.3, 2.96, 1.87, 2.26, 2.87, 2.34, 2.31, 2.32, null, 2.86, 2.79, 2.43, 2.86, 2.56, 2.76, 2.01, 3.12, 2.51, 1.32, 3.09, 2.42, 2.26, 2.18, null, 2.07, 2.19, 2.2]",701.49
power_outage,34,"[3.3, 4.2, 3.82, 3.17, 3.52, 3.17, 3.87, 3.64, 3.64, 3.39, 8.43, 13.64, 18.6, 23.42, 27.58, 3.59, 3.72, 3.42, 3.15, 3.26, 4.09, 3.29, 3.66, 3.6, 3.6, 3.55, 3.88, null, 3.46, 3.66, 3.26, 3.79, 3.44, 3.46]",676.86
stable_cold,40,"[5.48, 5.23, 5.57, 6.21, 5.68, 5.71, 5.71, 6.35, 5.48, 5.96, 5.82, 5.88, 5.95, 5.88, 6.17, 5.84, 6.55, 5.87, 5.17, 6.11, 6.01, 5.87, 5.75, 5.01, 5.07, 6.51, 5.62, 6.24, 5.21, 5.43, 6.12, 5.81, 6.07, 5.85, 5.77, 5.58, 5.37, 6.41, 6.48, 5.44]",631.72
stable_cold,40,"[5.07, 5.61, 5.15, 5.28, null, null, 5.34, 5.98, 6.05, 6.16, 5.8, 6.13, 4.83, 5.46, 5.24, 5.63, 5.36, 5.52, 6.34, 5.52, 5.75, 5.49, 5.61, 5.59, 5.76, 6.05, 6.24, 5.71, 5.82, null, 5.55, null, 5.93, 5.67, 5.94, 5.78, 6.06, 5.7, null, 5.72]",626.55
power_outage,43,"[5.31, 5.4, 5.15, 5.23, null, 5.74, 5.09, null, 5.63, 4.86, 5.25, 5.29, 13.95, null, 31.46, 5.22, 5.1, 5.9, 5.01, 5.43, 5.75, 4.93, 5.24, 4.91, 4.6, 4.97, 5.04, 5.05, 5.12, 18.44, 31.3, 5.31, 5.57, 5.61, 5.13, 5.48, 5.0, null, 5.33, 5.11, 4.83, 5.46, 4.96]",635.04
stable_cold,52,"[2.97, 3.8, 3.34, 3.63, null, 3.53, 3.88, 3.67, 4.05, null, 3.51, 3.72, 4.2, 3.94, 3.23, 4.05, 3.35, 4.35, 4.19, 3.9, 3.85, 3.7, 4.06, 3.64, 3.88, 4.13, 3.56, 3.54, 3.31, 3.36, 3.05, 4.08, 4.51, 4.36, 3.13, 4.08, 4.35, 3.6, 3.83, 2.98, 3.89, 3.36, null, 3.16, 4.0, 4.19, 3.47, 3.33, 2.92, 3.68, 3.55, 3.16]",667.26
hot_truck_transit,43,"[23.41, null, 17.07, 17.59, null, 18.16, 19.93, 19.79, 21.32, 21.56, 21.71, 23.84, 25.38, 26.2, 26.17, 25.57, 26.79, 25.08, 24.49, 23.41, 22.89, 21.96, 21.39, 19.11, 19.0, 18.09, 18.67, null, 17.51, 19.12, 19.32, null, 20.64, 22.67, 23.92, 24.25, 26.7, 26.05, 27.47, 28.21, 24.72, null, 29.37]",310.4
mixed_chain,53,"[4.23, 3.6, 3.95, 3.64, 4.33, 3.23, 4.29, 3.74, 3.79, 3.93, 3.89, 4.47, 4.18, 4.45, 4.11, 3.86, 3.87, 3.27, 4.67, 3.86, 25.56, 21.74, 19.25, 21.82, 20.4, 21.13, 21.87, 21.88, 24.3, 23.63, 27.03, 25.91, 27.56, 31.15, 29.26, 32.31, 33.2, 28.96, 28.36, 30.3, 30.8, 30.36, 30.29, 31.46, 31.06, 28.72, 29.76, 32.23, 30.83, 30.59, 29.12, 31.54, 30.64]",295.03
hot_truck_transit,84,"[32.39, 25.57, 26.46, 24.84, 26.45, 25.53, 27.37, null, 27.31, 28.51, 30.81, 31.69, 32.18, 32.67, 32.76, 33.85, null, 33.34, 31.95, 31.25, 31.59, 30.35, null, null, 27.38, 24.97, 26.88, 25.69, 25.26, 26.13, 27.84, 25.88, 29.37, null, 30.36, 31.53, 32.52, 33.64, 32.86, 33.57, 33.37, 33.59, null, 31.0, 30.68, 28.98, 28.16, 26.72, 25.53, 27.07, 26.01, 25.66, 25.02, 26.06, 25.83, 27.56, 28.82, 29.15, 30.01, 31.19, 33.06, 33.21, 32.16, 34.16, 33.88, 33.2, 33.73, 31.6, 30.96, 29.96, 29.25, 27.41, 26.24, 26.9, 26.46, 26.6, 26.05, 24.8, 26.89, 27.61, 29.53, 30.43, 31.11, 32.68]",241.07
mixed_chain,56,"[3.89, 3.69, 3.83, 3.63, 3.73, 5.14, 3.33, 4.42, 4.26, 3.43, 4.39, 4.9, 4.06, 4.44, 4.01, 4.23, 3.32, 4.07, 4.08, 3.89, 4.66, 26.27, 21.54, 21.02, 21.47, 21.7, 22.82, 21.93, 22.32, 24.21, 25.27, 29.02, 28.38, null, 29.54, 29.89, 28.05, 25.83, 28.77, 29.03, 27.68, 28.9, 28.61, 26.7, 29.71, 26.66, 29.32, null, 28.69, 28.59, 28.58, 29.78, null, 27.54, 28.54, 29.19]",304.36
power_outage,5,"[17.54, 32.32, 2.57, 3.14, 3.47]",706.69
hot_truck_transit,72,"[31.9, 25.8, 25.38, 24.88, 23.85, 25.73, 25.32, 26.71, 27.44, 28.59, 29.68, 31.55, 32.26, 32.72, 34.0, 35.61, 33.43, 33.35, 32.22, 31.68, 28.9, 27.0, 26.44, 26.66, 27.43, 25.9, 24.99, 25.62, 25.58, 24.62, 26.71, 27.83, 29.81, 29.1, 31.55, 30.84, 33.85, 32.15, 33.54, 33.39, 34.22, 33.71, 31.16, 30.89, 31.9, 29.24, 28.78, 26.31, 26.14, 25.13, 26.04, 25.75, 26.28, 24.83, 26.77, 27.18, 26.17, 29.53, 31.23, 32.42, 31.96, 33.29, 33.46, 32.56, 32.31, 32.59, 31.8, 31.23, 29.87, 29.33, 27.28, 31.03]",262.84
power_outage,17,"[5.78, null, 5.84, 5.54, 5.16, 6.26, 6.07, 11.08, 16.94, 22.49, 27.48, 33.26, 6.21, 5.48, 6.07, 6.02, 6.47]",631.89
power_outage,46,"[4.53, 4.28, 4.15, 4.29, 4.27, 4.39, 4.15, 3.74, 3.69, 4.27, 3.79, 4.34, 4.53, 4.06, 4.49, 4.21, 4.14, 4.15, 3.88, 3.84, 3.64, 3.91, 4.77, 3.68, 3.78, 9.26, 14.64, 20.32, 25.42, null, 3.87, 3.99, 4.11, 4.09, 4.72, 4.12, 4.07, 3.38, 4.2, 3.54, 4.3, 4.17, 4.37, 3.94, 4.14, 4.33]",646.27
mixed_chain,88,"[4.1, 3.76, 4.59, null, 5.01, 4.71, 4.91, 4.32, 4.48, 4.74, 3.36, 3.72, 4.33, 3.68, 4.03, null, 4.5, 4.63, 3.91, 4.71, 4.03, 4.58, 4.64, 5.2, 5.05, 4.64, 4.23, 4.41, 4.51, 4.11, 4.62, 4.66, 4.66, 30.99, 22.23, 21.92, 21.5, 22.43, 21.05, 22.22, 23.36, 25.23, 26.98, 27.15, null, 28.47, 28.53, 29.47, 29.07, 29.37, 28.6, 30.27, null, 26.14, 25.77, 26.18, 24.5, 22.84, 21.89, 22.2, 26.15, 30.74, 27.91, 27.81, null, 29.56, 28.36, 25.63, 28.13, null, 27.87, 27.21, 27.83, 26.41, 27.82, 28.68, 27.48, null, 29.42, 29.07, 26.46, 27.21, 27.75, 28.06, 28.46, 27.35, 26.58, 28.04]",288.04
hot_truck_transit,84,"[28.16, null, 22.21, 21.12, 20.76, 20.28, 20.47, 22.1, 21.89, 24.68, 25.04, 26.14, 25.66, 27.67, null, 27.4, 28.21, 27.31, 27.23, 26.66, 24.33, 24.25, 23.2, 23.16, 22.01, null, 19.96, 20.28, 19.4, null, null, 20.26, 22.34, 23.9, 27.4, 25.65, 27.52, 27.47, null, 27.3, 26.79, 28.73, 25.93, 27.35, 24.9, null, 22.72, 23.45, 20.78, 20.39, 21.08, 20.54, 21.96, 21.63, null, 23.21, 21.59, 24.78, 24.68, 26.64, 28.56, 26.29, 28.77, 28.84, 28.56, 26.84, 26.92, null, 25.54, 23.12, null, 22.67, 20.75, 20.38, 19.58, 20.37, 20.19, 20.11, 20.83, 22.29, 22.28, 24.13, 25.23, 28.94]",276.23
hot_truck_transit,20,"[31.04, 24.21, 23.39, 22.65, 24.08, 23.02, 24.52, 24.68, 25.05, 26.92, 27.34, 30.27, 29.32, 30.45, 30.44, 30.11, 31.51, 30.48, 31.8, 35.42]",281.09
stable_cold,88,"[2.07, 2.5, 2.61, 2.35, 3.19, 1.55, 1.91, 2.13, 3.14, 2.96, 2.75, 1.92, 1.97, 1.9, 1.92, 2.83, 2.14, 2.19, 2.55, 1.57, 2.26, 1.8, 2.12, 2.0, 1.98, null, null, 2.15, null, 1.89, 2.51, 2.15, 2.04, 1.92, 2.14, 2.98, 2.21, 1.78, 2.6, 2.05, 2.35, 1.99, 2.75, 2.0, 2.8, 1.82, 2.12, 2.8, 2.3, 3.14, 2.13, 2.34, 3.0, 1.63, 1.58, 1.92, 2.56, 1.59, 2.48, 2.45, 3.04, 2.65, 2.38, 2.78, 2.45, 2.05, 1.78, 2.01, 2.22, 2.31, 1.38, 2.15, 2.25, null, 2.89, 2.31, 1.87, 1.51, 2.51, 1.89, 2.58, 2.8, 1.62, 2.46, 2.75, 2.64, 1.4, 1.89]",659.8
market_display,24,"[31.69, 33.33, 32.15, 31.19, 31.1, 27.95, 31.06, 31.7, 30.8, 30.9, 28.56, 29.87, 30.21, 30.67, 27.89, null, 31.43, 32.03, 31.02, 32.52, null, null, 30.04, 31.94]",301.11
hot_truck_transit,83,"[26.79, 20.18, 22.15, 20.47, 20.76, 23.38, 22.73, 23.74, 25.1, 23.57, 27.08, 28.16, 27.29, 28.89, 29.46, 28.25, 29.41, 27.78, 29.72, 26.95, 26.31, 23.52, 24.1, 23.8, 21.28, 20.94, 20.39, 19.9, 19.92, 22.18, 20.98, 21.39, null, 24.86, 26.32, 26.11, 27.18, 28.72, 29.41, 29.81, 29.07, 26.96, 26.95, 27.82, 27.27, null, 23.64, 22.02, 23.13, 20.51, 22.53, 20.75, 20.27, 19.93, 21.77, null, 23.53, 24.82, 26.96, 27.31, 27.8, null, 27.95, 29.39, 29.24, 29.48, 26.55, 26.13, 25.21, 25.2, 23.96, 23.27, 20.31, 22.53, 21.14, 21.26, 21.25, 20.85, 22.41, 22.88, 23.83, 25.21, 28.42]",279.36
power_outage,39,"[2.23, 2.4, 1.4, 2.05, 1.58, 2.05, 1.98, 2.73, 1.86, 2.34, 2.33, 1.97, 2.06, 2.02, null, 1.77, 1.9, 1.68, 1.87, 1.97, 2.07, null, 1.96, 1.79, 2.15, 8.05, 13.46, 19.1, 25.05, 30.92, 2.37, 2.23, 2.02, 2.59, 2.01, 2.45, 2.39, 2.37, 2.12]",701.27
mixed_chain,63,"[3.81, 3.28, 3.74, 3.82, 3.13, 3.82, 3.3, 2.91, 3.16, 3.52, 2.83, 2.61, 3.59, null, 3.33, 3.47, null, 2.75, 2.36, 3.76, 3.58, 3.64, 3.1, 3.51, 3.86, 3.51, 23.56, 17.93, null, 18.05, 17.88, 18.33, 19.87, 19.81, null, 22.65, 23.5, 24.37, 24.3, 25.43, 26.51, 26.38, 32.37, 29.53, 29.81, 28.1, 27.86, 30.03, 28.66, 27.12, 29.81, 30.47, null, 27.16, null, 30.79, 30.46, 28.24, 28.88, 29.72, 30.31, 29.08, 32.42]",277.3
power_outage,13,"[2.36, 15.86, 30.41, 2.34, 1.9, 2.29, 2.46, 2.16, 1.89, 2.19, 2.3, 1.89, 1.83]",735.37
stable_cold,53,"[4.93, 4.88, 5.12, 4.69, 4.82, 5.46, 5.47, 4.79, 5.48, null, 5.81, 5.43, 5.63, 5.4, 5.6, 4.69, 5.16, 5.19, 5.11, 5.38, 5.46, 5.36, 5.13, 4.91, 5.64, 5.35, 4.8, 5.13, 4.51, 5.22, null, 4.98, 5.84, 4.74, 5.49, 6.08, 5.64, 5.19, 4.75, 4.66, 5.04, 4.93, 4.92, 5.07, 5.16, 5.4, 4.71, 4.93, 5.14, 5.13, 5.94, 5.3, 4.56]",636.19
hot_truck_transit,22,"[34.37, 25.47, 25.36, 26.15, 25.62, 25.52, 27.64, 27.73, 28.98, 30.63, 32.02, 29.92, 32.49, 31.87, 35.8, 33.87, 34.39, 32.71, 32.3, 32.63, null, 33.12]",294.44
hot_truck_transit,77,"[29.12, 23.04, 22.41, 21.73, 22.62, 20.74, 22.23, 23.56, 25.83, 24.77, 26.94, 28.18, 28.96, 29.31, 29.3, 29.73, 30.57, 28.84, 27.03, 28.3, 28.16, 25.09, 25.98, 24.35, 22.18, 21.9, 21.47, null, 21.92, 23.35, 23.78, 22.69, 23.76, 26.42, 26.55, 27.79, 29.19, 30.08, 28.81, 28.15, 29.7, 28.71, 28.81, 27.86, 26.18, 27.6, 24.91, 23.47, 23.18, 22.89, 21.56, 23.79, 20.85, 21.3, 21.82, 23.93, 25.27, 25.66, 27.34, 28.29, 28.47, 29.74, 29.64, 29.6, 29.39, 29.58, 29.73, 26.96, 26.58, 26.06, 26.3, 24.27, 22.45, 21.73, 22.85, 21.68, 24.88]",310.16
market_display,40,"[31.84, 33.16, 32.89, null, null, 31.0, 33.1, 33.54, 35.32, null, 31.28, 31.13, null, 33.5, 33.6, 34.42, 33.0, 31.1, 32.82, 30.02, 32.12, 32.03, 33.09, 33.06, 31.65, 31.68, 32.61, 33.11, 33.42, 31.95, 32.48, 31.28, 31.3, 30.22, 31.78, 34.07, 34.24, 33.22, 33.74, 33.51]",273.0
power_outage,35,"[4.84, 5.58, 5.27, 5.43, 4.58, 5.16, 5.54, 19.28, 34.06, 4.86, 5.22, 5.75, null, 5.34, 5.43, 5.28, 5.18, 4.99, 5.31, 5.22, 4.82, 5.58, 4.98, 4.83, 5.08, null, 5.18, 4.88, 5.39, null, 5.29, 4.82, 4.98, 5.32, 4.66]",650.77
power_outage,68,"[4.19, 4.18, 4.39, 3.95, 4.36, 3.91, null, 4.38, null, 4.43, 3.99, 3.77, 4.33, 3.76, 4.61, 4.0, null, 4.04, 4.47, 4.11, 4.28, null, 15.04, 20.31, null, 30.76, 4.14, 4.52, 4.23, 4.62, 4.36, 4.51, 4.42, 4.56, 4.09, 3.86, 4.63, 4.73, 4.29, 4.57, 3.84, null, 4.35, 3.81, 3.87, null, 4.15, null, 4.21, 3.94, 4.26, 4.32, 4.15, 4.18, 4.27, 4.57, 4.3, 3.75, 3.97, 4.61, 4.12, 9.53, 15.36, 20.19, null, 30.88, 4.37, 4.44]",619.11
market_display,63,"[32.76, 31.22, 31.9, 32.92, 34.38, 29.34, 33.26, null, 33.81, 33.83, 34.24, 32.7, 33.87, 30.75, 32.43, 33.38, 32.38, 31.75, null, 33.76, 32.84, 32.92, 33.43, null, 34.73, null, 33.48, 32.64, 34.6, 35.0, 31.13, 32.88, 32.76, 31.83, 32.39, null, 34.27, 31.32, 33.28, 32.06, 34.46, 33.11, 34.11, 33.1, 31.04, 32.35, 35.05, 33.68, 35.4, 34.83, 32.25, 31.4, 34.32, 34.23, 33.02, 31.23, 32.33, 33.18, 33.9, 31.78, null, null, 33.95]",247.01
power_outage,50,"[3.85, 3.93, 3.24, 3.5, 3.87, 4.18, 3.75, 3.68, 4.03, 3.78, 4.14, 3.81, 3.54, 4.3, 4.25, 3.59, 3.99, 3.78, 4.06, 3.61, 4.14, 4.23, 3.59, 3.9, 4.24, 3.58, 3.68, 4.07, 3.83, 3.4, 3.78, 4.4, 9.71, 14.11, 19.23, 24.58, 30.47, 4.13, 4.32, 4.18, 3.48, 3.59, 3.67, 3.72, 3.67, 3.71, 4.07, 3.92, 4.24, 3.95]",650.19
mixed_chain,46,"[3.35, 3.02, 3.71, 4.58, null, 3.66, 3.81, 2.9, 3.63, 3.48, 2.71, 3.24, 2.26, 2.61, 2.79, null, 3.86, 33.61, 25.8, 25.2, null, 23.8, null, 26.46, 27.8, 29.13, 30.68, 30.07, 33.84, 30.75, 32.74, 29.65, 30.0, 30.86, null, 31.26, 30.24, 31.47, null, 30.41, 29.15, 29.52, 30.43, 30.3, 31.47, 30.69]",298.68
stable_cold,34,"[3.58, 3.71, 3.75, 2.8, 3.84, 3.18, 3.0, 3.55, 3.61, 3.3, 3.91, null, 3.41, null, 3.56, 3.69, 3.17, 3.87, 3.6, 2.82, null, 3.57, 3.49, null, 3.57, 3.67, 3.96, 3.13, 3.11, 3.14, 3.69, 4.07, 3.4, 2.58]",698.36
stable_cold,34,"[2.5, 3.53, 3.66, 2.83, 3.11, 2.44, 3.18, 2.73, 2.5, 2.82, 2.75, 2.8, 3.31, 2.62, 3.63, 2.4, 3.58, 2.53, 2.93, 2.74, 2.8, 3.25, 3.53, 3.41, 2.77, 3.01, 2.62, 2.54, 2.47, 2.76, 3.03, 2.17, 2.91, null]",678.56
market_display,47,"[26.61, 26.39, 25.02, 25.31, 26.16, 27.22, 28.84, 25.01, 26.38, 25.1, 26.29, 25.86, 26.81, 23.93, 25.92, 26.45, 26.57, 26.71, 26.51, 27.83, 27.92, 26.07, 25.7, 26.56, 27.29, 26.37, 25.01, 27.47, 26.79, 28.43, 25.42, 26.61, 26.84, 26.05, 25.18, 26.66, 25.8, 26.35, 26.37, 25.05, 25.8, 25.83, 26.4, 26.89, null, 27.37, 26.51]",325.99
market_display,24,"[33.0, 29.64, 33.02, 33.13, 31.14, null, 32.04, 31.13, 31.36, 31.91, 31.54, 32.79, 31.92, 32.64, 31.63, 32.87, 33.16, 29.72, 32.55, 31.26, 31.57, null, 32.24, 31.82]",301.42
mixed_chain,63,"[4.95, 5.25, 5.31, 6.12, 5.86, null, 5.27, null, 5.62, 5.55, 5.96, 5.78, null, 5.4, 5.82, 5.32, 6.47, 5.39, 5.57, 5.82, 6.48, 5.94, 5.17, 5.94, 4.88, 5.3, 34.65, 27.12, 25.32, 24.43, 26.11, 26.3, 25.31, 27.3, 27.73, 27.87, 30.75, 31.07, 31.91, 33.11, 31.89, 32.69, 33.64, 33.49, 33.5, 31.75, 31.08, 29.66, null, null, 31.09, 31.2, 29.72, 29.29, 30.11, 30.32, 31.61, null, 33.97, 30.15, 29.25, 29.58, null]",282.87
hot_truck_transit,41,"[30.86, 24.87, null, 24.91, 24.92, 24.91, 27.12, 26.48, 28.79, null, 29.75, 31.09, 31.91, 32.03, null, 33.23, null, 32.2, 30.88, 30.14, 31.61, 27.18, 26.69, 26.7, null, 25.87, 25.4, 24.25, 26.02, 24.33, 25.26, 27.94, 26.6, 28.96, 30.97, 28.6, null, 32.9, 32.33, 32.73, 36.03]",258.93
hot_truck_transit,57,"[30.17, 22.39, 22.95, 23.36, null, 24.33, 24.02, 24.53, 23.61, 26.86, 28.04, 29.44, 28.72, 29.96, 29.12, 29.24, 30.8, 31.0, 30.4, 28.88, 29.2, 26.21, 26.21, 23.47, 21.18, 22.68, 22.57, 22.71, 22.51, 23.35, 25.09, 25.12, 24.88, null, 26.7, 29.6, 28.95, 30.53, 30.9, 30.48, 30.32, 29.46, 31.14, 27.76, 28.46, null, 25.98, 24.43, 22.51, 22.14, 22.04, null, 23.38, 23.31, 23.91, 25.36, 26.46]",316.54
mixed_chain,61,"[2.3, null, 2.47, 2.06, 1.83, 1.34, 2.87, 3.26, 2.64, 2.0, 2.22, 2.09, 2.22, 2.47, 2.53, 1.96, 2.48, 1.28, 2.93, 1.8, 2.37, 2.55, 2.43, 32.6, 25.24, 26.25, 25.09, 25.24, 25.57, 26.65, 27.13, 28.1, 28.89, 30.03, 31.28, 32.84, 32.95, 32.68, 32.89, 36.56, 25.1, 25.81, 27.49, 25.65, 25.62, 27.87, 24.97, 27.55, 28.2, 27.6, 26.98, 27.58, 29.87, 26.77, 26.77, 29.28, null, 26.42, 28.93, 27.88, null]",332.49
stable_cold,20,"[3.88, 3.37, 3.22, 3.98, 4.43, 3.9, 4.2, 4.28, 3.98, 3.55, 3.95, 4.35, 4.08, 4.17, 3.69, 3.79, 3.82, 3.85, 4.34, null]",704.67
hot_truck_transit,74,"[25.85, 19.0, 19.26, 18.83, 17.72, null, 20.63, 21.69, 21.0, 22.41, 23.7, null, 26.23, 25.46, 27.28, null, 27.06, 25.87, 26.53, 25.17, 23.86, 23.74, 21.99, 21.09, 20.88, 19.16, 18.23, 19.28, 20.41, 17.74, 20.78, 21.05, null, 22.51, null, 25.57, 25.02, 26.73, 27.99, 27.58, 25.55, null, 24.85, 25.2, 23.46, 23.35, 21.45, 20.19, null, 19.65, 19.82, 18.6, 17.95, 20.1, 21.35, 20.56, 22.38, 22.77, 25.6, 24.6, 25.82, null, 28.15, 26.6, 27.93, 25.95, 25.79, null, 23.31, 22.79, 21.88, 20.73, 18.98, 25.72]",311.48
hot_truck_transit,86,"[28.78, 21.72, 21.41, 21.74, 19.7, 20.32, 21.05, 22.61, 22.72, 24.06, 26.2, 27.47, 28.0, 28.33, 27.95, 28.63, 29.39, 28.61, 28.15, 27.37, 25.39, 25.12, 23.27, 23.09, 22.77, null, 21.23, 20.93, 21.86, 20.46, null, 22.72, 23.69, null, null, 27.79, 27.77, 27.78, 28.76, 28.34, 27.11, 27.94, 26.32, 26.8, null, 24.1, 24.21, 22.1, 21.77, 20.45, 21.25, 21.69, 20.9, 21.58, 22.21, 22.41, 24.62, 24.2, 24.39, 25.88, null, 27.77, 28.55, 28.42, 28.62, 28.95, 28.66, 25.84, 26.39, 24.77, null, 23.01, 23.26, 20.56, 20.57, 19.33, 20.66, 21.28, 23.36, 21.87, 24.35, 24.85, 27.44, 26.75, 27.4, 32.39]",250.16
mixed_chain,70,"[5.31, 4.91, 5.69, 5.29, 5.01, 4.87, 4.61, 4.89, 4.81, 4.27, 5.37, 4.75, 4.74, 4.14, 4.69, 5.15, 4.55, 4.46, 4.75, 4.9, 5.26, 5.36, 29.2, 22.7, 23.72, 24.94, null, 23.89, 25.31, 25.4, 25.72, 27.23, 27.24, 28.03, 29.78, 29.96, 30.34, 30.21, 30.7, 29.94, 29.9, 28.52, 27.53, 31.96, 31.8, 34.35, 33.68, 32.88, 31.05, 31.61, 32.56, null, 32.11, 33.54, 32.67, 33.91, 33.37, 33.92, 32.88, 32.23, 33.88, 33.05, 33.09, 33.43, 34.26, 33.37, 34.13, 30.09, 33.48, 34.57]",250.67
mixed_chain,45,"[5.24, 6.1, 5.08, 6.09, 5.5, 5.43, 5.63, 5.76, 5.97, 5.34, 5.6, 5.25, 5.21, 5.47, 5.72, 5.06, 4.79, 5.02, 5.23, 5.94, 29.82, 24.45, 23.42, 22.05, 22.65, 22.73, 23.79, 25.14, 25.27, 29.31, 29.16, 30.88, 31.72, 30.15, 31.32, 29.21, 32.28, 31.16, 31.28, 29.64, 31.28, 30.93, 31.33, 32.0, 29.86]",307.69
power_outage,13,"[3.05, 12.73, 20.95, 29.86, 3.85, 3.8, 3.7, 2.9, 3.04, 3.75, 3.51, 3.18, 3.31]",701.78
stable_cold,54,"[3.13, 1.93, 2.32, 1.99, 2.55, 2.14, 2.85, 1.95, 2.73, 2.4, 2.15, 2.38, 2.27, 2.31, 2.08, 1.88, 2.03, 1.49, 2.5, 1.67, 2.08, 2.42, 2.5, 1.45, 2.13, 2.35, 2.18, 2.7, 1.83, 1.34, 2.49, 1.95, 1.46, 2.1, 2.66, 1.66, 3.1, 1.83, 2.2, 1.68, 2.18, 2.11, 1.57, 3.29, 1.96, 1.97, 2.55, 2.89, 2.61, 1.68, 2.25, 1.41, 2.52, 1.51]",702.66
stable_cold,43,"[3.74, 3.77, 3.97, 4.85, 4.24, 4.37, 3.98, 4.61, 5.11, 4.0, 5.05, 4.51, 4.37, 4.52, 4.52, 5.1, 4.57, 4.58, 4.19, 4.7, 3.98, 4.4, 5.51, 3.36, 4.45, null, 4.27, 4.28, 4.4, 4.26, 4.45, 4.16, 5.17, 4.26, 4.59, 4.09, null, 4.65, 4.53, 3.95, 4.06, 5.03, 4.05]",657.39
power_outage,88,"[4.43, 4.78, 5.29, 5.1, 4.71, 4.83, 4.68, 4.68, 5.51, 5.01, 5.58, 4.78, 5.2, 5.12, 5.31, 5.13, 5.34, 5.22, 4.72, 5.27, 5.02, 4.82, 5.26, 5.33, 4.9, 4.94, 4.63, 4.51, 4.98, 5.29, 4.88, 5.48, 4.99, 4.99, 4.96, 5.34, 4.76, 5.01, 4.88, 4.88, 5.06, 5.01, 5.36, 5.05, 5.22, 5.1, 5.47, 4.96, 16.72, 28.79, 4.95, 5.2, 5.75, 4.76, 5.51, 4.9, 5.45, 5.25, 5.23, 5.0, 4.97, 4.83, 5.05, 4.99, 5.11, 4.63, 5.06, 5.43, 5.33, 5.06, 5.82, 4.88, 5.02, 4.61, 4.93, 5.59, 4.94, 4.59, 5.31, 5.17, 5.3, 4.96, 4.75, 4.99, 5.22, 5.03, 5.17, 4.89]",593.58
mixed_chain,65,"[3.65, 4.01, 4.72, 5.57, 4.29, null, 4.69, 5.15, 4.19, 4.34, 4.53, 4.58, 4.61, 4.68, null, 4.67, null, 3.98, 4.01, 4.24, 4.99, 5.1, 4.0, 4.92, 3.91, 4.78, 4.36, 3.68, 4.13, 4.3, 4.72, 26.29, 19.78, 20.6, 21.96, null, 20.98, 20.69, 23.67, 22.37, 23.97, 23.33, 25.51, 27.47, 33.05, 31.21, 31.55, 32.16, 29.06, 31.97, 30.51, 30.38, 29.66, null, 31.11, 31.96, 29.1, 32.21, 31.56, 29.88, 32.15, 31.41, 29.41, 31.14, null]",309.4
mixed_chain,65,"[4.85, 5.28, 4.72, 5.15, 5.18, 5.34, 4.99, 4.74, 4.9, 4.94, 5.81, 4.81, 5.77, 5.04, 4.86, 4.75, 4.59, 4.94, 4.99, 5.02, 5.9, 5.57, 29.05, 24.25, 24.11, 22.48, 21.97, null, 24.48, 24.66, null, 26.83, null, 29.11, 29.69, 35.32, 26.42, 24.33, 26.98, 27.55, 28.24, 27.35, 27.19, 27.28, 26.25, 26.69, 28.15, 26.49, 27.27, 26.59, 26.35, 26.88, 26.9, 26.94, null, 24.82, 26.6, 27.77, 28.78, null, 25.79, 27.37, 28.32, 26.19, 24.93]",330.89
mixed_chain,35,"[3.63, 3.35, 3.15, 3.35, 3.25, 3.43, 3.33, 4.05, 3.72, 3.82, 3.9, 3.26, 2.93, 34.39, null, 24.5, 25.42, 25.7, null, 27.0, 26.28, 27.51, 28.95, 29.9, 35.89, 29.69, 29.61, 25.35, 30.81, 29.81, 29.0, 28.22, 30.04, 28.45, null]",324.03
mixed_chain,4,"[5.99, 21.68, 29.37, 29.58]",341.13
power_outage,54,"[3.76, 3.92, 2.99, 3.82, 3.89, 3.78, 3.36, 3.78, 3.36, 4.36, 3.75, 3.2, 3.76, 4.09, 3.88, 3.55, 3.62, 3.74, 3.69, 3.45, 3.8, 3.42, 4.11, 4.14, 3.52, 3.61, 3.7, 18.5, 33.28, 3.96, 9.83, 16.04, 21.47, 26.94, 32.72, 4.31, 3.98, 3.88, 3.96, 3.87, 3.95, 3.71, 4.14, 3.67, 3.55, 3.32, 3.75, 4.2, 3.69, 3.41, 3.91, 3.63, 4.29, 4.15]",640.39
mixed_chain,3,"[5.85, 30.82, 29.9]",339.15
hot_truck_transit,23,"[31.02, 25.69, 25.87, 25.32, 26.38, 26.63, 26.03, 28.6, 27.98, 28.7, 31.48, 31.12, 32.5, 32.03, 33.17, 33.51, 33.15, 32.65, 32.46, 32.39, 29.88, 27.58, 32.53]",298.18
power_outage,71,"[2.12, 2.39, 2.69, 2.71, 2.61, 2.3, 2.61, 2.71, 2.16, 2.83, 2.73, 2.21, 2.71, 2.68, 2.69, 2.91, 2.43, 2.53, 1.64, 2.77, 2.74, 2.84, 2.15, 2.72, 2.74, 2.24, 2.75, 2.57, 1.93, 2.61, 2.2, 1.93, 2.54, 2.42, 2.86, 2.49, 2.67, 2.59, 2.74, 2.17, 2.49, 2.39, 2.63, 2.51, 2.25, 8.55, 15.37, 20.58, 27.52, 33.9, 2.61, 3.03, 10.49, 18.1, 25.62, 33.65, 2.64, 2.44, 2.21, 2.07, 2.49, 1.99, 2.29, 1.71, 2.68, 2.78, 2.46, 2.98, 2.84, 2.58, null]",659.1
stable_cold,12,"[6.31, 5.76, 6.26, 5.76, null, 6.4, 6.25, 5.78, 5.31, 5.56, 5.07, 6.17]",645.6
market_display,60,"[27.65, 27.46, 24.8, 27.6, 25.08, 25.83, 25.58, 24.69, 26.79, 26.54, 28.17, null, 26.79, 27.52, 26.45, 26.44, 26.73, 26.4, 26.83, null, null, 26.09, null, 25.91, 25.94, 27.8, 25.69, 27.1, 26.76, 27.64, 26.5, 25.63, 25.79, 28.56, 25.94, 25.86, 26.02, 26.25, 26.09, 27.25, 26.7, 25.87, 27.44, 26.91, 28.17, 26.96, 26.42, 26.33, 26.75, 27.02, 26.57, 26.05, 27.33, 27.1, 26.6, 27.38, 26.49, 26.59, 27.33, 27.54]",304.33
hot_truck_transit,39,"[28.72, 21.0, 20.87, 20.94, 21.84, 21.73, 22.8, 23.94, 23.83, 25.04, 26.52, 26.6, 27.96, 29.4, 29.05, 30.11, 28.23, 28.83, 28.38, 27.34, 25.9, 23.92, 24.95, 21.96, 21.19, null, 20.93, 21.21, 20.2, 21.86, null, 21.84, 24.26, 25.81, 25.06, 27.21, 27.96, 28.84, 32.59]",287.11
stable_cold,93,"[null, 5.57, 6.28, 6.19, 6.12, 6.44, 6.19, 6.23, 6.19, 6.07, 5.23, 5.97, 5.72, 5.43, 6.61, 6.63, 6.48, 6.04, 6.48, 5.94, 6.02, 5.5, 6.1, 5.96, 5.42, 5.92, 5.91, 6.66, 6.3, 5.94, 6.04, 5.96, 5.86, 5.51, 5.88, 5.64, 5.44, 6.14, 6.1, 5.22, 5.89, 6.34, 6.36, 6.35, 5.95, 5.6, 5.51, 6.08, 6.09, 6.45, 6.38, 5.89, null, null, null, 5.86, 5.71, 6.04, 5.74, 5.69, 6.06, 5.78, 6.04, 6.05, 5.48, 5.75, 6.51, 5.47, 5.09, 5.19, 5.95, 5.95, 5.89, 6.42, 4.87, 6.1, 6.56, 5.49, 5.79, 5.64, 5.58, 5.81, 6.51, 6.67, 5.8, 6.7, null, 6.64, 5.9, 5.99, 6.08, 7.21, 6.28]",563.22
market_display,63,"[31.61, 30.64, 30.0, 30.18, 32.77, 30.03, 30.02, null, 30.47, 29.51, 32.32, null, 31.0, 32.38, 30.01, 30.89, 28.94, 29.48, 30.58, 29.94, 31.32, null, 30.11, 29.67, 31.76, 30.19, 29.65, 29.38, 29.12, 31.25, null, 33.95, 29.76, 28.56, 30.16, 33.13, 30.84, 30.32, 29.78, 30.02, 31.85, 29.4, 30.44, 30.58, 30.42, 30.03, 28.66, 30.66, 30.07, 31.88, 30.2, 30.34, 30.59, 30.97, 28.24, 30.78, 28.37, 29.96, 31.17, null, 29.21, 29.4, 28.38]",288.87
hot_truck_transit,44,"[28.67, 19.94, null, 19.88, 19.69, null, 19.5, 21.28, 22.95, 25.56, 24.78, 26.17, null, 27.32, 27.62, 26.93, 28.63, 27.05, 27.4, 25.7, 24.46, 23.07, null, 22.86, 20.14, 20.76, 19.58, 20.16, 19.99, 19.16, 21.0, 23.42, 22.9, 24.43, 24.96, 26.32, 25.95, 27.06, 28.26, 27.41, 28.41, 26.35, 26.57, 29.62]",305.86
mixed_chain,93,"[3.87, 4.02, 4.62, 4.08, null, 3.71, 3.58, 3.98, 3.62, 3.75, 3.15, 4.05, 3.55, 4.66, 3.55, 3.73, null, 3.72, 3.16, 3.9, 4.07, 3.75, 3.78, 3.74, 3.55, 3.63, null, 4.06, 27.59, 22.19, null, 21.21, 21.16, 21.84, 22.75, 24.54, 24.37, 24.38, 26.54, 27.69, 29.09, 27.4, 29.54, 29.89, 29.84, 29.98, 28.01, 27.82, 27.03, 25.7, 25.22, 23.18, 23.48, 22.27, 22.68, 22.85, 22.76, 27.13, 29.36, 28.67, 28.33, 30.11, null, 27.12, 27.92, 29.5, 30.82, 31.29, 28.77, 27.92, 29.11, 29.26, 27.03, 26.87, 27.53, 30.54, 28.77, 28.42, 29.68, 30.37, 28.18, 29.23, 29.34, 30.12, 29.06, 27.32, 29.04, 29.49, 28.92, 28.27, 27.49, 30.42, 29.94]",266.93
power_outage,25,"[4.53, 4.48, 4.4, 4.5, 4.74, 4.29, 4.4, 4.8, 4.65, 4.89, 4.94, 11.42, 19.24, 26.33, 33.45, 33.57, 4.42, 4.42, 4.32, 4.5, 5.24, null, 4.85, 4.5, 4.38]",664.89
market_display,66,"[30.62, 30.03, 32.4, 29.66, 32.18, 30.79, 31.06, 30.34, 29.38, null, 31.12, 29.71, 29.72, 31.62, 31.24, 29.19, 32.17, 32.27, 30.44, 28.7, 29.07, 30.08, 32.18, 30.94, 29.29, 32.51, 30.7, 31.73, 30.38, 28.46, 28.65, 29.76, 31.13, 31.28, 33.0, 30.74, 30.65, 29.6, 31.87, 32.51, null, 30.63, 31.19, 29.8, 28.64, 30.94, 31.46, 29.65, 30.75, 33.25, 32.09, 31.38, 30.13, 31.53, 28.8, 30.65, 30.14, 31.67, 28.16, 33.78, 30.24, 32.71, 31.64, 31.16, 31.06, null]",267.59
power_outage,67,"[2.68, 2.38, 2.91, 2.48, 11.44, 20.91, 29.41, 2.47, 2.8, 3.05, 2.31, 2.41, 2.7, 2.0, 3.0, 2.3, 2.47, 2.68, 2.61, 2.31, 3.11, 1.82, 2.26, 2.41, 2.31, 2.96, 2.1, 3.06, 2.51, 2.19, 1.97, 2.53, 2.39, 2.67, 2.46, 2.88, 2.55, 9.27, 16.49, 23.06, 30.03, 2.94, 2.51, 2.61, 2.85, 1.86, null, 2.53, 2.71, 2.36, 2.93, 2.38, 2.46, 2.4, 2.97, 1.97, 3.13, 3.04, 2.43, 2.91, 2.64, 3.09, 2.88, 3.26, null, 2.65, 2.08]",671.64
mixed_chain,89,"[null, 4.72, 4.78, 4.89, 5.24, 5.17, 6.28, 4.65, null, 4.93, 5.21, 5.38, 5.13, 5.18, 4.89, 5.69, 4.84, 3.78, 4.79, 5.99, 4.56, 5.23, 4.71, 5.22, 5.48, 4.85, 5.55, 5.47, 5.16, 5.0, null, 21.91, 21.57, 21.91, 21.22, 22.71, 20.97, 24.54, 24.04, 24.54, 26.05, 28.37, 27.4, 28.65, 28.14, 29.42, 29.97, 34.52, 28.56, 29.19, 29.71, 30.1, 27.81, 28.47, 30.79, 29.65, 29.23, 29.99, 26.25, 29.86, 32.08, 29.15, 29.39, 28.66, 27.91, 28.46, 30.13, 29.73, 28.01, null, null, 29.25, 28.82, 28.97, 27.77, 31.0, 29.41, 28.43, 28.1, 28.59, 30.46, 30.87, 28.29, 28.53, 27.05, 27.12, 29.21, 28.68, 28.62]",279.17
hot_truck_transit,75,"[29.78, 22.76, 23.45, 22.42, 22.31, 24.21, 24.26, 25.37, 25.15, 26.58, 27.84, 28.99, 31.47, 30.34, 31.54, 32.64, 32.05, 30.4, null, 28.91, 27.81, 27.48, null, 25.22, 23.85, 22.96, null, 22.94, 23.14, 24.01, 22.81, null, 25.61, null, 28.84, 29.84, 30.45, 30.35, 30.52, 31.77, 32.04, 31.55, 30.03, 28.84, 28.4, 27.41, 25.45, 24.66, null, 23.03, 23.63, 22.4, 22.85, null, 23.25, 25.3, 26.17, 28.28, 27.87, 28.93, 29.6, 29.5, 31.14, 30.67, 29.53, 31.16, 29.18, 29.07, null, 26.98, null, null, 23.4, 21.38, 27.68]",287.75
mixed_chain,95,"[1.84, 2.05, null, 1.52, 2.23, 2.65, 0.78, 2.19, 0.92, 2.71, 1.88, 2.12, 1.72, 2.91, 2.95, 1.68, 1.63, 2.46, 2.47, 1.97, 1.7, 2.72, 2.01, 1.99, 2.17, 1.53, 1.87, 1.72, 1.32, 1.77, 2.09, 1.8, null, 1.69, 2.36, 2.51, 2.38, 2.18, 2.44, 1.87, 27.83, 22.75, 22.84, 21.34, 21.03, 19.57, 21.44, 22.01, 23.03, 25.69, 26.8, 26.27, 26.94, 27.89, 27.0, 29.64, 29.13, 27.08, 26.46, 27.93, 28.59, 30.97, 34.06, 30.77, 32.1, 29.83, 31.31, 32.15, 31.43, 32.69, 30.95, 31.93, 31.53, 31.51, 32.89, 31.09, 31.7, 31.34, 33.84, 31.87, 31.88, 31.57, 32.41, 31.39, 31.34, 31.34, 31.96, 33.18, 31.49, 30.3, 30.09, 35.36, 30.89, 34.15, 31.58]",257.72
market_display,50,"[29.15, 30.21, 29.06, 30.46, 30.64, 26.64, 32.03, 32.16, 27.43, null, 27.91, 27.32, 30.85, 32.05, 29.85, 31.75, null, null, 29.41, 28.93, 30.39, 31.18, 28.49, 28.25, 30.93, 29.45, 30.81, 28.89, 29.08, 31.1, 30.86, 31.54, 29.62, 31.43, 30.41, 30.36, 28.85, 30.67, 29.57, 32.11, 29.87, 29.65, 31.41, 29.97, 28.85, 28.03, 28.8, null, null, 30.9]",284.4
hot_truck_transit,47,"[29.15, 23.11, null, 22.28, 23.23, 23.98, 24.11, 26.19, 26.52, 27.1, 27.14, 29.57, 28.88, 30.72, 28.57, 30.27, 29.41, 29.9, 28.26, 28.69, 28.07, 26.14, 25.37, null, 23.8, 24.28, 22.25, 23.09, 23.01, 21.93, 23.9, 24.59, 25.23, 28.08, 28.73, 28.05, 30.0, 30.72, 30.64, 29.78, 29.76, 30.55, 29.9, 28.43, 28.75, 27.86, 32.72]",277.51
mixed_chain,44,"[4.7, 4.62, 3.77, 5.13, 4.41, 4.47, 4.9, 4.71, 4.71, 4.65, 4.48, 4.46, 4.94, 4.33, 4.45, null, 4.96, 4.4, null, 23.33, null, 24.53, 23.29, 24.66, 25.8, 26.49, 26.48, null, 30.3, 29.53, 31.67, 31.31, 31.35, 31.84, 35.75, 26.74, 24.7, null, 26.06, 26.91, null, 28.98, 28.72, 23.35]",365.19
stable_cold,9,"[5.57, 5.81, 5.62, 6.08, 6.26, 5.93, 6.05, 5.93, 5.83]",655.34
power_outage,16,"[9.34, 14.72, 20.31, 25.07, 31.16, 3.0, 3.51, 3.37, 8.99, 14.17, 19.63, 25.31, 31.15, 3.2, 3.35, 2.97]",701.78
mixed_chain,6,"[2.84, 2.06, 26.51, 24.18, 33.66, 31.83]",320.81
stable_cold,16,"[2.82, 2.8, 2.74, 2.43, 3.3, 2.67, null, 2.82, 3.08, 3.04, 2.49, 2.96, 3.59, 2.92, 3.18, 3.09]",705.77
stable_cold,19,"[2.69, 3.68, null, 3.53, 2.54, 3.48, 3.31, 2.5, 3.13, 3.29, 3.37, 3.22, 3.26, 3.73, 3.63, 2.0, 3.02, 3.08, 2.44]",716.84
mixed_chain,14,"[4.92, 5.35, 4.8, 5.3, 5.07, 5.41, 29.76, 20.51, 20.46, 19.88, 23.54, 31.09, 30.88, 30.85]",323.47
power_outage,41,"[null, 5.07, 5.31, 4.94, 4.39, null, 4.7, 5.25, 5.02, 5.31, 4.74, 4.86, 4.92, 4.58, 5.36, 4.54, 5.35, 13.77, 22.21, 31.0, 5.12, 4.9, 5.11, 5.24, null, 11.6, 17.17, 23.85, 31.06, 4.9, 4.77, 5.01, 4.91, 4.73, 4.53, 4.43, 5.25, 4.9, null, 4.89, 5.13]",633.26
mixed_chain,50,"[5.34, 5.78, 5.98, 4.83, 5.49, 5.65, 5.73, 5.31, 5.64, 5.7, 5.61, 5.77, 5.59, 5.75, 5.35, 26.17, 21.29, null, 20.97, 21.07, 20.14, 23.37, 22.96, 24.59, 23.8, 26.35, 27.02, 26.73, 29.89, 30.12, 29.51, 34.74, 28.38, 26.75, 27.58, 28.2, 31.33, 27.76, 28.46, 28.93, 29.43, 28.6, 28.36, 31.84, 28.26, null, 28.37, 28.96, 29.81, 28.42]",312.93
market_display,7,"[31.36, 30.1, 30.03, 30.31, 30.28, 31.11, 30.69]",327.9
stable_cold,68,"[2.29, 1.68, 2.43, 2.24, 1.63, 2.02, 2.49, 1.61, 1.68, 2.09, 2.97, 1.84, 2.31, 2.22, 1.88, 2.18, 1.93, 1.97, 1.45, 2.1, 2.47, 2.14, 2.55, 2.35, 2.09, 1.86, 1.92, 1.52, 2.01, 2.17, 2.8, 2.32, null, 1.54, 2.03, 2.44, 2.02, 2.33, 2.04, 2.4, 1.47, 2.75, 1.67, 2.43, 2.0, 2.07, 2.02, 2.22, 2.3, 2.54, 2.68, 2.25, 2.8, 2.15, 2.54, 2.28, 1.89, 2.19, 2.31, 2.1, 2.28, 2.46, 2.1, 0.94, 2.78, 1.99, 1.78, 1.66]",685.19
stable_cold,19,"[2.28, 2.15, 2.02, 2.51, 2.1, 2.07, 2.23, 2.87, 1.65, 2.5, 1.43, 2.28, 2.82, 2.38, 2.26, 1.97, 2.2, 2.09, 1.88]",730.06
power_outage,3,"[9.24, 14.04, 19.86]",442.29
hot_truck_transit,39,"[31.28, 24.24, 26.08, 23.85, 24.56, 26.23, 25.92, null, 26.8, 27.7, 27.86, 29.84, 28.87, 31.94, 32.09, 31.65, 30.64, 32.8, 30.59, 31.1, 29.16, 29.39, 27.65, 26.31, 24.72, 25.8, 24.19, 23.57, null, 24.72, 26.09, 24.72, 29.09, 28.59, 29.24, 30.58, 29.82, null, 36.3]",259.53
market_display,96,"[28.91, 27.66, 28.47, null, 30.94, 29.13, 26.5, null, 28.47, 28.29, 28.78, 31.1, 28.97, null, 29.3, 29.26, 29.59, 28.29, 27.16, 30.71, null, 29.14, 30.97, 29.21, 29.51, 29.52, 30.19, 30.42, 27.07, 30.37, 28.72, null, 27.5, null, 28.12, 28.88, 28.79, 29.14, 29.75, 30.2, 30.18, 30.61, 28.48, 27.91, 28.69, 28.2, null, 28.48, 29.61, null, null, 30.09, 28.8, 25.93, 27.16, 29.28, 26.61, 27.19, 26.96, 28.54, 29.07, 26.74, 29.69, 28.8, 27.2, 28.83, 27.88, 27.86, 27.27, 28.76, 28.48, null, 28.63, 29.07, 28.55, 26.4, 28.73, 27.62, 30.13, 29.3, 29.97, 28.13, 29.86, 27.44, 28.76, 27.69, 29.5, 30.85, 29.21, 26.99, 27.97, 32.46, 29.77, 27.86, 29.89, 28.94]",254.45
power_outage,25,"[3.26, 3.46, 3.12, 3.41, 3.91, 3.77, 3.49, 2.64, null, 3.48, 3.38, 3.46, 11.04, 18.33, 26.01, 33.49, null, 16.04, 21.36, 26.84, 34.07, 3.19, 3.72, null, 3.62]",678.87
mixed_chain,24,"[3.64, 3.76, 2.98, null, 2.93, 2.91, 3.6, 2.55, 2.28, 2.75, 34.33, 24.61, 25.35, 25.49, 25.95, 25.5, 27.7, null, null, 24.46, 29.37, 26.21, 26.99, 28.83]",332.73
mixed_chain,40,"[6.22, 6.67, 5.8, 5.62, 5.82, 5.11, 5.83, 5.69, 5.36, 6.35, 5.54, null, 5.22, 5.9, 6.62, 5.92, 6.28, 21.93, null, 19.65, 17.69, 18.77, 17.34, 18.69, 22.47, 26.1, 32.71, 30.68, 32.7, 32.71, 31.55, 33.7, 30.05, 31.51, 33.55, 33.08, null, 31.15, 32.24, 29.59]",313.68
power_outage,28,"[4.53, 4.55, 4.24, 4.47, 4.92, 17.23, 28.99, null, 4.14, 4.5, 9.57, 14.87, 19.68, 24.3, 28.88, 5.0, 4.49, 4.72, 4.55, 5.19, 4.41, 4.86, 4.56, null, 5.07, 3.99, 4.57, null]",662.77
mixed_chain,47,"[5.56, 5.89, 5.55, 5.05, 6.38, 5.08, 5.75, 5.61, 5.84, 5.38, 5.55, 5.16, 5.65, 4.9, 5.92, 6.35, 5.86, 4.59, 5.2, 5.81, 4.97, 4.88, 5.47, 26.43, 20.11, 20.15, 20.69, 20.31, 20.51, 22.28, 22.65, 23.58, 24.02, 24.34, 30.58, 28.29, 29.49, 29.85, 28.24, 29.39, 29.91, 28.38, 31.26, 28.37, 30.71, 30.11, 32.98]",284.98
power_outage,70,"[1.77, 2.42, 2.38, 2.24, 2.51, 1.97, 17.66, 33.79, 2.32, 2.32, 1.91, 2.02, 1.84, 2.65, 1.67, 2.42, 2.32, 1.66, 2.48, 2.06, 1.75, 2.25, 1.9, 9.83, 17.49, 25.12, 32.78, 2.38, 2.24, 2.22, 2.03, 2.16, 1.92, 1.92, 2.65, 2.41, 1.97, 1.69, 1.63, 1.95, 2.17, 2.18, 2.19, 2.24, 1.83, 2.59, 2.08, 2.23, null, 2.24, 2.76, 1.85, 1.81, 1.88, 2.04, 1.99, 1.83, 2.13, 2.61, 2.1, 2.11, 2.24, 2.34, 2.55, 2.21, 2.14, 1.84, 2.36, 1.89, 1.88]",673.51
mixed_chain,44,"[1.87, 2.22, 2.51, 2.8, 3.06, 2.28, 3.13, 2.89, 3.03, 3.0, 2.45, 3.32, 3.13, 27.88, 17.02, 16.87, 18.26, 17.44, 17.99, 19.39, 19.73, 21.69, 22.82, 22.25, 28.16, 30.58, 29.45, 30.83, 29.62, 31.59, 30.02, 27.87, 30.38, 29.34, 27.27, 29.31, 30.36, 30.63, 30.5, 29.68, 29.26, 28.61, 30.71, 30.54]",302.16
market_display,16,"[29.45, 27.25, null, 28.78, 29.43, 29.4, null, 30.49, 27.37, 28.85, 30.69, 30.4, 29.43, 30.88, 30.06, 29.83]",326.44
hot_truck_transit,64,"[28.46, 25.35, 24.38, 25.02, 25.08, 25.4, 25.75, 25.05, null, 27.38, 28.9, 30.12, 31.22, 31.59, 31.8, 33.02, 31.18, 31.51, 29.53, 29.56, 28.17, 28.97, 27.5, 25.73, 22.99, 23.7, 23.64, 24.09, 25.12, 23.77, 24.47, 25.04, 27.35, 26.65, 28.0, 30.76, 32.43, 31.9, 31.99, 34.12, null, 31.43, 30.78, 31.58, 29.85, 28.8, 27.61, 26.02, 25.29, 24.15, null, 24.61, 24.36, 25.56, 25.76, 26.53, 26.65, 27.4, 28.52, 31.25, 29.83, 32.0, 32.4, 35.53]",243.65
market_display,68,"[28.25, null, 29.38, 30.5, 29.88, null, 30.26, 31.35, 30.17, 30.33, 29.95, 30.37, 29.78, 30.42, 29.71, 33.1, 30.85, 31.07, 30.17, 28.61, 28.76, 30.17, 30.13, 30.85, 30.6, 29.81, 33.56, 30.8, null, 29.93, 31.24, 30.11, 31.52, 30.27, 29.92, 28.65, 31.62, 29.07, 31.28, 29.66, 31.41, 31.92, 29.47, 29.37, 33.04, null, 31.25, null, 29.16, 30.63, 29.92, 29.17, 30.71, 28.33, 30.74, 29.3, 31.23, 30.5, 31.01, 31.99, 29.58, 29.2, 31.82, 32.41, 31.92, 27.58, 31.1, 29.26]",277.32
market_display,52,"[30.02, 28.85, 28.25, 31.27, 27.42, 31.9, 30.91, 32.02, 32.22, 31.57, 29.71, 29.48, 30.36, null, 32.5, 29.02, 31.2, 30.27, 30.28, 31.01, 27.14, 30.26, 28.74, 31.11, 30.6, 32.26, 32.02, 29.5, 30.56, 32.16, 30.8, null, 32.21, null, 30.49, 31.55, 31.35, 32.3, 30.4, 31.8, 29.8, null, 31.38, 31.13, 30.68, 30.28, 31.17, null, 30.44, 31.12, 28.51, null]",281.98
mixed_chain,61,"[3.25, 4.01, 3.15, 3.44, 3.24, 3.31, 3.72, 3.65, 2.66, 2.98, null, 2.87, 2.98, 3.53, 3.78, 3.73, 2.75, 3.28, 3.24, 3.15, 2.76, 3.94, 3.34, 25.26, 18.55, 18.2, 18.43, 19.1, null, null, 20.82, 21.6, null, 23.52, null, 26.32, 26.05, 26.12, 25.59, 28.57, 33.38, 30.74, 33.55, 32.35, 35.31, 33.95, 32.27, 31.08, 31.25, 31.84, 34.63, null, 32.73, null, 32.24, 31.97, 34.22, 33.51, 30.76, 30.48, 33.44]",269.11
market_display,55,"[34.25, 33.79, 31.8, 32.67, 32.74, 32.59, 29.96, 31.95, 33.27, 34.56, 32.8, 33.64, 33.39, null, 30.72, 33.68, null, 31.82, 33.76, 32.51, 30.67, 32.38, 31.64, 32.86, 32.81, 31.55, 30.76, 31.78, 34.19, 30.92, 33.2, 33.04, 31.66, 31.31, 33.04, 32.29, 31.72, 32.89, null, 33.81, 32.48, 28.27, 32.04, 31.12, 32.08, 31.91, 31.95, 33.62, 32.05, 32.0, 32.9, 31.06, 31.92, 30.68, 33.07]",261.39
mixed_chain,74,"[3.18, 3.62, 3.19, 4.59, 3.15, 4.28, 3.35, 3.19, 3.44, 2.99, 3.08, 4.1, 3.63, 3.82, 3.26, 3.73, 3.51, 3.17, 4.72, 2.89, 3.48, 3.67, 3.57, 3.27, 3.19, 3.59, 30.76, 25.14, 25.07, 25.57, 24.97, 25.21, 26.41, 25.37, 27.04, 28.39, 28.84, 31.09, 31.36, 31.07, 31.38, 32.5, 32.9, 32.04, 33.42, 30.35, 29.08, 29.55, 27.73, 27.58, 29.36, 31.29, null, 31.03, null, 29.68, null, 33.77, 32.04, 30.02, 34.48, 31.22, 32.05, 32.4, 33.04, 32.57, 31.83, 31.98, 31.16, 30.75, 31.63, 33.86, 30.72, 30.41]",277.03
hot_truck_transit,42,"[26.09, 19.99, 19.59, 19.46, 20.98, null, 19.67, 22.21, 22.29, 24.56, 25.16, 26.69, 27.35, 27.91, 28.47, 28.35, 27.0, 26.24, 25.86, 26.28, 22.95, 23.68, null, 22.67, 20.77, 19.94, 20.88, 19.62, 19.63, null, 21.09, 21.43, 22.4, 24.86, 24.77, 25.34, 25.73, 27.32, 27.11, 27.4, 26.88, 31.14]",296.2
mixed_chain,23,"[4.81, 5.23, 5.01, 4.31, 4.89, 4.48, 4.34, 4.78, 5.0, 23.9, 20.08, 18.96, 19.56, 19.76, 18.27, 21.56, null, 25.88, 28.07, 26.21, 25.76, 26.63, 28.5]",337.13
stable_cold,65,"[null, 5.28, null, 5.35, 5.45, 5.01, null, 5.56, 5.97, 5.77, 5.49, 5.18, 5.25, 4.87, 4.59, 4.72, 5.19, null, 4.58, 5.16, 5.04, 4.7, 5.02, 5.04, 4.92, 5.54, 4.41, 4.38, 5.17, 5.21, 5.33, 4.95, 4.8, 5.17, 4.99, 5.79, 5.04, 5.15, 6.16, 5.09, 5.39, 5.43, 5.46, 5.29, 5.25, 5.21, 4.94, 5.3, 5.98, 5.65, 5.29, 5.51, null, 5.07, 5.55, 5.77, 4.86, 4.98, 6.04, 5.21, 5.9, 5.25, 5.27, 5.05, 5.55]",605.55
hot_truck_transit,67,"[24.57, 18.25, 16.78, 18.73, 18.53, 17.82, 20.52, 20.6, 21.11, 21.85, 22.75, 23.6, null, 25.91, 25.25, 27.27, 26.02, 24.96, 26.64, 23.35, null, 22.23, 21.45, 19.63, 17.63, 18.79, 17.53, 17.94, 17.72, 17.9, 19.19, null, 20.52, null, 22.47, 24.03, null, 24.34, 25.2, 26.2, 26.03, 25.06, 25.04, 24.44, 23.73, 22.76, 22.16, null, 18.29, 18.53, 17.35, 18.9, 19.46, 18.76, 20.33, 21.1, 21.44, 22.65, 24.02, 23.11, 25.26, null, 24.94, 27.76, 26.97, 26.57, 31.29]",276.6
hot_truck_transit,40,"[null, 20.29, 19.93, 19.73, 19.19, 19.23, 19.41, 21.61, 22.85, 24.25, 25.74, 26.45, 27.4, 26.44, 28.53, null, 26.6, 28.1, 25.9, 24.95, 26.05, 23.97, 21.91, 21.35, 21.8, 19.35, 19.8, 19.66, 22.09, 19.15, 19.82, 21.32, 22.23, 23.81, 24.44, 26.45, 26.68, 26.47, 27.45, 31.99]",291.72
hot_truck_transit,90,"[null, 24.48, 23.65, 24.81, null, 24.51, 24.62, 25.57, 26.19, 28.0, 27.49, 29.67, 29.48, 31.2, 33.11, 31.89, 32.13, null, 28.3, 29.23, 28.72, 25.66, 26.07, 25.27, 23.52, 23.09, 24.54, null, 23.68, 24.8, 24.48, null, null, 26.61, 28.36, null, null, 30.65, 30.56, 30.66, 30.3, null, 29.36, 28.34, 27.51, 27.5, 26.83, 25.93, 24.67, 24.3, 23.42, 23.7, 23.82, 23.28, 23.64, 26.41, 26.4, 28.17, 27.49, null, 29.06, null, 30.7, 30.89, null, 31.33, 30.68, 28.37, 26.88, 28.11, 24.5, 24.93, 23.85, 23.13, 23.11, 22.49, 22.49, 24.07, 25.36, 23.94, 26.45, 27.76, 28.72, 29.15, 29.68, 31.4, 31.46, 29.82, 31.02, 35.49]",223.67
mixed_chain,10,"[3.4, 3.84, 3.71, 3.49, 30.34, null, 26.56, 30.03, 28.31, 30.51]",328.87
hot_truck_transit,65,"[27.97, 19.87, 18.31, 18.68, 19.73, 18.92, 20.34, 21.1, 21.93, 23.6, 24.27, 24.1, null, 26.11, 25.83, 27.65, 25.97, 26.24, 26.12, 25.0, 23.59, 22.26, 21.41, 20.19, 20.13, 19.15, null, 18.82, null, 19.81, 20.52, 22.13, 22.54, 22.18, 22.35, 23.84, 25.48, null, 26.43, 27.08, 26.47, 26.74, 25.4, 24.45, null, 23.03, 22.11, 21.73, null, 19.3, 20.03, 18.7, 20.0, null, null, 21.23, 22.31, 22.38, 22.77, 25.42, 25.72, 26.21, 28.24, 26.82, 32.17]",271.2
hot_truck_transit,33,"[26.76, 21.23, 19.43, 19.72, 19.66, 21.07, 22.16, 21.15, 22.43, 24.13, 24.75, 24.71, 24.82, 26.43, 27.57, 27.12, 26.46, 26.44, 27.73, 24.54, null, 23.03, 23.97, 20.26, 19.98, 20.03, 19.71, 20.34, 20.39, 19.41, 20.86, 21.3, 27.28]",335.82
stable_cold,13,"[5.18, 3.8, 4.44, 4.72, 5.06, 4.56, 4.43, 5.06, 4.58, 4.98, 4.32, 4.23, 5.07]",666.82
mixed_chain,70,"[4.89, 5.31, 4.85, 5.3, 5.65, 4.6, 4.97, 3.82, 4.98, 4.26, 4.93, 4.51, 4.87, null, 4.54, 4.99, 4.83, 3.91, 4.63, 4.43, 4.29, 4.4, 4.99, 5.31, 4.93, 4.43, 4.7, 4.7, 5.05, 4.69, 32.68, 25.56, 25.91, 25.7, 26.65, 26.42, 26.48, 27.55, 28.97, 30.38, 30.37, 31.45, 32.24, 32.91, 33.42, 34.2, 34.5, 34.98, 31.53, 29.28, 32.78, 31.08, 31.42, 32.41, 30.86, 31.63, 31.64, 33.21, 33.64, 31.11, 32.97, 28.66, 30.87, 31.94, 29.48, 33.76, 32.95, 30.74, 33.76, 32.13]",269.99
mixed_chain,32,"[5.82, 6.02, 5.12, 5.15, null, 5.04, 4.97, 5.05, 5.23, 5.71, 5.48, 5.8, 5.64, 5.95, 5.83, 31.69, 22.72, 22.44, 23.3, 22.45, 24.05, 23.61, 25.79, 31.27, 30.26, 27.68, 29.39, 29.29, 27.27, 27.18, 30.73, 29.25]",323.55
power_outage,55,"[1.93, 2.18, 1.67, 2.28, 1.9, 9.59, 17.33, 25.11, 33.14, 2.51, 1.87, 1.4, 8.42, 14.22, 21.04, null, 33.2, 2.42, 2.25, 1.69, 1.73, 1.53, null, 1.8, 2.41, 1.9, 1.74, 2.07, 1.97, 2.3, 2.31, 1.89, 1.63, 1.7, 1.38, 1.98, null, 1.72, 1.68, 2.06, 1.87, 2.0, 1.95, 2.14, 1.89, 1.92, 1.5, 2.05, 2.09, 2.01, null, 2.11, 2.02, null, 2.7]",669.94
hot_truck_transit,4,"[35.51, 25.88, 25.4, 30.97]",328.69
market_display,13,"[28.18, 26.76, 24.08, 28.16, 26.48, 22.69, 25.61, 25.23, 25.52, 26.05, 26.96, 27.61, 27.66]",349.33
mixed_chain,85,"[4.95, 4.5, 3.94, 4.26, 4.38, null, 3.91, 4.34, 3.88, 3.81, 4.03, 4.23, 4.25, 4.29, 5.06, 4.29, null, 4.2, 4.23, 3.42, 4.32, 4.1, 4.28, null, 4.26, 4.26, 4.1, 4.53, null, 4.56, null, 4.14, null, 3.86, 27.4, 22.35, 21.7, 22.27, 22.0, 22.37, 22.83, 23.69, 23.93, 26.32, 26.36, 28.59, 27.89, 30.21, 29.06, 30.4, 29.34, 29.41, null, 27.18, null, null, 25.28, 24.24, 23.17, 23.99, 21.29, 21.71, 19.98, 22.68, 22.28, 29.14, 26.0, 26.37, 25.35, 26.57, 25.68, 25.42, 26.96, 26.45, 24.12, 25.8, 25.02, 27.78, 25.32, 25.44, null, 26.79, 25.39, 26.38, 26.52]",304.79
stable_cold,28,"[6.1, 5.86, 5.14, 5.8, 5.79, null, 5.87, 5.47, 4.97, 5.72, 5.62, 5.44, 5.52, 5.25, 5.78, 5.52, 5.6, 5.68, 5.07, 5.18, 4.65, 5.76, 5.05, 5.59, 5.68, 5.77, 5.05, 5.51]",642.76
market_display,45,"[34.53, 32.38, 32.61, 32.9, 29.99, 32.72, 30.48, 32.36, 33.64, 31.83, 33.62, 30.25, 32.66, 32.68, 29.09, 32.94, 28.74, 32.53, 32.86, 31.81, 32.52, 35.04, null, 30.91, 34.77, null, 33.7, 30.34, 29.34, 31.25, 32.07, 31.66, 31.65, 30.03, 32.54, 31.96, 29.64, null, 32.12, 33.55, 31.63, 33.44, 33.31, 31.29, 33.08]",271.5
market_display,76,"[30.91, 29.83, 29.08, 29.88, 30.0, 29.92, 29.65, 29.26, 31.34, 31.94, 29.21, 30.19, 28.09, 29.59, 32.61, 31.69, 30.99, 28.86, 29.41, 29.63, 31.47, 31.81, 30.26, 31.34, 29.38, 30.64, null, 32.17, 28.87, 32.0, 33.16, 28.56, 28.37, null, 29.82, 30.07, 31.76, 29.27, 30.66, 28.7, 31.39, 31.38, 30.56, 30.37, 30.34, 30.15, 30.27, 31.4, 28.21, 32.56, 30.58, 33.06, 30.66, 30.37, null, 28.86, 29.07, 30.11, 30.45, 31.59, 30.45, 32.1, 27.14, 32.52, 29.86, 31.17, 31.79, 28.78, 32.09, 31.26, 32.48, 30.45, 30.35, 29.46, 29.51, 30.28]",262.0
power_outage,70,"[4.31, 3.63, 4.33, 3.95, 4.23, 4.38, 4.38, null, 4.12, 4.34, 3.62, 3.79, 3.99, 3.67, 3.99, 3.97, 4.1, 4.05, 4.39, 12.53, 20.62, 28.83, 4.06, 4.06, 4.83, 3.63, 3.79, null, 4.15, 4.14, 3.9, 4.34, 10.4, 16.78, 23.07, 28.29, 4.28, 3.68, 4.15, null, 4.06, 3.71, 4.38, 3.68, 4.3, 3.64, 4.07, 4.61, 4.78, 3.59, 3.86, 3.91, null, 4.05, null, 4.16, 3.71, 3.51, null, 4.77, null, 4.39, 3.65, 3.97, 4.3, 3.74, null, 3.81, 4.32, 4.19]",624.01
mixed_chain,21,"[6.22, 5.1, 5.26, 5.38, 5.1, 5.86, 5.92, 5.91, 5.92, 5.05, 33.02, 24.71, 24.34, 23.34, 24.06, 28.93, 32.99, 30.52, 32.33, 30.72, null]",342.73
hot_truck_transit,74,"[27.2, 21.63, 21.14, 21.42, 20.75, 20.76, 22.41, 23.78, 23.98, 25.01, 25.2, 27.53, 28.41, 28.49, 28.2, 29.18, 29.11, 28.55, 27.08, null, 26.28, 25.45, 23.97, 24.14, 22.29, 22.77, 21.43, 20.19, 21.92, 21.36, null, 23.95, 23.08, 23.71, 25.98, 27.36, 28.64, null, 27.18, 28.34, 27.97, 27.07, 27.81, null, 26.93, 25.51, 23.63, 23.98, 22.12, 21.7, 20.72, 20.92, 20.91, 20.55, 22.8, 23.25, 24.72, null, 26.72, 25.86, 28.38, 29.12, 28.15, 30.01, 30.23, 28.12, 29.1, 25.75, null, 23.02, 24.82, 21.89, 20.73, 24.6]",316.95
stable_cold,32,"[5.65, 5.19, 5.31, 5.4, 5.25, 5.03, 5.06, 4.87, 5.36, 5.16, 4.93, 4.93, 4.71, 5.58, 5.22, 4.85, 5.52, 4.97, 4.63, 5.6, 4.98, 5.03, 5.21, 5.65, 5.2, 4.71, 5.41, 5.0, 5.95, 5.19, 4.3, 5.34]",642.37
stable_cold,95,"[2.72, 2.96, 2.36, 3.2, 2.36, 3.1, 2.55, 2.7, 3.5, 3.27, 3.5, 3.66, 2.73, 3.64, 2.45, 3.34, 2.84, 2.66, 3.28, 3.41, 3.4, 3.12, 3.09, 3.25, 3.16, 3.25, 3.12, 3.37, 2.39, 2.98, 2.48, 3.15, 3.69, 2.85, 3.09, 3.34, 2.21, 2.83, 3.18, 1.88, 2.65, 3.48, 3.44, null, 3.39, 3.12, 3.26, 2.91, 3.08, 2.78, 3.54, 3.65, 3.59, null, 2.66, 3.55, 3.25, 3.17, 2.78, 3.21, 2.6, 3.29, 3.59, 3.69, 3.32, 2.48, 3.12, 3.89, 2.69, 3.01, 3.6, 3.28, null, 2.74, 2.64, 3.53, 2.56, 2.96, 3.01, 3.45, 3.28, 3.22, 2.88, 3.52, 4.65, 3.31, 3.08, 2.52, 2.78, 2.95, 2.82, 3.03, 3.75, 3.54, 2.97]",628.97
power_outage,72,"[5.56, 5.61, 5.37, 5.7, 5.48, 4.95, 5.39, 5.14, 5.53, 5.22, 5.64, 5.51, 5.12, 5.35, 5.68, 5.84, 5.23, 5.17, 6.08, 5.49, 5.52, 5.27, 5.56, 6.01, 5.57, 5.82, 5.5, 5.19, 5.29, 5.16, 5.56, 5.86, 5.54, 5.4, 5.26, 5.6, 5.12, 5.16, 5.77, 5.41, 5.41, 5.45, 5.71, 5.55, 5.27, 5.28, 5.44, 5.59, 5.49, 5.46, 12.02, 18.5, 24.79, 31.87, 5.35, 5.53, 4.88, 5.43, 5.17, 5.2, 6.22, 5.57, 5.86, 5.75, 5.79, 5.44, 5.98, 5.75, 5.51, 5.57, 5.45, 5.51]",596.26
mixed_chain,95,"[2.33, null, 1.94, 1.78, 2.76, null, 2.4, 1.57, 2.25, 2.44, 1.52, 2.33, 1.8, 1.13, null, null, 1.79, 1.47, 1.78, 2.62, 2.77, 1.72, 1.99, 2.16, 1.64, 2.31, 2.63, 1.57, 2.6, 1.58, 1.94, 3.06, 2.81, 1.51, 29.57, 24.94, 24.31, 24.11, 23.89, 26.24, 24.69, 25.38, null, 27.08, null, 29.66, 30.06, null, 32.02, 31.97, 31.93, 31.93, 29.58, 30.79, 27.57, 27.04, 27.48, 26.73, 24.66, 29.33, 25.99, 27.2, 26.29, 27.95, 28.29, 28.47, 26.35, 28.48, 28.64, 29.57, 27.28, 26.68, 26.99, 28.19, 27.92, 27.74, 27.27, 28.68, 28.6, 27.63, 30.76, 26.36, 27.32, null, 27.04, 27.66, 28.34, 27.99, 31.33, 26.01, 27.53, 28.72, null, 28.83, 29.64]",269.77
stable_cold,83,"[5.8, 5.03, 5.39, null, 5.23, 5.77, 5.47, 5.3, 5.61, 5.75, 5.25, 5.5, 5.78, 5.29, 4.93, 4.98, 5.43, 5.07, 5.45, 6.26, 5.04, 5.48, null, 5.76, 5.45, 5.53, 5.76, 6.27, 5.38, 5.29, 5.04, 5.63, 5.03, 5.41, 5.23, null, 5.39, 5.75, 4.95, 5.65, 5.11, 5.42, 6.48, 5.97, 5.54, 6.87, null, 6.06, 4.98, 5.5, 5.05, 5.7, 5.62, null, 6.03, 5.37, 5.72, 5.92, 5.0, null, 5.61, 5.84, 6.16, 5.51, 5.47, 5.24, 5.72, 5.47, 5.48, null, 5.81, 5.37, null, 5.77, 4.38, 5.35, 5.13, 6.07, 5.42, 5.37, 5.57, 5.35, 5.43]",589.05
mixed_chain,61,"[2.56, 2.93, 3.23, 2.16, 2.95, 3.56, 3.0, 3.12, 2.94, 3.01, 3.17, 2.58, 2.36, 3.13, 2.91, 3.65, 2.33, 3.26, 2.5, 2.98, 3.16, 2.9, 2.94, 27.08, 22.26, 22.57, 22.51, 22.52, 22.14, 24.41, 24.71, 25.65, 26.49, 26.67, 27.15, 29.34, 35.4, 33.42, 32.37, 33.38, 31.81, 32.19, 32.43, 30.43, 31.65, 34.22, 31.79, 32.78, 31.7, 31.72, 32.85, 31.16, 33.54, 33.46, 33.3, 30.05, 32.62, 34.84, null, 34.52, 29.58]",295.1
hot_truck_transit,5,"[30.2, 23.41, 22.55, 23.62, 25.11]",381.66
mixed_chain,53,"[4.57, 4.43, 4.44, 4.77, 3.99, 4.23, 3.9, 4.42, 4.61, 4.53, 3.93, 4.78, 4.08, 4.23, 4.72, 4.36, 4.24, null, 4.46, 4.35, 4.23, 4.18, 25.31, 20.32, 20.18, null, 19.6, 19.63, 22.44, 21.03, 21.28, 23.84, 24.85, null, 26.41, 29.9, 29.07, 27.63, 26.86, 27.62, 29.57, 29.07, null, 26.05, 25.31, 28.96, 27.98, 27.97, 28.34, 27.89, 27.74, 30.11, 29.38]",307.05
stable_cold,14,"[2.69, 2.3, null, 2.9, 2.71, 3.03, 2.43, 2.22, null, 2.59, 2.57, 2.06, 2.53, 2.59]",719.04
hot_truck_transit,61,"[28.77, 23.26, 23.02, null, 23.07, 23.71, 24.53, 24.34, 25.75, 26.83, 27.55, null, 30.68, 31.68, 30.74, 30.56, 30.93, 30.66, 30.51, null, null, 29.09, 25.06, 25.85, 25.49, 23.46, 23.61, 21.78, 23.28, 24.59, 24.39, 25.16, 27.48, 27.78, 28.73, 28.48, 28.0, 30.89, 30.99, 31.74, 31.09, 30.63, 29.98, 28.24, 26.69, 26.42, 25.21, 25.09, 22.99, null, 24.81, 23.07, null, 23.67, 24.47, 24.71, 25.96, 26.69, 26.97, null, 32.3]",268.43
mixed_chain,21,"[3.76, 3.87, 3.6, 4.24, 4.27, 4.0, 3.48, 3.59, 31.81, 24.53, 24.99, 27.53, 26.77, 25.8, 26.68, 27.69, 27.46, 27.28, 27.62, 25.91, 26.0]",360.19
hot_truck_transit,91,"[31.49, 25.68, 25.28, 24.52, 25.07, 25.77, 26.27, 27.8, 27.33, 28.12, 28.67, 31.35, 32.67, 31.77, 32.09, null, 34.13, 33.77, 32.35, 31.81, 30.05, 28.1, 27.11, 27.24, 27.15, 25.64, 25.86, 25.17, 25.62, 26.39, 27.48, 27.47, 29.76, 29.05, 31.34, 31.71, 30.61, null, 32.37, 33.04, 33.8, 32.11, 32.01, 31.77, 29.62, 29.05, 27.92, 28.01, 27.67, 24.9, 25.44, 24.82, 25.4, 27.19, 26.72, 26.79, 27.11, 30.04, 29.91, 30.62, 32.31, 33.17, 32.81, 32.48, 34.2, 33.25, 32.86, 30.96, 29.61, 28.81, 26.99, null, 25.87, 25.71, 25.42, 25.31, 24.91, 24.83, 25.26, 27.4, 28.31, 28.13, 31.42, 31.91, 31.25, 32.92, 33.0, 33.45, 33.24, 33.24, 37.17]",210.16
power_outage,35,"[4.89, 4.85, 5.63, 4.87, 5.45, 4.75, 10.26, 15.23, 20.57, 25.57, 30.32, 4.9, 5.55, 4.87, null, 4.5, 4.58, 5.24, 5.72, 4.45, 4.83, 5.09, 10.57, 14.92, 20.38, 25.17, null, 5.1, null, 5.09, null, 5.35, 4.71, 4.46, 5.02]",640.04
stable_cold,42,"[4.37, 4.51, 4.51, 4.86, 4.72, 4.59, 4.64, 4.47, 4.71, 5.23, 4.18, 4.93, 5.34, 4.71, 4.57, 5.16, 4.39, 4.78, 4.37, 4.04, 4.73, 4.28, 4.78, 5.23, null, 4.82, 5.19, 4.95, 4.63, 4.02, 5.44, 4.37, 5.34, null, 4.4, 4.91, 5.64, 5.4, 4.58, 4.5, 4.83, 4.72]",644.79
market_display,4,"[30.98, 31.08, 30.44, 32.77]",313.95
hot_truck_transit,6,"[31.32, 22.1, 22.9, 24.48, 23.51, 28.64]",347.31
mixed_chain,38,"[4.62, 4.34, 4.69, 5.12, 5.18, 4.93, 5.48, 5.29, 4.54, 4.78, 4.17, 5.56, 22.75, 19.33, 19.89, 19.88, 18.47, 18.8, 19.03, 21.83, 21.84, 21.84, 28.9, 31.51, 31.71, 30.93, 33.72, 31.68, 30.88, 34.1, 32.72, 29.75, 33.18, 29.99, 31.35, 32.87, 32.83, 31.41]",299.48
hot_truck_transit,16,"[29.88, 22.95, 22.28, 22.98, 20.41, 23.52, 24.14, 24.2, 25.36, 26.45, 26.29, 28.02, 29.52, 28.01, 30.22, 34.02]",295.0
market_display,81,"[28.61, 29.08, null, 32.51, null, 30.24, 30.87, 27.79, 27.54, 30.99, null, null, 28.16, 25.48, 28.8, 28.99, 30.36, 28.53, 28.34, 29.72, 30.15, 27.67, 26.69, 31.75, 30.94, 28.26, 28.67, 29.01, 28.03, 28.35, 28.91, 27.35, 31.86, 27.03, 26.53, 30.14, 28.58, 29.57, 29.06, 28.6, 28.94, 29.54, 30.42, 28.15, null, 28.5, 28.62, 28.0, 28.71, 27.58, 27.69, null, 26.34, 27.92, 28.45, 29.48, 27.38, 29.0, 29.5, 28.72, 29.27, 29.3, 28.6, 28.23, null, 27.73, 26.33, 28.15, 28.34, 29.2, 29.15, 28.25, 29.12, 30.1, 28.8, 27.9, null, null, 27.29, 29.81, 28.35]",273.65
mixed_chain,16,"[3.86, 4.05, 3.98, null, 4.11, 29.62, 20.15, 21.41, 19.66, 19.08, 24.35, 31.53, 30.2, 30.71, 30.68, 28.47]",341.45
power_outage,51,"[2.67, 3.66, 2.62, null, 3.16, 9.79, 16.36, 22.54, 29.25, 2.12, 2.75, 2.79, 3.0, null, 2.99, 3.1, 2.77, 3.16, 2.78, 3.12, null, 2.89, 2.31, 3.1, 2.89, 2.99, 2.87, 2.92, 3.17, 2.63, 2.92, 2.54, 2.95, null, 2.59, 2.8, 2.61, 2.66, 2.88, 2.86, null, 2.89, 2.68, 2.65, 2.44, null, 2.62, 3.16, 2.25, 2.49, 2.47]",681.59
stable_cold,73,"[4.04, 4.35, 3.35, 3.86, null, 3.65, 3.62, null, 2.09, 4.14, 3.24, 3.43, 3.43, 3.21, 3.62, 3.5, 3.24, 3.58, 3.51, 3.89, 2.99, 3.2, 3.81, 3.27, 3.16, 3.29, 3.48, 3.48, 3.44, 3.11, 3.83, 4.05, 2.76, 2.9, 3.92, 4.15, 2.67, 3.85, 4.18, 3.18, 4.15, 3.45, 3.65, null, 3.92, 3.86, 4.21, null, 3.52, 4.77, 4.06, 3.74, 3.12, 2.91, 2.94, 3.15, 4.07, 3.72, 3.28, 3.47, 3.42, 3.84, 3.17, 3.66, 3.64, 3.18, 4.16, null, null, 3.86, 3.54, 3.69, 3.05]",648.6
mixed_chain,73,"[4.4, 4.35, 4.56, null, 4.24, 4.38, 4.18, 4.95, 4.43, 4.67, 4.9, 4.51, 4.12, 4.91, 4.94, 5.35, 4.83, 4.73, 4.82, null, null, 4.47, 4.81, null, 4.64, 27.68, 20.59, 20.14, 21.74, 20.19, 19.84, 21.56, null, 24.82, 24.61, 26.12, 26.39, 27.35, null, 28.19, 27.65, 27.88, 28.09, 27.51, 26.54, 24.92, 28.26, 32.48, 33.7, 31.07, 31.97, 34.39, 32.73, 33.14, 31.74, 31.69, 30.89, 34.58, null, 30.56, 33.6, 31.38, 33.03, 32.99, 33.43, 30.51, 32.63, 30.88, 32.25, 33.21, 30.13, 31.66, 31.05]",274.18
stable_cold,28,"[5.26, 5.28, 5.43, null, 4.82, 5.57, 4.74, null, null, 5.31, 5.46, 6.0, 4.72, 5.71, 4.35, 5.92, 4.54, 6.33, 5.2, 5.87, 5.79, 5.18, 5.21, 5.02, 5.67, 5.19, 5.03, 5.57]",641.64
mixed_chain,23,"[1.85, 2.49, 2.43, 2.14, 2.52, 2.32, 2.03, 1.86, 2.55, 2.06, 2.17, 26.64, 20.93, 21.24, 21.13, 22.42, 32.95, 32.01, 32.14, 33.03, 32.78, 32.59, 29.4]",329.19
market_display,34,"[32.67, 31.61, 30.66, 31.43, 32.08, 30.35, 32.45, 34.16, 31.26, 34.77, 31.38, 31.96, 32.81, 32.17, 30.19, 32.53, 32.32, 31.91, 32.31, 32.76, 31.16, 32.87, 31.49, 34.07, 33.47, 31.03, 33.7, 32.71, 32.86, 32.01, 31.81, 31.9, 31.08, 29.98]",305.07
market_display,37,"[30.76, 31.86, 32.55, 34.11, null, 31.75, 32.13, 30.44, null, 29.67, 32.49, null, 33.3, 32.32, 31.59, 30.92, 32.28, 31.52, 32.47, 33.21, 30.91, 31.3, 33.36, 33.49, 30.66, 30.82, 30.8, 32.11, 30.15, 31.86, 31.77, 31.09, 31.93, 31.93, 31.39, 33.84, 31.33]",292.1
stable_cold,63,"[5.85, 5.92, 5.58, 5.82, 5.91, 5.69, 5.55, 5.03, 5.85, 5.63, 5.45, 6.12, null, 6.27, 5.6, 5.74, 5.45, 4.94, 5.56, 5.75, 5.88, 5.53, 4.73, 4.99, 6.43, 5.17, 6.18, null, 5.54, 5.86, 5.28, 6.25, 5.64, 5.8, 5.5, 5.87, 6.24, 5.56, 6.3, 5.37, 5.92, 5.81, 5.18, 5.7, 5.61, null, 5.75, 5.67, 5.58, 5.58, 5.58, 5.46, 5.67, 5.35, 6.67, 5.05, 5.38, 5.41, 6.43, null, 5.78, null, 5.74]",603.17
power_outage,75,"[3.02, 3.04, 2.35, 2.63, 2.03, null, 2.86, 3.16, 15.28, 28.63, 2.73, 2.2, 2.74, 2.87, 2.3, 2.72, 2.32, null, 2.75, 2.49, 2.31, 2.8, 3.09, 2.45, 2.55, 2.46, 3.15, 2.11, 3.07, 2.57, 7.92, 13.09, 18.52, 23.48, 29.27, 3.01, 2.39, 2.88, 2.58, 2.7, 3.14, 2.48, 2.96, 2.82, null, 2.79, 2.76, 2.34, 2.5, 2.37, 2.6, 3.09, null, 2.25, null, 2.75, 2.91, 2.49, 2.31, 2.67, null, 2.75, 2.42, 3.21, 2.65, 2.74, 2.49, 3.02, 2.86, 2.78, null, 3.01, 2.91, 2.99, 2.7]",651.03
power_outage,8,"[4.29, 15.92, 27.95, 4.0, 3.7, 3.61, null, 3.64]",700.37
mixed_chain,47,"[4.78, 4.76, 4.66, 3.92, 2.79, 3.82, 4.01, 3.75, null, 4.4, 3.59, null, null, 4.06, 4.84, 29.81, 21.74, 22.51, 19.82, 20.93, 21.61, 20.6, 21.17, 22.0, 22.81, 24.91, 27.02, 26.8, 27.71, null, 29.42, null, 30.42, 28.29, 29.31, null, 27.24, 29.22, 28.62, 28.35, 28.93, 28.82, 28.41, 26.26, 27.65, 28.43, 28.87]",313.1
mixed_chain,23,"[3.99, 3.79, null, 4.27, 3.57, 4.3, 3.98, 25.12, 19.13, 18.27, 18.03, null, 18.16, 21.27, 23.58, 27.27, 26.73, 28.15, 26.68, 29.26, 27.96, 26.86, 27.21]",347.71
power_outage,25,"[12.43, 19.57, 26.62, 33.53, 5.09, 5.71, 5.57, 5.5, 5.82, 5.73, 5.51, 6.51, 5.9, 6.32, 19.58, 33.89, 5.22, 5.49, 5.42, 6.49, 5.38, 5.52, 5.15, 5.75, 5.32]",644.94
mixed_chain,83,"[5.47, 4.89, 5.52, 3.87, 4.45, 4.63, 4.7, 5.44, 4.22, 5.36, 5.0, 4.55, 5.7, 4.46, 5.36, 5.53, 4.25, 4.59, 5.54, 5.07, 5.27, 5.03, 5.32, 4.52, 5.3, 4.94, 4.92, 4.46, 4.39, 4.95, 5.5, 5.09, 4.62, 4.94, 4.9, 4.68, null, 4.62, 4.73, 4.57, 31.08, 26.04, 25.83, 24.46, 26.01, 24.62, null, 26.81, 28.18, 29.35, 29.85, 31.29, 32.32, 31.04, 32.03, 33.6, 31.2, 31.43, 32.94, 30.58, 30.07, 29.2, 28.2, 26.47, null, 27.13, 23.95, 24.32, 24.08, 25.25, 29.23, 30.02, 28.07, 26.89, 30.3, 27.2, 28.38, 28.55, 26.93, 27.61, 30.33, 28.44, 28.7]",288.94
hot_truck_transit,94,"[29.25, 23.97, null, 23.6, 23.03, 24.09, 23.14, null, 26.03, 27.54, 27.81, 29.5, 30.07, 28.82, 32.72, 29.99, 30.1, 31.38, 29.84, null, 27.65, 26.29, null, 25.63, 23.77, 22.68, 22.52, 22.87, 22.53, 23.28, 24.44, 24.61, 25.27, 26.44, null, 30.73, 29.86, 31.04, 30.11, 30.52, 31.22, 28.57, 30.44, 28.54, 27.17, 27.3, 27.11, null, 24.4, null, 23.32, 22.2, 23.31, null, 21.98, 25.68, 24.76, 27.1, 29.24, 28.8, 28.99, 30.91, 31.98, 30.11, 28.97, 31.4, 30.51, 29.3, 26.59, 27.47, 26.79, 26.72, 23.94, 23.66, 21.41, 23.77, 23.89, 23.85, 25.12, 24.37, 25.78, 26.85, null, 29.89, 30.08, 30.67, 31.3, 30.73, 31.95, 30.1, 30.17, 28.52, null, 32.05]",240.52
power_outage,44,"[4.99, 4.97, 4.71, 4.78, 4.71, 4.49, 4.11, 4.54, 4.81, 5.08, 4.99, 4.67, 4.55, 4.7, 4.46, 4.11, 4.29, 5.16, 5.31, 4.98, 4.73, 4.33, 4.7, 4.93, 5.0, 4.96, 5.11, 5.33, 4.63, 5.59, 4.14, 4.52, 4.81, 4.91, 4.69, 4.6, 13.83, 21.44, 29.72, 5.26, 5.0, 5.08, 4.81, null]",648.36
mixed_chain,58,"[3.35, 3.3, 3.04, 3.07, 3.36, 3.08, 2.89, 3.55, 2.73, 2.86, 3.72, 2.81, 3.87, 2.81, 2.89, 2.85, 2.75, 3.83, 3.75, 2.72, 3.9, 2.78, null, 3.21, 3.03, 26.53, 20.84, 18.65, 19.52, 21.94, 20.77, 19.49, 22.24, 23.49, 24.22, 25.9, 26.01, 27.88, 31.46, 31.71, 32.13, 31.72, 30.4, 33.22, 30.35, 30.25, 28.96, 30.99, 30.7, 31.38, 30.3, 33.27, 30.59, 30.59, 31.21, 31.74, 32.75, 31.92]",283.35
hot_truck_transit,7,"[29.11, 20.59, 20.44, 20.9, 18.96, 22.08, 26.15]",369.86
stable_cold,10,"[2.75, 1.86, 2.67, 2.8, 2.56, 2.88, 2.76, 2.45, 1.9, 2.72]",719.98
mixed_chain,3,"[3.77, 30.15, 25.34]",381.73
mixed_chain,63,"[4.81, 5.72, 5.22, 6.54, 5.3, 5.55, 5.66, 5.44, 5.57, 5.77, null, 5.01, 5.64, 5.89, 4.96, 5.92, 4.78, null, 4.63, 4.5, null, 5.44, 5.2, 5.99, 4.76, 5.24, 4.95, 5.07, 27.44, 21.71, 21.45, 20.45, 20.33, 20.66, 22.28, 21.53, 23.75, 24.05, 25.02, 26.24, 27.29, 26.66, 27.44, 27.84, 28.42, 26.34, null, 27.57, 24.73, 24.35, 24.1, null, 29.83, 30.25, 28.08, 28.03, 29.31, 28.0, 27.53, null, 27.54, 27.2, null]",289.97
power_outage,38,"[5.07, 5.18, 5.33, 4.92, 5.26, 5.17, 5.42, 5.01, 4.5, 5.0, 5.05, 5.18, 4.56, 4.93, 5.28, 4.99, 4.93, 5.59, 4.7, 5.39, 5.33, 4.96, 5.01, 5.01, 5.08, 10.03, 15.26, 20.46, 25.65, 30.84, 4.35, 5.05, 4.86, 4.46, 4.92, 4.91, 5.41, 4.86]",642.86
hot_truck_transit,35,"[32.85, 25.8, null, 25.95, 26.04, 26.73, 25.81, 27.03, 29.64, 29.73, 31.65, 31.82, 32.91, 33.82, 33.35, 33.4, 33.26, 33.34, 33.22, 31.61, 31.9, 31.34, 28.2, 28.89, 27.09, 26.78, 25.96, 26.91, 26.35, 26.19, 26.77, null, 28.44, null, 35.49]",266.96
mixed_chain,33,"[4.5, 4.07, null, 4.23, 4.29, 3.5, 3.86, 4.36, 3.75, 4.03, 4.45, 4.92, 4.36, 27.59, 24.86, 25.15, 24.49, null, null, 27.74, 27.49, 26.39, 26.55, 27.31, 26.93, 28.48, 27.5, 26.77, 28.63, 30.91, null, 26.84, 25.49]",355.03
power_outage,80,"[3.09, 3.14, 2.49, 3.28, 3.38, 3.12, 3.27, null, 3.57, 2.94, 3.07, 3.53, 3.48, 3.71, 3.7, 4.03, 3.22, 3.78, 3.03, 4.02, 3.44, 3.47, 3.6, 2.9, 2.98, null, 3.41, 3.93, 3.02, 3.77, null, 3.22, 3.26, 3.21, 3.45, 3.19, 2.88, 3.22, 3.44, 2.88, 3.48, 3.66, 3.75, 3.41, 2.76, 3.5, null, 3.1, 3.28, 3.45, 12.13, 19.81, 28.45, null, 13.32, 18.63, 22.96, 28.25, 3.31, 2.85, 3.67, 3.55, 3.31, 3.23, 3.3, 3.52, null, null, 3.15, 3.3, 3.02, 3.4, 3.07, 3.02, null, 3.89, 3.35, 3.56, null, 3.28]",632.65
market_display,67,"[31.08, 30.25, 32.09, 32.86, 32.23, 31.66, 31.36, 32.15, 30.79, 32.46, 29.91, 29.35, 32.18, 30.16, 30.54, 30.2, 32.16, 30.49, 33.12, 32.37, 31.77, 33.37, 30.33, 31.6, 28.7, 30.81, 29.87, 32.54, 32.96, 31.12, 34.19, 30.43, 30.02, 30.8, 31.91, 32.58, 32.4, 31.04, 32.8, 30.83, 34.94, 32.74, 29.03, 30.86, null, 33.99, 30.33, null, 32.67, 28.0, 31.03, 32.43, 31.0, 33.17, 31.93, 30.37, 31.72, 33.56, 31.76, 32.1, 32.02, 30.6, 29.47, 31.93, 33.21, 32.18, 29.85]",272.27
power_outage,27,"[2.36, 2.47, 2.85, 2.6, 2.67, 2.95, 2.36, 2.85, 3.08, 3.1, 2.98, 2.81, 2.64, 2.8, 3.32, 17.09, 31.16, 2.99, 2.84, 2.89, 2.75, 2.7, 3.12, 2.24, 2.97, 2.68, 2.25]",711.43
market_display,37,"[25.58, 28.22, 27.58, 26.69, 27.47, 26.92, 27.0, 26.21, 27.16, 27.52, 26.03, 27.36, 24.71, 28.51, 25.55, 24.95, 26.42, 27.29, 26.67, 28.0, 26.74, null, 26.87, 29.09, 26.55, 30.06, 29.43, 25.63, 28.17, 26.32, 27.24, 25.14, 26.96, 30.41, 26.14, 27.99, null]",328.83
stable_cold,36,"[3.94, null, 4.19, 2.97, null, 3.91, 3.95, 3.53, 3.76, 3.9, 3.28, 3.32, 3.68, 3.97, 3.14, null, 3.51, 3.77, 3.6, 3.39, 4.1, 3.39, 3.49, 2.97, 3.32, 3.81, 3.73, 3.84, 3.82, 4.44, 3.31, 2.96, 3.18, 3.32, null, 3.64]",673.8
hot_truck_transit,63,"[30.77, 23.04, 22.96, 22.03, 23.71, 25.14, 23.49, 25.69, 26.3, 26.61, 27.23, 30.73, 30.19, 30.98, 30.44, 30.8, 29.64, 30.82, 29.28, 27.93, 27.1, 28.68, 25.48, 25.04, 22.96, 23.13, 21.79, 23.05, 22.16, 23.92, 22.49, 24.24, 26.66, 27.98, 27.79, 28.44, 29.67, 31.85, 30.4, 30.75, 29.77, 29.67, 29.93, 29.46, null, 27.41, 24.91, 23.87, 24.56, 22.9, 21.95, 22.91, 22.95, 23.13, 25.19, 26.25, 26.48, 27.09, 28.89, 28.88, 29.42, 29.75, 34.75]",250.95
market_display,4,"[28.41, 29.37, 29.72, 28.87]",346.71
power_outage,45,"[4.07, 4.33, 3.85, 4.23, 4.11, 3.88, 4.65, 4.37, 3.91, 4.3, 3.73, 17.03, 30.7, null, 4.23, 4.44, null, 4.07, 4.43, 3.64, 3.95, 4.12, 4.31, 4.05, 3.61, 3.57, 4.13, 4.0, 3.87, 3.82, 4.19, 4.54, 4.19, null, null, 4.28, 4.55, 4.1, 4.16, 4.03, 4.33, 4.42, 4.25, 4.08, 3.7]",661.36
stable_cold,53,"[5.2, 5.06, 4.72, 5.94, 5.49, 5.5, 6.57, 5.45, 4.8, 5.25, 4.93, 5.17, 5.16, 5.09, 4.77, 5.96, 5.44, 5.23, 5.63, 5.51, 5.43, 5.6, 5.38, 5.59, 5.62, 5.39, 5.24, 5.94, 5.13, 5.48, 5.49, 5.08, 5.0, 5.18, 5.13, 4.74, 5.06, 5.43, 5.83, 5.55, 4.28, 5.58, 5.1, 5.5, 5.32, 5.25, 5.28, 5.31, 5.86, 5.32, 5.76, 5.7, 5.59]",616.44
power_outage,83,"[4.37, 3.19, 4.07, 4.54, 4.08, 4.59, 4.6, 4.25, 4.15, 4.33, 4.32, 4.52, 3.63, null, 4.03, 3.58, 4.18, null, 4.21, 4.18, 4.47, 4.26, 3.82, 4.43, 5.06, 4.65, 4.53, 4.27, 4.18, null, 4.4, 3.99, 9.25, 13.83, 18.37, 23.53, null, 4.37, 3.26, 4.13, 4.6, 4.24, 4.49, 4.21, 4.39, null, null, 4.5, null, 4.45, 4.36, 4.08, 4.61, 4.18, null, 4.56, 4.63, 4.63, null, 3.95, 4.07, 3.92, 3.9, null, 4.03, 3.99, 4.31, 4.11, 5.01, 4.25, 4.46, 4.1, 3.83, 4.11, 4.12, 4.11, null, 4.37, 4.23, null, 4.36, 4.56, 4.69]",602.9
market_display,60,"[26.1, 26.49, 25.95, 27.96, 28.05, 29.24, 26.39, 25.18, 26.28, 25.4, 27.55, 27.46, 27.48, 29.07, 26.58, 25.79, 26.51, 25.4, 25.73, 26.58, 27.15, null, 24.99, 27.42, 25.51, 26.74, 27.93, 27.53, 27.27, 27.87, 26.85, 25.23, 29.51, 27.09, 27.13, 26.77, 24.52, 25.52, 28.53, 24.25, 26.42, 26.89, 26.14, 28.99, 24.72, 25.69, 26.95, 27.04, 26.69, 26.89, 25.8, 26.16, 25.3, null, 24.52, 24.93, null, 25.86, 29.46, 26.01]",316.69
hot_truck_transit,2,"[22.88, 22.01]",417.82
stable_cold,60,"[5.22, 4.9, 5.03, 5.95, 5.65, 4.94, 5.02, 4.7, 5.49, null, 4.42, 5.25, 5.39, 5.6, 5.18, 5.06, 6.01, 5.21, 5.5, 5.0, null, 4.63, 5.03, 4.73, 4.97, 5.71, 4.97, 5.5, 5.82, 5.2, 5.61, 5.42, 5.26, 5.51, 5.95, 4.96, 4.83, 4.8, 5.61, 5.66, 5.0, 4.36, 4.94, 5.43, 5.18, 5.28, 5.0, 5.62, 5.35, 5.45, 5.27, 5.42, 5.39, 4.84, 5.36, 5.53, 5.67, 5.38, 4.83, 4.89]",622.77
mixed_chain,87,"[4.21, 3.34, 3.13, 3.64, 3.57, 2.8, 3.75, 2.73, 4.19, 2.9, 3.59, 3.68, 3.85, 2.89, 3.68, 3.04, 3.57, 2.69, 3.68, 3.99, 3.35, 3.5, 3.71, 3.6, 2.83, 2.98, 3.31, 3.51, null, 3.51, 3.87, 3.32, 3.03, 3.67, 3.96, 3.58, 3.28, 3.4, 3.28, 3.58, null, 3.51, 27.52, 22.87, 23.23, 21.94, 22.0, 21.96, 23.25, 23.28, 23.95, 26.48, 26.39, 28.58, 28.83, 30.3, 29.05, 30.69, 29.92, 28.33, 28.3, 27.5, 32.82, 27.73, 28.73, 30.32, 29.36, 28.87, 29.92, 28.04, 31.36, 31.21, 28.64, 29.31, 29.07, 28.57, 30.3, 27.44, 28.75, 29.81, 31.06, 30.82, 28.37, 28.25, 28.69, 30.9, 29.67]",280.2
hot_truck_transit,56,"[31.53, 25.34, null, 26.07, 24.75, 25.9, 25.96, 28.19, 28.43, 29.39, 29.45, 32.0, 32.93, 32.26, 33.39, 33.88, 35.04, 33.18, null, 31.28, 30.36, 30.02, 27.66, 28.15, 25.34, 26.47, 26.3, 26.05, 25.76, 26.26, 26.26, 26.5, 28.57, 29.46, 31.18, 31.29, 32.36, 33.1, 33.73, 34.16, 32.51, 33.43, 32.09, 31.92, 31.62, 27.72, 29.34, 27.31, 25.89, 25.59, 24.72, 25.81, 24.71, 26.9, 27.13, 31.56]",274.77
stable_cold,63,"[3.83, 3.86, 3.63, 3.79, 3.25, 3.17, 3.6, 3.37, 4.21, 3.79, 3.35, 3.53, 3.69, 3.61, 3.75, 3.67, 3.08, 2.78, 3.49, 3.86, 3.49, 4.13, 3.62, null, 4.1, 4.06, 3.16, 3.64, 4.13, 3.75, 3.86, 3.08, 4.41, 3.32, 2.84, 3.5, 2.66, 3.2, 4.66, 3.49, 3.07, 3.65, 3.28, 3.98, 3.28, 3.75, 3.18, 4.68, 3.84, 3.58, 3.52, 3.42, 3.33, 3.32, 4.31, 3.42, 2.79, 3.17, 4.01, 3.54, 3.58, 4.11, 3.33]",653.04
stable_cold,7,"[3.3, 3.71, 3.75, 3.79, 3.37, 3.27, 3.08]",714.98
mixed_chain,44,"[5.15, 5.69, 5.56, 4.57, 4.67, 3.96, 5.16, 4.77, 5.87, 4.88, 4.95, 4.8, 5.12, 5.62, 4.24, 5.53, null, 4.96, 4.65, 4.67, 32.22, 24.78, null, 24.24, 23.91, 23.86, 25.62, 26.89, 27.68, 26.35, 28.8, 30.76, 29.56, 31.1, 33.65, 32.23, 28.72, 28.53, 31.4, 28.97, 27.97, 26.75, 30.03, 27.3]",329.94
power_outage,91,"[null, 5.15, 4.89, 5.09, 4.92, 4.47, 3.9, 4.24, 4.8, 4.58, 4.48, 3.86, 4.6, 4.28, 4.39, 4.86, 4.3, 4.33, 4.66, 4.87, 4.49, 5.05, 4.22, 4.17, 4.15, 4.11, 4.71, null, 4.18, 4.72, 4.85, 4.92, 4.87, 4.33, 4.69, null, 4.47, 4.66, null, 4.42, 4.72, 5.06, 4.95, 4.81, 4.63, 4.59, 4.17, 4.36, 4.37, 4.78, 4.89, 4.83, 4.96, 4.63, 4.31, null, 4.39, 4.8, 4.5, 4.58, 4.82, 4.39, 4.9, 4.2, 4.7, 4.58, 4.86, 4.2, 4.15, 4.83, 4.49, 4.58, 4.41, null, 4.7, 4.68, 4.26, 4.76, 4.31, 13.57, 22.52, 32.04, 4.93, 4.68, 4.48, 4.64, 4.64, 4.63, 4.66, 4.3, 4.64]",595.62
stable_cold,18,"[2.31, 2.54, 2.23, 2.55, 1.78, 2.77, 2.62, null, 2.34, 2.13, 2.78, 2.02, 2.7, 3.32, 3.09, 1.89, 2.28, 2.66]",713.46
market_display,12,"[31.39, 30.13, 32.04, 31.35, 31.09, 29.53, 30.04, 30.92, 32.8, null, 30.93, 30.41]",325.08
stable_cold,88,"[3.73, 4.54, 4.2, 3.55, null, null, 3.7, 3.23, 3.65, 4.47, 3.76, 3.87, 3.97, 4.8, 3.92, 4.35, 3.68, 3.81, 3.92, 3.61, null, 4.27, 3.6, 3.92, 4.2, 3.59, null, 3.95, 3.85, 3.11, 3.77, 4.06, 4.61, 4.14, 4.37, 3.43, null, 4.4, 3.56, 4.3, 4.21, 4.03, 3.78, 3.52, 4.63, 4.17, 4.05, 3.75, null, 3.98, 4.08, 4.21, 3.6, 3.33, 3.95, 3.22, 3.79, 3.71, 4.11, 4.71, 3.14, null, 3.82, 4.06, 3.35, 4.31, 3.93, 3.89, 3.14, 3.95, 4.25, 3.82, 4.39, 4.37, 3.66, 4.55, 3.93, 3.94, 3.96, 3.94, 2.86, 3.84, 3.37, 4.57, 4.55, null, 3.82, 3.51]",623.37
market_display,88,"[26.5, 28.18, 26.49, 24.63, 27.1, 24.66, 26.83, 25.76, 26.97, 26.91, 26.48, 25.03, 25.53, 26.89, 26.49, 28.46, 26.44, 27.21, 25.79, 25.25, 27.65, 25.41, 24.55, 24.66, 26.69, 25.45, 24.44, 28.56, 23.63, 25.76, 28.2, 26.32, 29.21, 27.19, 24.84, 27.15, 25.57, 25.95, 25.04, 25.47, 27.12, 25.16, null, 26.74, 25.96, 27.35, 25.33, 27.48, 27.11, 26.87, 24.63, 26.18, 27.33, 25.59, 23.73, 25.44, 25.11, 25.52, 24.52, 27.18, 26.98, 25.16, 25.73, null, 26.83, null, 25.22, 26.37, 25.23, 28.26, 25.39, null, 27.31, 24.57, 25.93, 25.21, 27.34, 26.16, 27.32, 28.21, 28.32, 24.96, 24.83, 24.83, 27.61, 27.15, 27.07, 26.91]",282.57
hot_truck_transit,80,"[31.16, 26.28, null, 25.81, 26.51, 25.6, null, 27.96, 27.98, 28.88, 30.83, 31.11, 33.26, 32.55, 32.66, 33.45, 33.67, 33.18, 32.71, 31.01, 31.4, 28.13, 27.8, 27.49, 26.07, null, 24.81, 25.29, 25.96, 25.56, 25.92, 27.09, 29.3, 30.33, 30.11, 31.86, 32.27, 33.95, 33.47, 33.29, 34.6, 32.18, 32.54, 32.55, 31.02, 28.85, 27.77, 26.33, 27.81, 25.09, 26.16, 24.31, 27.64, 24.91, 26.66, 28.43, 27.86, 29.91, 30.27, 31.77, 33.15, 32.58, null, 33.74, 34.88, 32.25, 31.77, 31.27, 29.52, 30.2, 28.36, 26.54, 25.97, 25.3, 26.33, 25.82, 25.49, 25.7, 26.44, 32.48]",246.24
stable_cold,75,"[2.48, null, 2.27, 2.0, 2.41, 2.44, 2.67, 2.7, 2.45, 2.86, 2.27, 1.84, 2.61, 2.47, 2.62, 1.91, null, 2.7, 2.3, 2.05, 2.85, 1.98, 3.32, 2.17, 3.11, 2.35, 3.05, 2.13, 2.43, 2.74, 2.68, 2.86, 2.22, 2.45, 2.92, 2.14, 2.65, 2.33, 2.5, null, null, 2.32, 2.48, 2.38, 3.05, 2.82, 2.54, 2.11, 2.09, 3.21, 2.02, 2.47, 2.56, 2.3, 2.02, 2.11, 2.2, 2.14, 2.95, null, null, 2.46, 2.69, 2.28, 2.78, 1.91, 2.89, 2.42, 2.4, 2.14, 1.93, 1.75, 2.11, 2.65, 2.04]",669.61
market_display,32,"[26.74, 25.77, 27.02, 27.06, 28.47, 26.81, null, 25.44, 28.02, 28.39, 28.03, 27.31, 28.2, 25.61, 25.41, 26.07, null, 28.76, 26.62, 26.75, 28.58, 27.32, 28.04, 27.94, 26.33, 29.98, 26.76, null, 28.48, 28.15, 26.04, 28.23]",325.24
mixed_chain,5,"[5.31, 21.43, 26.04, 28.26, 26.08]",372.51
mixed_chain,68,"[5.2, 4.88, 4.99, 5.07, 5.5, 5.24, 5.29, 5.28, 5.5, 5.74, 5.31, 4.73, 5.21, 5.62, 4.58, 5.76, 5.38, 5.22, null, 4.88, 5.5, 4.57, 5.97, 5.46, 5.31, 5.25, null, 5.18, 30.42, 25.82, 25.62, 25.81, 26.77, 24.97, 27.95, 27.73, 28.23, 29.85, 31.0, 32.57, 32.33, 32.07, 32.41, 34.21, 37.34, 25.78, 28.04, 28.52, 27.85, 27.28, 27.11, null, 27.78, 28.92, 25.98, 27.03, 29.29, 25.93, 28.02, 24.24, 26.91, 26.39, 28.83, null, 26.15, null, 26.84, 26.96]",311.81
mixed_chain,28,"[3.63, 3.7, 3.76, 3.51, 2.77, 3.42, 4.05, 3.94, 3.95, 29.58, 23.1, 23.93, 20.96, 23.26, 23.66, 24.36, 27.87, 27.55, null, 28.28, 25.59, 26.63, 28.77, 27.83, 25.82, 30.65, 27.3, 26.58]",348.49
mixed_chain,73,"[4.41, 3.53, 3.68, 4.17, 4.07, 4.23, 3.47, 4.0, 4.04, 4.22, 4.48, 4.16, 3.7, 4.27, 3.44, null, 4.33, null, 4.4, 3.61, 5.05, 3.77, null, 3.63, 5.31, 4.58, null, null, null, 24.99, 25.34, 25.72, 25.44, 25.77, 27.82, 29.09, 29.84, 30.38, 31.8, 30.59, 35.31, 30.16, 29.01, 29.54, 29.52, 28.37, 27.92, 29.95, 29.21, 29.15, 29.93, 29.57, 30.45, 28.4, 29.46, null, 28.08, null, 28.71, 28.87, 29.1, 29.77, 29.46, 31.96, 30.36, null, 29.9, 28.78, 29.6, 29.21, 26.71, 27.97, 29.01]",289.64
hot_truck_transit,11,"[26.83, 20.51, 20.45, 21.03, 18.95, null, 20.84, 21.69, 24.22, 24.56, 27.51]",353.54
mixed_chain,55,"[2.64, 2.79, 3.01, 2.41, 2.45, 2.12, 2.7, null, null, 2.91, 3.47, 2.82, 2.85, 2.76, 2.79, 2.79, 2.68, 3.52, 3.03, 26.77, 24.76, 24.25, null, 24.79, 24.73, 24.24, 25.51, 27.49, 27.03, 28.12, null, 30.06, 37.35, 30.27, 29.11, 27.89, 25.25, 28.06, 26.29, 25.75, 29.04, 26.3, 26.76, 27.04, 27.79, 27.54, 28.51, 28.31, 25.72, null, 26.23, 26.39, 29.71, 27.5, 28.95]",306.22
market_display,21,"[28.19, 28.86, 30.49, 28.64, 30.45, 28.83, 29.44, 30.0, 27.58, 29.4, 28.31, 30.35, null, 28.51, 27.9, null, 29.57, 29.0, 31.58, 28.39, 27.88]",338.13
stable_cold,74,"[4.99, 4.8, 4.17, 4.48, 4.6, 5.52, 5.18, 4.76, 5.09, 4.08, 4.67, null, 4.97, 4.68, 4.88, 5.03, 4.9, null, 5.03, 5.1, 5.59, 5.23, 5.6, 4.63, null, 4.84, 4.81, 5.48, 4.45, 4.87, 5.06, 4.94, 4.83, 5.04, 5.33, 5.51, 4.91, 4.57, 5.51, 4.47, 5.62, 5.44, 5.5, 5.17, 4.05, null, 5.02, 4.63, 4.77, 5.14, 4.83, null, 5.25, 5.11, 4.8, 5.18, 4.94, 5.43, 4.96, 5.43, 4.15, 5.08, 4.74, 4.56, 5.36, 5.26, 4.1, 5.19, 5.14, 4.61, 4.57, 4.26, 4.76, 4.83]",610.41
mixed_chain,44,"[2.64, 3.2, 2.13, 3.11, 3.0, 2.92, 2.97, 2.24, 2.13, 1.96, 2.53, 2.81, null, 29.37, 23.9, 22.54, 24.6, 23.92, 22.99, 24.35, 25.49, 25.36, 29.98, 33.05, null, 30.19, 29.73, null, 29.33, 30.8, null, 31.46, null, 32.03, null, 31.46, 31.2, 30.22, 28.64, 31.18, 29.55, 31.15, 28.3, 29.55]",307.94
hot_truck_transit,85,"[24.97, 20.35, 20.48, 19.91, 18.67, 19.88, 21.89, 21.16, 23.15, 24.09, 25.22, 25.92, 27.01, 25.85, 28.65, 26.13, 27.69, 27.0, 25.9, 24.79, 25.05, 24.21, 22.46, 21.34, 21.77, 19.77, 19.68, 19.41, 21.69, 19.44, 21.41, 20.21, 21.77, 23.33, 24.5, 25.35, 26.32, 26.49, 28.47, 26.77, 28.03, 27.58, 25.64, 25.28, 24.61, 24.91, 22.24, 24.47, 21.36, 20.38, 20.42, 18.2, 20.65, 19.05, 21.44, 21.1, 21.9, 24.99, 24.53, 24.35, 27.18, 26.06, 28.53, 27.56, 26.42, 27.69, 26.82, 23.87, 24.56, 23.81, 22.73, 21.43, 21.34, 20.56, 19.73, 19.38, 19.83, 19.63, 19.93, 20.67, 22.46, 22.89, 24.48, 26.64, 31.17]",261.05
market_display,33,"[27.09, 29.12, 27.94, 27.98, 27.62, 27.79, 28.71, 28.66, 27.05, 27.61, 29.2, 30.0, 30.0, 29.9, 28.22, 29.22, 28.42, 27.09, 27.83, 27.73, 29.09, 28.93, 27.85, 27.71, 27.16, 27.58, 27.85, 28.37, 28.11, 27.01, 27.39, 27.85, null]",320.65
stable_cold,63,"[2.84, 2.76, 2.41, 1.99, 2.35, 3.17, 2.18, 2.14, 2.77, 2.79, null, 2.22, 2.12, 2.35, 2.77, 2.0, 2.76, 2.37, 3.25, 2.45, 2.29, 2.55, 2.19, 1.61, 2.23, 2.22, 1.69, 2.3, 1.5, 2.19, 2.42, 2.36, 2.16, 2.29, 2.01, 2.33, 2.35, null, 2.43, 2.43, 2.26, 3.29, null, 2.21, 2.16, 1.94, 2.6, 2.05, 2.1, 2.11, 1.93, 1.62, 2.14, 2.67, 2.4, 2.95, null, 2.53, 3.08, 2.29, 2.35, 2.32, 2.94]",663.2
power_outage,59,"[3.45, 3.26, 2.99, 3.46, 3.92, null, 3.66, 3.29, 3.63, 10.1, 16.21, 23.5, 30.55, 3.68, 3.31, 3.37, 3.18, null, 3.81, 3.15, 2.9, null, 3.54, 3.4, 3.12, null, 2.99, 3.6, 3.24, 3.03, 3.25, null, 3.47, 3.71, 3.69, 3.41, 3.3, 3.19, 2.83, 3.35, 3.1, 3.72, 3.3, 3.58, 3.21, 3.15, 3.54, 3.44, 3.45, 3.33, 3.59, null, 2.7, 3.28, 3.66, 3.05, 2.85, 3.32, 3.51]",651.23
stable_cold,75,"[5.48, 4.95, 5.44, 4.91, 5.64, 5.27, 5.22, 5.02, 5.78, 5.23, 5.12, null, 5.5, 5.44, 5.46, 5.46, 6.15, null, 5.09, 4.97, 5.54, 5.74, null, 4.95, 4.96, 5.55, 5.59, null, 5.02, 5.38, 5.34, null, 5.64, 5.38, null, 5.32, 5.41, 5.54, 4.71, 5.16, 5.1, 5.04, 5.18, 5.89, 4.94, 5.68, 4.62, 5.16, 5.36, 5.53, 5.58, null, 5.15, 5.11, 5.63, 5.21, 4.78, 4.84, 4.92, 5.49, 5.35, 5.57, 5.12, 5.35, 5.54, 5.17, 5.47, 5.03, 5.15, 5.14, 4.81, 5.49, 5.1, 5.3, 5.48]",596.65
stable_cold,36,"[3.05, 2.53, 2.37, 2.3, 2.31, 1.97, 2.23, 3.13, 2.44, 2.81, 1.54, 2.75, 2.46, 2.33, 2.6, 2.33, 1.68, 2.9, 2.62, 2.4, 2.14, 1.94, 2.62, 3.17, 2.61, 1.97, 2.62, 2.51, 2.87, 2.77, 1.33, 2.75, 2.13, 1.96, 2.45, 2.69]",694.95
power_outage,78,"[null, 4.62, 4.34, 5.02, 4.77, 5.0, 4.22, 4.46, 4.11, 4.75, 4.51, 4.87, 4.65, 4.0, 4.15, 4.67, 4.78, 3.98, null, 4.34, 4.31, 4.45, 4.68, 4.43, 4.05, 4.68, 4.54, null, 4.55, 4.54, 4.66, 4.57, 4.69, 4.63, 4.89, 5.12, null, 4.46, 4.21, 4.84, 4.37, 5.35, 5.48, 4.58, 4.14, 10.96, 17.52, 22.62, 29.71, 4.09, 4.21, 4.74, null, 4.62, 4.78, 4.97, 5.01, 4.46, 4.38, 4.96, 4.78, null, 4.45, 4.83, 4.32, 4.72, 4.68, 4.68, 4.88, 4.34, 4.85, 4.65, 4.41, 4.25, 5.21, 4.62, 4.54, 4.3]",614.6
mixed_chain,94,"[3.49, 4.01, 3.87, 3.95, 3.55, 3.92, 4.15, 3.68, 4.17, 4.08, 3.9, 4.27, 4.42, 3.86, 3.76, 4.29, 3.8, 3.56, 4.32, 3.82, 4.24, 3.51, 4.13, null, 4.36, 3.34, 3.52, 4.52, 4.0, 3.58, 4.2, 3.83, 3.75, 25.18, 18.56, null, 19.19, 19.8, 19.47, 19.69, 20.29, 21.46, 23.34, 22.01, 24.63, 26.32, 25.04, 27.25, 27.94, 26.05, 25.03, 24.98, 24.93, 25.67, 22.03, 21.03, 20.56, 19.93, 23.97, 26.79, 29.24, 29.81, 26.67, 29.73, 25.48, 28.59, 27.87, 28.69, 26.64, 29.23, 27.89, 27.34, 27.71, 29.14, 28.18, 28.65, 29.09, null, 27.5, 31.36, 26.65, 25.7, null, 27.88, 29.14, 27.46, 29.18, 27.67, 28.87, null, null, 29.27, 26.86, 28.33]",281.63
hot_truck_transit,4,"[33.95, 27.03, 26.05, 29.97]",337.13
mixed_chain,28,"[4.36, 5.01, 4.57, 4.41, null, 4.85, 4.42, 3.49, 4.59, 4.38, 30.96, 23.45, 23.52, 22.56, 26.36, 30.75, null, 28.88, 32.41, 28.89, 31.25, 30.04, null, 32.92, 32.21, 31.41, 31.49, 30.42]",314.72
mixed_chain,21,"[3.74, 3.54, 3.96, 3.92, 4.3, 3.85, 3.95, 3.19, null, 27.35, 20.76, 17.74, 19.91, 24.92, 30.49, 30.33, 28.65, 31.11, 30.09, 28.9, 31.69]",311.72
mixed_chain,86,"[2.18, 2.52, 2.39, 1.88, 2.99, 2.24, null, null, 2.69, 3.02, 2.02, 2.56, 2.18, null, 2.66, 1.96, 2.65, 2.6, 2.2, 2.53, 2.72, null, 2.5, 2.57, 2.29, 3.01, 2.46, 3.27, 2.97, 24.27, 21.93, 18.96, 21.16, 19.72, 19.15, 21.37, 21.64, 23.18, null, null, 26.95, 27.14, 27.86, 26.14, 28.12, 28.47, 28.8, 25.3, 25.46, 26.97, 22.05, 23.62, 21.95, 20.37, 19.95, 21.91, 20.44, 19.75, 19.65, 25.08, 26.91, 27.72, null, 27.77, 30.14, null, 27.62, 28.94, 27.61, 27.76, 27.97, 27.39, 29.32, 29.25, 26.8, 30.0, 28.56, 25.41, 28.21, 28.7, 27.1, 30.82, 26.86, 28.6, 27.1, 27.16]",297.29
market_display,27,"[29.65, 32.21, 30.86, 30.98, 32.04, 28.79, 31.7, 28.71, 28.97, 29.16, 31.62, 31.69, 31.94, 30.83, 30.42, 31.47, 30.69, 31.11, 30.77, 30.79, 33.3, 31.94, 31.43, 30.4, null, 32.04, 31.08]",304.69
market_display,70,"[28.33, 27.68, 30.16, 29.13, 29.97, 29.78, 30.21, 29.83, 30.27, 31.6, 29.97, null, null, 27.3, 29.41, 31.18, 30.16, 28.99, 30.02, 28.24, 30.4, 28.99, null, 28.35, 29.83, 26.69, 29.06, 28.66, 28.7, 25.45, 28.75, 29.89, 28.5, 30.13, 30.65, 29.92, 30.03, 29.89, 30.22, null, null, 28.57, 30.37, 28.55, 29.21, 29.05, 29.77, 30.31, 30.31, 27.42, 29.98, null, 29.77, 29.16, 28.6, 30.72, 29.32, 31.03, 29.52, 29.55, 28.73, 29.54, 30.67, 29.41, 29.82, null, 28.13, 28.45, 29.94, 27.52]",289.68
market_display,22,"[26.11, 29.33, 29.31, 26.4, 26.64, 28.49, 28.11, 28.8, null, 30.71, 28.44, 29.6, 28.31, 29.34, 28.37, 27.29, 28.13, 29.33, 27.48, 28.97, 29.26, 29.27]",325.59
market_display,87,"[28.79, 26.53, 29.38, 27.53, 30.48, 26.98, 29.48, 26.64, 28.26, 29.51, 30.13, 30.07, 29.86, 29.99, 30.09, 28.35, 28.57, 29.84, 30.34, 28.83, 28.36, 28.32, 28.01, 29.57, 30.36, 29.58, 28.98, 31.3, 29.01, 30.68, 27.72, 29.28, 27.85, 27.92, 28.06, 29.11, 28.48, 26.55, 28.51, 28.28, 26.93, 29.58, 29.83, 29.77, 31.08, 27.69, null, 28.99, 28.89, 29.19, 30.04, 28.73, null, 28.11, 28.42, 27.7, 24.94, 26.93, 30.11, 30.36, 27.5, 30.15, 26.12, 27.8, 28.47, 30.3, 31.2, 28.48, 28.95, null, 31.73, 30.46, 27.58, 30.08, 28.26, 30.71, 29.79, 27.81, 30.36, 29.67, 29.51, 29.07, 28.4, 29.77, 31.67, 31.32, 28.81]",263.78
mixed_chain,86,"[5.61, 5.74, 5.27, 5.83, 4.97, 5.85, 5.49, 5.12, 5.12, 5.79, 5.62, 5.66, null, 5.41, 5.62, 5.56, 5.27, 4.9, null, null, 5.9, 4.77, 5.37, null, null, 5.59, 5.36, 5.26, 5.75, 5.66, 5.54, 6.37, 6.06, null, 5.94, null, 5.46, 5.13, 5.96, 25.87, 19.4, 20.71, 21.46, 20.06, 20.88, 22.07, null, 21.41, 23.95, 23.85, 27.15, null, 28.57, 27.9, 28.97, 28.01, 27.85, 28.61, 25.07, 26.49, 22.57, 23.02, 26.85, 30.38, 30.48, 30.78, 29.8, 29.22, 30.26, null, 30.07, 29.66, null, 29.31, 29.46, 28.71, 30.22, 28.96, 30.41, 31.26, 31.92, null, 33.36, 30.78, 30.19, 32.37]",260.84
power_outage,75,"[3.61, 4.04, 3.93, null, 3.95, 3.47, 3.93, 3.55, 3.71, 3.63, null, 3.92, null, 4.66, 3.81, 17.91, 30.92, 4.17, 3.55, 3.79, 3.96, 4.0, 3.41, 3.53, 3.98, 3.68, 3.38, 3.77, 3.76, 3.85, 3.95, 3.93, 3.56, 3.67, 4.07, 3.63, 3.68, 3.34, 3.79, 3.9, 3.2, 3.47, 3.37, 4.03, 3.22, 3.77, 4.01, 3.85, 3.66, 3.9, 4.11, 3.76, 3.12, 4.14, 3.91, 3.78, 3.2, 3.71, 3.53, 3.43, 3.75, 3.63, 3.65, 4.02, 3.87, 3.65, 3.61, 3.66, 3.72, 3.97, 3.48, 4.23, 3.97, 2.97, 3.82]",629.41
market_display,63,"[30.43, 29.93, 29.67, 29.65, 30.38, 32.32, 30.86, 30.58, 30.51, 28.47, 30.22, 29.22, 32.14, 29.29, 28.73, 28.27, 29.41, 26.85, 30.56, 30.62, 29.03, 31.37, 30.13, 30.15, 31.38, 31.69, 29.11, 28.61, 29.88, 32.2, 29.41, 31.5, 29.17, 30.15, 29.65, 30.83, 30.51, 29.26, 29.76, 29.06, 30.61, 29.11, 30.45, 30.81, 31.13, 31.14, 30.74, 29.04, 29.3, 29.29, 30.26, 31.64, 29.5, 29.96, 31.78, 28.69, 32.16, 31.08, 29.5, 29.93, 32.37, 29.74, 31.2]",269.24
hot_truck_transit,28,"[28.81, 22.95, null, 23.57, 22.83, 22.64, 23.92, 25.02, 27.64, 27.89, 30.26, 27.82, 30.62, 31.38, 30.56, 30.36, 31.13, 29.88, null, 27.54, 26.51, 26.86, 26.18, 23.9, 24.23, 23.59, 23.09, 26.39]",345.67
mixed_chain,93,"[null, 3.27, 2.44, 2.75, 2.94, 2.02, 2.93, 2.41, 2.72, 2.7, 2.06, 2.88, 2.16, 2.44, 2.66, null, 2.1, 1.82, 2.0, 2.62, 2.54, 2.25, 2.24, null, 1.89, null, 1.89, 2.38, 2.84, 2.32, 2.96, 1.9, 31.58, null, 27.46, 26.15, 25.43, 24.99, 27.43, 27.93, 29.09, 30.37, 30.1, 31.76, 32.89, 35.23, 34.43, 34.06, 32.99, 34.43, 34.12, 30.73, 29.5, 29.99, null, 29.07, 26.21, 25.72, null, 28.66, 26.64, 32.35, 25.44, 27.81, 28.74, 30.0, 27.24, 26.25, 27.23, 30.67, 26.01, 29.72, 28.81, 28.94, null, null, 29.64, 28.65, 26.89, 28.35, 28.41, 25.52, null, 29.05, 28.64, null, 30.01, 27.39, 27.58, 26.58, 29.08, 27.81, 29.87]",267.37
market_display,87,"[27.92, 26.01, 26.46, 25.96, 26.12, 27.79, 26.97, 26.81, 26.28, 25.4, 27.27, 27.44, 27.49, 26.42, 25.5, 27.2, 27.73, 27.44, 25.5, 26.89, 24.1, 28.04, 26.64, 26.68, 28.3, 25.73, null, 25.41, 24.65, 26.78, 26.72, null, 27.32, 26.39, 27.35, null, 27.7, 27.84, 26.68, 27.55, 27.5, 25.03, 25.39, 25.23, 27.24, 25.6, 24.01, 25.23, 25.99, 27.0, 28.0, 27.59, 26.66, 25.45, 24.04, 25.86, 26.1, null, 27.52, 27.25, 26.56, 25.97, 24.62, 25.48, 25.29, 29.56, 28.84, 24.93, 26.92, 24.82, 26.71, null, 26.27, 27.71, 26.89, 27.49, 27.05, 25.57, 24.87, 26.09, 26.08, 25.82, 25.6, 26.52, 28.03, 23.93, 24.95]",297.87
mixed_chain,72,"[3.25, 2.42, 2.88, 2.33, 2.81, 3.01, 3.32, 3.38, 2.43, 3.05, 3.1, null, 2.37, 2.65, 2.9, 3.29, 2.6, 2.75, 2.87, 2.32, 2.82, 32.94, 25.38, 23.14, 23.89, 25.69, 25.77, 26.34, 27.42, 26.52, 29.35, 27.69, 29.89, 31.66, 31.95, 32.38, 31.56, 29.94, 32.1, 31.97, 30.42, 31.9, 28.29, 29.11, 27.87, 30.53, 26.51, 28.97, 31.38, 29.86, 27.93, 29.81, 30.26, 29.5, 29.98, 27.82, 28.47, 29.7, 28.91, 28.77, 28.08, 30.98, 29.42, 30.47, 26.68, 30.43, 27.94, 28.98, 29.53, 31.68, 31.48, 29.22]",286.62
mixed_chain,93,"[2.47, 3.11, 2.73, 2.26, 1.98, 2.36, 2.84, 1.87, 2.19, 2.1, null, 2.59, 2.51, 2.5, 1.87, 2.71, 2.83, null, 2.07, 2.76, 2.97, 2.58, 2.14, null, 2.66, 1.81, 1.87, 2.52, 3.06, 2.89, 2.59, 1.6, 1.45, 2.36, null, 2.08, 2.78, null, 2.2, 2.27, 1.76, 2.61, 2.17, 2.77, 31.9, 25.19, 25.38, 23.56, 24.59, null, 24.39, 25.74, 26.26, 27.36, 28.96, null, 31.06, null, 32.58, 32.87, 31.89, 31.29, 30.08, 30.8, 30.06, 29.24, 27.46, null, 24.54, 26.69, 33.26, 32.48, 34.83, 31.88, null, 32.46, 32.74, 31.22, 31.98, 32.95, null, 30.93, 32.26, 32.14, 31.69, null, 34.76, 32.47, 31.09, 30.31, 31.94, 33.16, 31.78]",259.19
mixed_chain,75,"[null, 3.03, null, 3.08, 2.65, 2.83, null, 2.63, 2.41, 2.28, 2.95, 2.21, 2.61, 2.26, 2.53, 1.91, 3.14, 2.96, 2.65, 2.74, 3.14, 2.45, null, 2.39, 2.65, 2.11, null, 29.94, 24.27, 24.32, 23.54, 23.81, 23.58, 25.31, 25.77, 29.07, 27.44, 28.81, 30.94, 30.36, 31.68, 32.76, 35.83, 29.33, 30.6, 30.9, 29.52, 30.06, 28.81, 30.81, 30.36, 29.05, 28.81, 31.6, null, 29.18, null, 30.67, 28.82, 29.46, 29.36, 32.28, 31.59, 29.84, 28.68, 29.61, null, 31.37, 32.56, 29.86, null, 31.82, null, 28.51, 29.35]",285.69
market_display,93,"[27.01, 27.82, null, 29.07, 27.24, 27.32, 25.63, 26.56, 30.96, 27.04, null, 26.26, 26.18, 27.75, 27.85, 27.05, 27.77, 26.85, 29.23, 30.19, 29.03, 26.14, 28.31, 27.08, 27.08, 28.63, 27.9, 27.91, 27.83, 26.69, null, 27.43, 27.54, 28.27, 28.83, null, 27.98, 28.87, 27.47, 28.29, 28.03, 27.38, 26.24, 26.63, 29.01, 25.83, 29.9, null, 25.64, 27.12, 25.06, 25.72, 27.89, 25.89, 25.95, 27.83, 27.85, 28.36, 28.04, null, 28.45, 28.85, 27.84, 28.37, 24.63, 27.24, 29.49, 27.09, null, 28.04, 27.01, 28.31, 27.22, 27.17, 27.16, 26.72, null, 27.18, 27.84, 27.31, 27.23, 30.84, 28.63, 25.78, 28.07, 28.11, 31.98, 28.17, 30.29, 27.28, 26.83, 26.38, 28.83]",260.92
power_outage,21,"[4.86, 4.49, 5.09, 5.15, 4.93, 4.32, 5.27, 4.95, 10.61, null, 10.09, 16.55, 22.16, 28.59, 4.96, 4.63, 5.23, 4.15, 5.04, 4.51, 4.75]",662.5
mixed_chain,40,"[4.73, 3.5, 5.15, 4.41, 3.47, 4.45, 3.64, 3.87, 4.47, 3.78, 3.9, 4.62, 4.24, 4.1, 4.21, 4.96, 4.62, 3.73, 27.73, 20.89, 21.01, 20.78, 22.24, 20.35, 21.77, 21.04, 23.22, 25.55, 26.96, 27.99, 29.77, null, 27.09, 28.74, 28.33, 26.72, 26.94, 26.98, 26.67, 27.61]",332.29
market_display,71,"[29.92, 25.84, 28.49, 24.8, 27.76, 27.85, 26.88, 25.75, 27.08, 27.7, 26.03, 27.17, 27.34, 27.96, 25.51, 26.7, 27.63, 26.94, 26.1, 28.54, 28.58, 28.32, 26.98, 27.17, 28.91, 28.38, 28.93, 27.52, 28.15, 28.21, 29.15, 24.68, 27.56, 28.56, 28.83, 26.87, 27.88, 28.3, 28.92, 27.84, 27.73, 27.09, 28.76, 28.91, 28.67, 28.31, 27.71, 26.71, 26.53, 28.65, 28.78, 27.71, 27.71, 27.67, 28.85, 28.32, 26.9, 28.03, 25.52, 26.68, 25.32, 26.39, 26.5, 24.92, 28.82, 26.81, 27.03, 26.38, null, 29.07, 28.04]",288.21
mixed_chain,36,"[5.55, 4.8, 5.68, 5.01, 5.59, 5.46, 4.68, 4.6, 5.23, 4.97, 5.43, 5.07, 4.82, 5.3, 4.33, 4.63, null, 25.44, null, 25.73, 25.49, 23.97, 25.17, 25.33, 26.95, 29.89, 34.11, 31.21, 32.56, 33.53, 31.6, 32.54, 33.95, 34.01, 33.45, 32.77]",291.84
mixed_chain,71,"[4.06, 3.3, 3.23, 3.27, 3.23, 2.79, 3.53, 3.32, 3.47, 3.28, 3.51, 3.22, 3.23, 4.28, 2.99, 4.73, 2.94, 3.15, 2.98, 3.33, 2.13, 3.88, 3.15, 25.32, 18.21, 19.21, 18.68, 17.54, 20.03, 19.49, 20.27, 21.92, 23.23, 22.62, 25.15, 25.27, 25.67, 25.75, 26.59, 25.14, 25.2, 23.89, 25.08, 23.58, 22.6, 21.0, 20.25, 19.43, 19.21, 19.47, 29.27, 29.32, 31.13, 29.04, 29.77, 29.87, 27.83, 29.67, 26.42, 27.75, 29.56, 27.38, 30.03, 29.98, 29.25, 29.08, 28.45, 28.96, 29.96, 30.12, 28.86]",295.71
stable_cold,59,"[2.07, 2.37, 2.29, 2.43, 2.82, null, 2.87, 2.39, 3.15, 2.81, 2.59, 2.78, 2.27, 1.7, 2.3, 2.84, 2.57, 2.49, 2.2, 1.76, 3.11, 2.46, 2.37, 2.27, null, 2.89, 2.16, 3.01, 2.48, 2.3, 2.42, 2.23, 2.01, 2.85, 2.45, 2.79, 2.66, 2.76, 1.72, 2.2, 2.77, 2.03, 2.69, 1.99, 2.55, 3.19, 2.85, 1.8, 2.88, 3.27, 3.66, 2.73, 2.0, 2.72, 3.18, 2.47, 2.96, 2.21, 2.69]",671.92
power_outage,56,"[4.91, 4.99, 4.71, 4.6, 16.45, 27.98, 4.58, 4.62, 4.49, 5.08, 4.65, 4.37, 4.8, 4.59, 5.36, 4.96, 4.48, 5.1, 4.95, 4.85, 5.4, 4.63, 5.24, 4.8, null, 4.7, 4.72, 4.79, null, 5.03, 4.96, 4.48, 5.12, 5.36, null, 4.69, 5.26, null, 4.88, 5.17, 5.01, 5.35, 4.92, 5.05, 5.25, 4.19, 5.26, 4.77, 5.07, 5.42, null, 4.79, 4.91, 4.49, 5.58, 4.91]",625.63
market_display,66,"[29.45, 27.11, 27.84, 26.99, 27.36, 25.94, null, 26.38, null, 27.12, 25.9, 25.68, 29.56, 28.36, 29.45, 26.91, 26.64, 27.48, 27.47, 26.61, 26.11, 27.73, null, 27.72, 26.66, 27.96, 28.31, 27.71, null, 25.22, 25.12, 26.41, 25.23, 26.93, 25.91, 26.29, 26.96, 27.44, 26.01, 26.45, 27.39, 26.81, 26.78, 27.78, 25.88, 27.95, 29.7, 27.29, 26.42, 25.22, 26.36, null, null, 26.89, 26.82, 26.36, 26.88, 25.98, null, 27.14, null, null, 27.83, 27.97, 26.65, 26.15]",308.95
market_display,77,"[26.2, 29.9, 29.51, null, 29.69, 28.84, null, null, 30.14, null, null, 29.48, 29.6, 28.62, null, 30.06, null, null, 30.39, 30.61, 28.73, 30.31, 29.95, 30.35, 29.52, 29.95, null, 29.93, 30.83, 31.35, 29.22, 31.52, 29.18, 30.21, 29.45, null, 29.62, 28.65, 30.62, 28.78, 29.75, 27.34, 30.37, 27.12, 28.77, 27.73, 28.03, 29.33, 28.57, 30.26, 29.08, 29.57, 28.39, 30.27, 29.59, null, 30.28, 30.41, 29.87, 29.58, 30.7, 29.57, 28.88, 30.47, 30.63, 29.31, 30.12, 29.92, 29.48, 27.61, 28.05, 28.93, 29.42, 27.96, 26.86, 29.25, 29.38]",269.05
power_outage,19,"[null, 4.85, 4.63, 4.74, 5.15, 4.12, 4.86, 5.0, 4.67, 9.87, 14.59, 18.71, 23.49, null, 4.35, 5.35, 4.78, 4.55, 4.12]",677.5
market_display,91,"[28.14, 28.53, 28.91, 30.78, 28.63, 27.31, 29.09, 28.72, null, 28.3, 31.11, 28.02, 26.78, 27.9, null, 27.1, 28.4, 30.56, 27.1, 26.96, 29.52, 28.38, 28.16, 29.92, 27.96, null, 29.58, null, 28.48, 26.28, 27.42, 28.38, 27.34, 29.77, null, 28.33, 29.79, 27.92, 29.08, null, 29.63, 29.15, 29.37, 28.01, 27.95, null, 29.37, 29.08, null, 27.61, null, 28.05, 27.84, 27.49, 28.37, 27.09, null, 27.46, 27.22, 27.15, 27.45, null, 28.28, 28.76, 28.38, 29.38, null, 29.26, 28.4, 28.58, 27.21, 27.78, 29.5, 27.96, 28.32, 29.34, 28.9, null, 28.32, 29.59, 27.82, 29.0, 28.28, 29.26, 29.36, 28.75, 29.87, 29.44, 28.27, 28.87, 28.92]",260.29
market_display,91,"[28.15, 31.0, 28.21, 28.27, 28.38, 27.39, 25.6, 30.17, 29.16, 29.77, 28.72, 29.83, 26.58, 28.5, 29.05, 30.02, 28.93, 28.94, 28.71, 26.66, 27.72, 27.83, 29.43, 29.05, 30.24, 29.02, 28.18, 29.97, 26.94, 28.09, 27.3, 27.09, 27.13, 27.64, 28.66, 28.01, 28.75, 28.7, 25.63, 28.62, 27.53, 26.46, 28.71, 28.51, 28.61, 29.27, 27.62, 27.24, 28.39, 27.88, 31.67, 28.24, 28.4, 27.34, 27.13, 26.37, 27.97, 28.11, 29.67, 28.05, 27.85, 28.62, 28.2, 29.47, 30.05, 28.27, 27.15, 28.14, 28.57, 26.69, 27.96, 26.51, 28.81, 26.98, 27.92, 28.13, 26.77, 28.37, 27.02, 30.1, 29.92, 29.73, 28.5, 28.73, 28.11, 28.97, 30.29, 27.15, 28.86, 26.27, 27.83]",268.11
hot_truck_transit,47,"[29.92, 23.21, 21.47, 23.11, 21.25, 21.76, 23.33, 24.94, 24.16, 26.39, 27.12, 26.8, 28.22, 28.84, 28.44, 29.54, 29.33, 29.17, 28.29, 26.87, 28.4, 25.58, 25.41, 23.76, 23.78, 21.32, 21.47, 21.05, 21.08, 22.16, 22.38, null, 24.13, 25.1, 27.15, 26.25, 27.82, 28.27, 29.86, 28.97, 30.11, 28.83, 28.63, 28.29, 25.48, 25.21, 27.25]",320.36
power_outage,59,"[3.46, 3.68, 3.57, 3.29, 3.47, 4.04, 3.7, 4.12, 3.18, 3.39, 3.63, 3.73, 3.47, 9.51, 15.26, 20.37, 26.77, 32.63, 3.59, 2.95, 3.42, 3.64, 3.25, 3.78, 3.72, null, 3.51, 3.56, 3.5, 3.12, 3.38, 3.53, 3.93, 3.71, 3.95, 3.08, 10.6, 18.53, 24.89, 32.08, 3.42, 4.11, 3.3, 3.67, 3.62, 2.93, 3.5, 3.34, 3.71, 4.03, 3.4, 3.4, 4.26, 3.29, 3.1, 3.92, 3.49, 3.59, 4.17]",634.33
power_outage,19,"[4.48, 4.3, 4.53, 4.54, 3.91, null, 4.21, 4.0, 4.14, 4.31, 9.45, 14.77, 19.76, 25.47, 30.72, 3.99, 3.83, 4.58, 4.74]",664.79
market_display,17,"[26.15, 28.39, 25.14, null, 28.75, null, 27.49, 27.93, 24.81, 27.95, 26.45, 28.72, 27.46, 27.9, 26.14, 28.53, 27.53]",346.2
market_display,42,"[28.57, 25.75, 26.72, 28.67, 25.67, 25.25, 29.94, 26.15, 24.31, 25.75, 26.22, 27.7, 26.77, 25.04, 23.21, 27.32, 26.8, 28.18, 25.97, 26.4, 26.08, 25.99, 27.19, 26.18, 24.71, 28.3, 26.99, 27.52, 28.3, 26.48, 26.48, 25.43, 27.76, 24.86, 26.97, 27.35, 25.15, 28.21, 24.35, 25.14, null, 27.59]",321.63
market_display,3,"[26.96, 29.27, 29.05]",346.17
market_display,10,"[32.1, 31.38, 31.44, 32.66, 32.15, 31.59, 32.86, 31.02, 33.11, 31.7]",316.41
mixed_chain,53,"[2.89, null, 3.62, 3.11, 4.3, 3.43, 3.38, 3.43, 3.09, 3.66, 2.98, 3.13, 3.68, 3.87, 4.16, 3.15, null, 2.6, 3.96, 34.46, 25.14, 24.66, 25.85, 24.84, 25.09, 26.2, 27.01, 27.74, null, 30.37, 30.31, 31.01, 33.03, 36.64, 30.29, 31.92, 29.55, 29.6, 30.04, 28.02, 33.34, 29.4, null, null, 31.41, 32.95, 31.51, 30.89, 32.74, 28.38, 32.49, null, 30.86]",291.26
market_display,25,"[32.12, 28.98, 27.16, 28.93, 29.93, 29.52, 27.75, 28.57, 28.0, 28.17, 28.86, 29.53, 28.1, 28.21, null, 27.94, 27.89, 31.61, 28.34, null, 27.48, 26.58, null, 28.88, 27.72]",335.61
market_display,76,"[30.17, 26.82, 29.35, 29.54, 30.52, 29.96, 30.11, 30.31, 31.0, 28.68, 28.04, 28.11, 29.98, 28.89, 28.51, 30.52, 29.92, 31.12, 29.57, 29.9, 28.75, 26.7, 28.6, 28.36, 27.62, 29.45, 30.35, 28.69, 29.72, 28.56, 29.07, 28.53, 29.61, 29.95, 31.31, 28.57, 29.0, null, 28.85, 29.86, 28.65, 29.73, 29.97, 30.82, 28.34, 29.84, 29.09, 27.29, 28.51, 28.36, 29.77, 28.21, 29.37, 29.27, 30.04, 28.68, 27.48, 30.37, 28.58, 30.58, 29.23, 29.34, 29.99, 30.03, 29.17, 28.74, 29.2, 27.09, 30.44, 28.23, 28.64, 28.78, 29.71, 29.1, 30.06, 29.88]",267.04
market_display,14,"[30.02, 28.81, 29.4, 32.36, 29.61, 30.05, 26.61, 30.31, 32.15, 28.76, 31.08, 29.04, 27.79, 29.26]",333.16
market_display,43,"[30.35, 27.92, 29.36, 27.85, 27.9, 28.36, 27.68, 27.57, 28.14, 29.27, 28.21, 28.07, null, 30.02, 26.93, 28.92, 29.12, 27.92, 29.59, 29.24, null, 26.59, 27.47, 27.31, 28.98, 29.2, 27.81, 27.81, 30.78, 28.36, 28.66, 27.83, 29.71, null, 28.33, 28.38, 27.62, 26.98, 28.12, 29.98, 27.77, 29.38, 27.65]",318.07
mixed_chain,70,"[3.1, 3.47, 3.88, 3.11, 3.55, 3.83, 4.2, 3.28, 4.54, 3.91, 3.26, 3.78, 3.43, 3.1, 3.66, 3.67, 3.83, 3.34, 3.37, 4.1, 4.03, 3.23, 3.05, 3.27, 4.17, 2.57, 3.49, 4.09, 3.8, 3.66, 4.09, 30.21, 22.15, 22.95, null, 23.12, 24.02, 24.59, null, null, 27.34, 29.47, 30.29, 30.1, 31.33, null, 33.46, 26.51, 28.2, 27.99, 24.83, 27.46, 25.73, 26.31, 25.14, 27.86, 27.26, 25.95, 25.74, 27.6, 25.73, 25.94, 25.79, 25.78, 27.49, 26.94, 26.0, 25.41, 26.65, 26.35]",318.6
market_display,3,"[30.22, 30.74, 30.32]",334.99
mixed_chain,56,"[4.76, 5.14, 4.83, 4.98, 5.29, 3.82, 4.77, 4.49, 4.53, 4.63, 4.13, 5.39, 5.9, 4.96, 5.53, 4.62, 5.41, 4.69, 32.12, 27.13, 24.41, 24.54, 25.16, 27.14, 27.15, 25.99, 28.16, 28.88, 30.34, 33.23, 35.09, 30.92, 33.34, 32.18, 31.3, 33.11, 31.89, 32.08, null, 30.01, 33.3, 32.81, 32.69, 32.16, 31.65, 32.44, 33.14, 32.79, 31.48, 33.48, 32.39, 32.37, 31.66, 31.77, 32.58, 30.73]",287.58
mixed_chain,33,"[5.7, null, 5.67, 6.25, 5.86, 6.19, 5.45, 5.87, null, null, 5.95, 28.16, 23.01, 21.87, 20.68, 22.2, 22.41, 22.86, 23.78, 25.37, 25.81, 33.23, 27.48, 26.62, 26.56, 26.27, 26.69, 26.76, 25.79, 26.02, 25.56, 27.5, 26.89]",341.75
mixed_chain,26,"[2.28, 2.49, 2.43, 2.85, 3.19, 2.45, 2.49, 3.16, 2.43, 1.51, 3.38, 3.04, 29.89, 25.39, 23.56, 24.75, 24.87, 25.35, 26.55, 28.13, 32.32, 31.48, 28.72, 29.64, 29.71, 28.73]",332.6
mixed_chain,88,"[4.5, 5.35, 4.46, 4.6, 4.96, 4.64, 5.17, 5.13, 5.31, 5.25, null, 4.99, 5.3, 5.02, 5.58, 5.38, 4.91, 5.5, 5.62, 5.87, 5.47, 4.59, 4.64, 4.6, 5.42, 6.04, 5.17, 5.04, 5.22, 25.69, 19.51, 18.66, 17.07, 16.95, 17.76, 20.38, 21.58, 20.41, 22.98, 21.73, 23.83, 25.45, 26.46, 25.65, 26.24, 26.13, 24.72, 25.99, 24.48, 22.72, 22.27, 22.17, 19.68, 18.58, 17.98, 20.38, 19.04, 17.68, 18.95, 19.7, 20.37, 20.83, 23.87, 31.46, 33.07, 32.28, 32.74, 30.72, 31.77, 33.34, 30.54, 34.1, 32.21, 32.85, 29.79, 32.94, 31.03, 32.16, 30.64, 33.28, 30.81, 32.64, 32.51, 32.4, null, 32.73, 32.0, 31.76]",260.67
power_outage,46,"[2.73, 2.27, 2.48, 1.85, 2.36, 2.84, 2.55, 2.72, 2.74, 2.86, 2.35, 2.73, 3.12, 2.44, 2.05, null, 2.59, 1.95, null, 2.35, 2.48, null, 13.89, null, 26.07, 30.52, 1.95, 2.14, null, 2.05, 2.6, 1.65, 2.75, 2.69, 2.31, 2.73, 2.12, 2.2, 2.62, 2.39, 2.26, 2.42, 2.85, 2.83, 2.58, 2.34]",689.01
power_outage,50,"[3.94, null, 4.62, 3.78, 4.31, 4.15, 4.27, 4.32, 3.52, 4.41, 4.52, 10.33, 15.46, null, 27.14, 32.51, 4.0, 3.86, 4.29, 3.7, 3.89, 4.03, 4.42, 5.02, 4.28, 3.88, 3.98, 4.38, null, 4.52, 4.27, 4.15, 3.68, 4.46, 3.96, null, 4.14, 3.71, 4.12, 3.82, null, 4.32, 4.4, 4.18, 3.92, 3.99, 3.99, null, 4.21, 3.69]",654.72
hot_truck_transit,5,"[31.73, 22.72, 22.33, 21.21, 26.01]",372.84
mixed_chain,90,"[4.26, 4.95, 4.62, 4.44, 4.44, 3.71, 4.94, 5.14, 4.9, 4.39, 4.24, 3.92, 4.43, 3.66, null, 4.97, 5.23, 4.34, 4.77, 4.39, 5.06, null, 4.83, null, 4.55, 4.38, 5.13, 4.37, 4.49, 3.84, 4.65, 4.63, 4.47, 5.1, 4.59, 4.33, 4.27, 4.89, 3.94, 4.32, null, null, 19.44, 21.33, null, 20.98, 22.46, 21.53, 24.49, 25.53, 24.55, 25.64, 27.52, 28.73, 28.63, 28.07, 28.39, 28.14, 27.18, 25.74, 25.79, 23.89, 21.56, 21.01, 22.31, 19.78, 20.33, 23.68, 31.52, 28.64, 27.77, 27.02, 26.53, 30.61, 27.42, 26.82, 28.32, 28.05, 27.96, 30.31, 29.02, 29.8, null, null, 29.03, 27.08, 30.6, 28.51, 25.06, 27.15]",296.68
power_outage,54,"[2.84, 2.74, 1.73, 2.55, 2.82, 2.67, 2.62, 2.82, 2.6, 17.82, 32.42, null, 2.82, 2.44, 2.23, 2.56, 2.73, 2.83, 2.83, 2.54, 2.5, 2.38, 2.63, 2.06, 2.56, 3.41, 2.1, 2.6, 2.67, 2.71, 2.27, 2.71, 2.4, 2.13, 2.84, null, 2.27, 2.39, 2.38, 2.06, 2.78, 2.8, 2.46, 2.55, 2.59, 2.63, 2.15, 2.7, 2.2, 2.76, 2.24, 2.17, 2.55, 2.54]",678.21
power_outage,60,"[4.3, 4.27, 4.35, 10.93, 18.02, null, 31.63, null, 4.75, 4.2, 4.75, 4.05, 4.96, 4.34, 4.67, 4.7, 4.11, 4.74, null, 4.4, 4.29, 4.98, null, 4.62, 4.31, 4.82, 5.19, 4.3, 4.54, 4.38, 4.8, 4.42, null, 4.37, 5.17, 3.84, 4.61, 4.49, 4.48, 4.58, 4.51, 4.56, 4.62, 5.02, 3.66, 5.05, 5.26, 3.97, 4.51, 4.9, 4.77, 5.0, 4.6, 3.88, 4.88, 4.68, 4.93, 4.03, null, null]",628.86
power_outage,12,"[4.65, 4.15, 4.34, 4.37, 10.57, 17.54, 23.66, null, 4.08, 4.06, 4.04, 4.32]",680.86
hot_truck_transit,17,"[26.16, 21.93, 20.72, 19.68, 20.17, 21.59, 21.34, 23.25, 23.31, 23.64, 26.75, 27.18, 26.33, 28.93, 28.9, 28.59, 32.39]",306.85
market_display,18,"[null, null, 28.35, 30.06, 27.31, 26.93, 27.39, 28.93, 28.98, 26.63, 27.15, 28.52, 29.67, 27.33, 26.46, 29.37, 26.07, 28.82]",333.56
mixed_chain,26,"[5.12, 4.64, 5.02, 4.89, 5.29, 4.72, 5.04, 4.77, 32.63, 26.01, 26.89, null, 25.36, 26.61, null, 29.01, 33.38, 32.36, 31.48, 30.47, 31.24, 29.99, 30.06, 28.95, null, 32.07]",302.74
hot_truck_transit,82,"[25.48, 21.85, 19.96, 20.66, 20.99, null, 21.64, null, 25.18, 26.1, 27.35, 27.72, 28.19, 27.73, 28.28, 29.63, 27.31, 29.39, 27.21, 26.44, 26.53, 25.09, 23.5, 22.14, 20.84, 19.67, 22.18, 20.7, null, 22.01, 21.42, 22.26, 24.79, 25.46, 26.05, 26.43, 27.88, 28.8, 28.94, 29.84, 27.93, 28.13, 28.14, 26.41, 26.67, 25.94, 23.88, 23.18, 21.87, 21.17, 22.03, 20.2, 21.67, 21.01, 21.36, 23.68, 24.39, 24.35, 25.77, 26.77, 27.89, 27.94, 30.12, 27.98, 27.52, 28.24, 26.11, 26.25, 25.4, 24.88, 23.68, 23.06, null, 21.1, 21.47, 19.05, 21.34, 19.69, 22.05, 23.29, 24.08, 26.41]",295.45
power_outage,37,"[3.62, 3.31, 11.95, 20.49, 29.05, 3.96, 3.71, 4.09, 3.72, 3.92, 3.59, 4.25, 3.93, 4.12, 3.56, 3.97, 4.09, 3.31, 4.27, 3.55, 3.98, 4.46, 4.21, 3.47, 3.87, 4.29, 3.68, 3.81, 3.8, 4.09, 3.46, 4.11, 3.73, 3.92, null, 4.1, 3.91]",665.0
hot_truck_transit,41,"[27.51, 21.69, 23.14, null, 20.8, 22.13, 22.62, 24.25, 24.95, 26.59, 26.0, null, 28.61, 28.92, 30.27, 29.85, 29.83, null, 28.93, 29.61, 25.22, 26.04, 24.13, 23.31, 22.7, 23.32, 21.86, 21.14, 22.71, 21.64, 24.56, null, 24.78, 27.59, 26.83, null, 28.79, 29.51, 29.26, 30.41, 36.54]",258.03
power_outage,23,"[4.87, 4.97, 4.31, 4.15, null, 4.73, 4.48, 4.56, null, 4.05, 3.99, 4.34, 4.29, 9.51, 14.47, 19.07, 24.02, 29.96, 4.15, 4.28, 4.18, 4.08, 4.07]",674.51
hot_truck_transit,56,"[28.59, 20.78, 18.73, 19.53, 19.84, null, 20.78, 21.64, 22.3, 22.41, 24.41, 23.87, 26.52, 27.49, 27.12, 28.46, 26.74, 26.32, 26.04, 27.25, 24.24, 25.15, null, 20.79, 22.17, null, 19.34, 20.12, 20.57, 19.51, 21.33, 21.25, 21.62, 22.87, 23.53, 25.51, 26.34, null, 27.99, 27.11, 27.15, 26.38, 26.35, 25.26, 24.51, 24.61, 23.61, 20.94, 21.23, 20.49, 19.13, null, 18.39, 20.83, 20.51, 26.09]",324.77
mixed_chain,29,"[2.67, 2.59, 2.62, 2.48, 1.71, 2.12, 2.4, 1.9, 2.43, 2.65, 1.77, 1.5, 2.26, 33.58, 26.62, 26.42, 27.57, 24.99, 26.96, 26.98, 28.16, 28.25, 32.16, 32.53, 32.71, 29.49, 30.19, 31.84, 30.19]",317.59
power_outage,8,"[10.22, 17.3, 23.96, 31.67, 31.37, 3.33, 3.51, 2.57]",721.18
mixed_chain,64,"[5.37, null, 5.17, null, 5.83, 5.52, null, null, 5.64, 5.47, 5.93, null, 4.38, 6.2, 5.18, 6.32, 5.43, 4.9, 5.28, 5.81, 6.28, 6.02, 25.95, 20.33, 18.89, null, 17.42, 19.43, 19.07, 20.93, 21.21, 21.99, 23.84, 24.52, 28.52, 29.87, 31.15, 29.98, 29.07, 29.89, 30.79, 33.02, 31.34, null, 28.3, 30.16, 30.19, 31.31, 31.71, 30.88, 31.26, 29.88, 31.16, 30.5, null, 30.4, 29.9, 31.05, 31.95, null, 30.65, 30.07, 29.07, 31.54]",278.57
market_display,63,"[26.63, 27.63, 26.21, 29.11, 27.22, 29.06, 27.03, 28.5, 26.35, 27.27, 27.41, 28.33, 26.52, 29.77, 28.0, 27.95, 26.29, 28.4, 29.35, 26.91, 27.31, 27.72, 27.65, 26.89, 28.51, 29.44, 27.95, 26.95, 26.69, 30.94, 27.5, 28.64, 26.03, 27.12, 29.32, 26.97, 27.04, 28.46, 27.24, 28.68, 27.24, 27.91, null, 27.48, 26.52, 27.51, 26.84, 27.44, 28.04, 28.04, 29.12, 27.09, 28.01, 29.67, 28.42, 29.17, 27.97, 29.0, 27.81, 26.34, 28.81, 28.48, 28.08]",295.3
power_outage,20,"[4.12, 4.7, 4.29, 3.85, 4.09, 3.97, 4.59, 4.5, null, 17.98, 24.67, 31.77, 4.42, null, 4.21, 4.08, 4.47, 4.73, 4.6, 4.74]",664.08
mixed_chain,70,"[2.62, 2.56, null, 2.66, 2.11, 1.94, 2.5, 1.64, 2.41, 1.65, 1.87, 2.18, 2.61, 1.51, 2.62, 2.81, 2.43, 2.26, 2.32, 1.76, 2.31, 30.28, 24.96, 23.4, 22.59, 23.8, 23.88, 24.85, 24.56, 25.02, 27.7, 28.04, 29.38, 29.35, 33.92, 33.57, null, null, 32.76, 32.3, 32.18, 32.52, 31.96, 32.93, 34.11, 35.59, null, 33.37, 30.07, 32.38, 31.75, 30.72, 33.8, 30.57, null, null, 32.4, 33.93, null, 31.93, 33.53, 34.07, 32.58, null, 32.18, 32.05, null, 30.98, null, 32.15]",266.27
stable_cold,43,"[3.03, 2.53, 2.98, 3.17, 2.35, 2.29, 3.53, 3.0, 2.69, 2.48, 2.65, 2.38, 3.21, 2.54, 3.29, 2.7, 2.44, 2.68, 1.81, 2.81, 2.79, 3.19, 2.1, 3.32, 3.18, 3.36, 2.83, 3.26, 2.27, 3.14, 2.55, 2.19, 2.41, 2.86, 2.53, 3.01, 2.13, 2.0, 3.4, 3.22, 2.44, 2.85, 3.26]",675.63
hot_truck_transit,7,"[32.53, 26.44, 24.75, 25.03, 23.69, 25.01, 31.15]",324.72
power_outage,76,"[4.98, 4.85, 4.78, 4.6, 4.47, 4.8, 4.33, 4.68, 4.32, 4.63, 4.33, 4.52, 4.44, 4.4, 4.61, 3.91, 4.1, 4.88, null, 4.42, 4.93, 4.45, 4.47, null, null, 4.71, 4.7, 4.78, 4.09, 4.46, 4.78, 4.64, 5.3, 4.48, 4.92, 4.88, 4.68, 4.74, 4.55, 4.05, 4.75, 4.77, 4.82, 17.47, 30.55, 4.38, 5.08, 4.34, 4.61, 4.85, 4.49, 4.87, 4.54, 4.68, 4.59, null, 5.32, 4.39, 3.96, 4.4, 4.68, 4.53, 4.95, null, 4.55, 4.14, 4.26, 4.63, 4.17, 4.53, 5.07, 4.74, 4.65, 4.33, 4.7, 4.56]",612.53
market_display,92,"[null, 32.61, 32.43, 34.91, 32.52, 32.02, 31.9, 33.04, 31.38, 32.9, 32.88, 33.39, 30.58, 30.28, 32.16, 32.51, 31.34, 31.04, 33.2, 32.31, 33.65, null, 32.55, null, null, 31.98, 33.78, 34.14, 31.92, 32.01, 33.72, 33.04, 33.07, 32.97, 32.62, 33.88, 34.35, 31.45, 33.75, 32.63, 31.14, 31.57, 32.19, 33.95, 31.44, 30.52, 32.36, null, 33.97, 32.99, 33.54, 32.21, 31.22, 34.26, null, 33.46, 32.24, 33.47, 33.04, 32.84, 33.18, 32.39, 30.64, 33.03, 34.06, 32.63, 32.3, 32.99, 33.86, 32.34, 30.89, 32.87, 33.12, 32.89, 32.09, 33.08, null, 32.16, 32.34, 32.89, 33.02, 32.06, null, 33.14, null, 33.26, 34.24, 33.5, 35.09, null, 33.88, 31.21]",234.97
power_outage,89,"[2.45, 2.48, 2.38, 1.98, 2.09, 3.02, 1.94, 1.9, 2.52, null, 2.86, 3.14, 2.25, 2.41, null, 2.63, 1.65, 1.92, 2.36, 2.48, 1.88, null, 1.82, 2.23, 2.08, 2.13, 2.52, 2.4, 2.49, 2.28, 11.19, 19.62, 28.14, 2.49, 2.19, 2.22, 2.64, 2.61, 2.23, 2.58, 1.94, 2.23, 2.09, 2.32, 2.54, 2.49, 2.45, 2.36, 2.27, 2.68, 1.86, 2.12, 2.44, 2.78, 2.22, 2.24, 1.93, 2.16, 2.53, 2.79, 2.23, 2.08, 2.34, 1.84, 2.69, 1.95, 2.41, null, 19.82, 28.36, 2.32, 2.45, 2.57, 2.86, 1.99, 1.77, 1.86, null, 1.96, 1.92, 2.2, 2.58, 2.51, 2.13, 2.16, 2.92, 2.5, 2.37, 2.36]",645.32
hot_truck_transit,41,"[30.38, 25.88, 23.72, 23.63, 24.92, 26.36, 27.16, null, 27.9, 30.22, 29.51, 30.78, 30.74, 32.24, 32.23, 34.28, 33.99, 32.57, 32.25, 30.57, 28.06, 28.44, null, 27.4, 25.91, 26.18, 24.81, 24.14, 25.78, 25.1, 27.04, 25.45, 27.56, 29.53, 30.48, 30.87, 32.11, 32.63, 31.72, 32.76, 36.36]",256.73
market_display,63,"[32.42, 31.56, null, 33.0, 31.1, 32.0, 32.11, 30.86, 31.2, 30.24, null, 30.29, 29.54, 29.39, 30.34, 34.03, 29.79, 31.81, 28.94, 31.55, 32.0, 29.85, 30.41, 30.07, 31.79, 31.54, 32.15, 31.0, 29.35, 29.85, 29.56, 30.15, 30.48, 30.62, null, null, 32.16, 31.52, 30.73, 30.52, 30.56, 30.74, 31.72, 30.99, 31.52, 31.28, 30.46, 29.25, 32.83, 31.92, 32.73, 30.59, 31.59, 30.45, 31.98, 33.08, 33.01, 31.24, 32.08, 31.82, 31.36, 31.71, 30.27]",274.18
mixed_chain,83,"[3.16, 3.18, null, 3.26, 3.33, null, 2.72, 3.79, 3.3, 3.13, 3.67, 2.61, 3.1, 3.14, 2.89, 2.37, 3.54, 2.98, 3.12, 2.67, 2.65, 2.81, 2.85, 3.39, 3.1, 2.55, null, null, 3.36, 2.82, 2.69, null, 2.96, 3.05, 3.37, 25.65, 19.65, 17.96, 18.55, null, 18.25, 19.54, null, 21.47, null, 24.47, 23.8, 24.99, 27.22, 27.17, 24.54, 27.85, 26.32, 25.64, null, 29.69, 29.54, 26.41, 29.12, 28.39, 29.23, null, null, 31.56, 29.61, 28.31, 29.27, 29.17, 31.59, 29.75, 31.44, 28.0, 29.71, 28.45, 29.55, 30.3, 27.89, 29.05, 29.47, 29.92, 27.84, 30.19, 30.23]",278.31
market_display,17,"[30.62, 32.7, 32.27, 33.26, 32.26, 33.47, null, 33.56, 33.81, null, 32.42, 34.48, 32.69, 31.9, 32.26, 33.24, 33.97]",291.94
hot_truck_transit,50,"[22.74, 19.25, 17.03, 19.03, 17.44, 17.27, 18.58, 19.76, 20.42, 21.27, 23.88, 23.34, 23.06, null, 27.54, 25.19, 25.18, 25.18, 26.1, 23.75, 22.26, 22.33, 21.23, 20.43, 18.36, 18.12, 19.08, 18.37, 18.82, 18.53, 20.06, 20.27, 20.58, 22.64, 22.37, 25.27, 25.67, 25.27, 25.75, 26.14, 25.76, 26.56, 24.44, 22.84, 22.87, 22.64, 21.82, 20.13, 18.7, 22.24]",367.39
market_display,34,"[30.77, 30.14, 27.7, null, 31.02, 28.31, 32.33, 31.37, 30.99, 28.3, 31.42, 31.32, 31.25, 31.3, 32.26, 29.3, 29.93, 29.11, 31.11, 29.88, 28.57, 30.26, 27.76, 30.26, 30.32, 29.64, 31.38, 28.0, 30.28, 30.41, 30.12, 31.65, 29.4, 30.06]",306.24
hot_truck_transit,7,"[25.59, 23.29, 21.58, 22.27, 20.87, 22.14, 25.32]",377.97
stable_cold,50,"[2.25, 2.76, 2.39, 2.21, 3.44, 3.02, 2.74, 2.44, 2.47, 3.21, 2.72, 1.36, 3.57, 2.67, 2.73, 3.03, 2.78, 2.9, 2.43, 2.11, 2.71, 3.17, 2.34, 2.31, 3.09, 2.41, 2.43, 2.45, 2.57, 1.97, 2.38, 2.69, 2.69, 3.06, 3.33, 3.2, 2.96, 2.54, 2.35, 2.6, 2.83, 2.93, 2.85, 2.55, 2.91, 3.1, 2.95, 2.58, 2.26, 2.25]",689.88
stable_cold,41,"[3.89, null, 2.9, 2.4, 3.46, 3.5, 3.13, 3.46, 3.08, 3.65, 3.62, 2.56, 2.66, 4.03, 3.59, 2.71, 2.59, 3.3, 2.76, 3.09, null, 3.18, 3.67, 3.95, 3.03, null, 3.38, 3.87, 3.06, 3.56, 2.88, 3.23, 2.75, 3.22, 3.17, 3.46, 3.93, 3.06, 2.42, 3.14, 3.34]",675.45
power_outage,69,"[2.66, 2.54, 2.17, null, 2.69, 2.11, 2.65, 2.36, 2.33, null, 2.51, 2.67, 2.15, 2.58, 2.06, 2.35, 2.37, 2.7, 2.41, 2.33, null, null, 2.26, 1.84, 2.34, 2.12, 2.33, 2.48, 2.08, 2.16, 1.93, 2.25, 2.12, 3.05, 2.86, 2.81, 2.02, 2.35, 2.04, 2.96, 2.66, 2.09, 2.52, 1.96, null, 2.35, 2.63, 2.7, 2.41, 2.34, 1.44, 2.87, null, 2.44, 3.08, 2.05, 2.41, 2.55, 2.73, 2.41, null, 14.82, 21.37, 27.6, 33.72, 2.5, 2.14, 2.32, 2.02]",672.27
hot_truck_transit,79,"[29.92, 19.61, 20.41, 20.1, 18.51, 19.65, 20.75, 21.85, 22.76, 24.93, 25.29, null, 27.13, 28.08, 26.9, 26.27, 26.91, 25.9, 25.57, 25.61, 24.12, 24.05, 22.74, 21.82, 19.69, 19.36, 18.14, 19.99, 21.2, 20.21, 20.92, 21.11, 22.32, 24.55, 24.64, 26.04, 27.4, 27.88, 27.42, 27.62, 27.09, 27.39, 26.03, 25.81, 25.4, 22.18, 21.01, 21.49, 21.24, 20.3, 18.7, 20.25, 21.19, 19.37, 20.12, 21.55, 22.39, 24.49, 24.79, null, 25.89, null, 28.49, 28.03, 27.32, 27.08, 26.27, 24.12, 23.43, 23.37, 22.32, 21.52, 22.06, 19.84, null, 19.57, 18.55, 20.19, 25.65]",306.65
stable_cold,6,"[2.41, 2.08, 2.47, 2.52, 2.04, 2.55]",727.97
power_outage,71,"[null, 3.19, 17.03, 30.01, 2.7, 3.19, 2.86, 3.15, 2.85, 3.15, 2.57, 3.15, 2.35, 3.26, null, null, 3.05, 2.47, 3.39, 3.08, 3.21, 2.74, 3.05, 2.59, null, 2.7, 4.48, 3.16, 3.38, 2.91, 3.1, 3.25, 11.77, null, 30.62, 2.92, 2.76, 2.79, 2.61, 2.39, 2.47, 3.0, 3.18, 3.74, 2.97, 2.6, 2.97, 3.19, 3.29, 3.26, 3.15, 3.01, 3.2, 2.63, 2.38, null, 2.97, 3.14, 2.14, 3.44, 3.33, 2.51, null, 3.06, null, 3.13, 3.3, 3.08, 2.51, null, 2.94]",650.16
mixed_chain,82,"[3.05, 1.72, 2.78, 3.3, null, 3.31, 2.43, 2.9, 2.5, 3.42, 2.49, 2.43, 3.33, 2.32, 2.49, 3.05, 2.92, 2.54, 2.78, 3.54, 2.42, 2.83, 2.71, 3.23, 2.33, 2.55, 2.69, 2.55, 3.0, 3.1, 2.99, 2.12, 2.69, 35.72, 26.53, 24.52, 25.87, 25.95, 25.26, 26.92, 26.98, 26.86, 28.99, 29.52, 30.86, 32.59, 33.23, 33.53, 33.61, 32.38, 32.2, 33.13, 32.8, 33.81, 31.32, 28.26, 28.97, 27.98, 26.22, 28.06, 29.22, 26.87, 29.37, 27.22, 28.03, 28.53, 27.66, 28.81, 28.63, 28.85, 30.54, 27.79, 29.34, 27.87, 28.79, 29.93, 29.96, 28.22, 29.86, 29.12, 28.92, 29.11]",283.58
market_display,55,"[26.46, 28.07, 29.47, 27.99, 28.52, 31.63, 28.6, 30.21, 29.31, 29.41, 28.29, 26.57, 29.83, 29.19, 29.17, 28.35, 27.75, 30.11, 28.92, 26.33, null, 28.16, 25.37, 27.63, 31.64, 25.69, 27.14, 25.61, 26.63, null, 27.1, 30.59, 29.61, 28.22, 30.53, 27.95, 27.38, 28.01, 26.63, 26.26, 29.32, 28.92, 26.98, 29.09, 29.13, 27.8, 27.38, 29.48, 29.06, 30.61, 29.05, 26.4, 26.69, 28.26, 29.5]",291.82
hot_truck_transit,25,"[22.21, 18.63, 17.71, 18.21, 18.65, 19.27, 19.37, 20.62, 22.68, 23.19, 25.67, 24.39, 25.4, 26.51, 26.38, 26.91, 25.26, 26.09, 26.46, null, 25.12, 23.03, 22.28, 21.19, null]",384.9
mixed_chain,17,"[3.72, 3.86, 3.24, 3.17, 2.98, 3.04, null, 25.56, 26.13, 31.41, 28.51, 28.45, 27.82, 29.21, 28.34, 29.63, 28.5]",340.04
power_outage,35,"[3.98, 3.23, 3.16, 2.95, 4.01, 3.94, 3.54, 3.25, 3.88, 4.46, 3.56, 3.27, null, 3.29, 3.52, 2.84, 3.54, 3.25, 4.01, 3.34, 3.87, null, 3.67, 18.55, 33.14, 3.44, 3.39, 3.78, 3.06, 4.13, null, 3.53, 3.71, 3.45, 3.58]",674.31
mixed_chain,12,"[5.13, 5.56, 6.04, 5.36, 5.28, 30.25, 23.0, 24.3, 27.54, 26.09, 27.21, 28.26]",346.93
power_outage,66,"[3.61, null, 3.55, 12.57, 22.22, 31.24, 3.77, 2.97, 3.51, 3.76, 3.32, 3.33, 3.79, 3.98, null, 3.7, 3.7, null, 4.13, 3.72, 3.72, null, 3.31, 4.05, 4.09, 3.82, 3.91, 3.68, 4.03, 3.53, 3.76, null, null, 4.09, null, 3.74, 3.91, 3.53, 4.08, 3.62, 4.72, 3.27, 4.42, 4.07, 3.44, 4.47, 3.5, 3.68, 3.38, 3.73, null, null, 4.51, 3.62, 2.95, 3.97, 3.61, 4.32, 3.76, 3.55, 3.47, 3.96, 3.69, 4.21, 3.71, 4.2]",630.54
mixed_chain,13,"[null, 2.79, 3.06, 3.0, 21.98, 20.29, 26.91, 26.9, 28.09, 29.13, 27.57, 30.45, 29.12]",338.15
hot_truck_transit,55,"[30.55, 23.75, 24.84, 25.44, 26.18, 24.87, 25.17, null, 28.19, 29.21, 28.98, 31.1, 31.09, 31.01, 31.88, 33.5, 32.58, 31.19, 31.71, 30.71, 28.92, 27.54, 26.21, 24.82, 24.78, 24.53, 25.28, 24.8, null, 23.17, 25.54, null, 27.8, 28.86, 29.21, 30.79, 31.78, 31.69, 31.88, 31.07, 31.72, 30.8, 30.16, 29.55, 27.6, 28.92, 27.28, 27.06, 25.95, 25.07, 24.91, 24.26, 25.32, null, 28.52]",299.62
market_display,46,"[29.25, 27.12, 31.56, null, 29.57, 27.98, 29.21, 29.07, 31.2, 30.04, 29.13, 27.07, 27.38, 25.8, 28.48, 29.5, 28.98, 29.66, 31.45, 27.74, 27.73, 29.03, null, 28.8, 28.33, 27.35, 27.31, 28.24, 28.04, null, 30.49, 30.13, null, 29.69, 27.65, 29.61, 27.67, 29.58, null, null, 29.94, 27.6, 28.87, 29.23, 30.15, 28.03]",311.34
power_outage,70,"[4.68, 5.61, null, 5.01, 4.66, 4.74, 5.07, 5.65, null, 5.19, 5.2, 5.79, 4.95, 5.55, 4.96, 4.87, 5.06, 5.06, 5.25, null, 14.74, 19.32, 24.08, 28.72, 4.97, 4.93, null, 4.59, null, 4.85, 4.59, 4.92, 4.85, 5.1, 4.91, 4.65, 4.82, null, 5.42, 5.47, 5.51, 4.91, 5.47, 5.21, 4.84, 4.89, 5.03, 5.11, 5.19, null, 16.99, 23.5, 29.07, 5.03, 5.02, 5.05, 4.67, 4.78, 5.82, 4.59, 5.16, 5.19, 5.39, 5.19, null, 5.16, 5.49, 5.4, 5.55, 5.09]",604.38
power_outage,20,"[5.04, 5.56, 5.59, 5.13, 4.92, 5.37, 5.42, 5.5, null, 23.97, 33.36, 5.62, 5.73, 5.81, 5.72, 5.87, 5.63, 5.15, 5.79, 4.91]",660.35
stable_cold,26,"[3.09, 3.66, 3.16, 3.35, 3.59, 3.22, 3.9, 4.05, 3.53, 3.58, 3.97, 3.47, 3.44, 4.23, 4.1, null, 4.12, 2.96, 4.29, 3.91, 4.16, 3.91, null, 3.64, 3.9, null]",683.99
hot_truck_transit,20,"[26.87, 23.34, 24.4, 21.51, 22.46, 22.93, 22.9, 25.28, null, 25.67, 28.57, 27.71, 28.2, 29.5, 30.71, 30.07, 30.6, 29.8, null, 34.5]",287.85
mixed_chain,63,"[4.33, 4.96, 4.95, 4.47, 4.21, 4.61, 4.47, 4.83, 4.61, 4.93, 4.82, 5.04, 4.97, 5.14, 4.37, 5.16, 5.52, 5.23, 4.12, 5.4, 5.04, 5.14, 4.4, 4.13, 5.33, 4.53, 4.39, 4.09, 4.02, 4.73, 25.92, 22.24, 19.89, 20.66, 20.74, 20.79, 22.05, 23.7, 21.85, 24.69, 25.66, 26.31, 27.95, 27.75, 27.79, 29.14, 27.35, 27.41, 26.66, 31.39, 28.81, 30.78, 29.12, 30.81, 28.87, 28.63, 31.33, 29.72, 31.98, 27.82, 31.17, 29.88, 31.35]",285.33
market_display,79,"[29.23, 29.74, 30.54, 30.02, 30.34, 27.44, 28.4, 28.87, 30.13, 30.05, 30.39, 29.19, 29.74, 31.73, 29.65, 27.38, 30.19, 31.03, 30.98, 29.21, 29.3, 30.52, 29.78, 30.26, 28.92, 30.05, 28.96, 29.35, 28.31, 28.63, 27.89, 27.72, 28.48, 30.12, 29.89, 30.61, 29.06, 27.79, 30.03, 29.58, 29.44, 28.3, 29.16, 30.42, 28.16, 27.4, 29.78, 28.63, 30.49, 29.2, 28.35, 29.78, 29.56, 29.56, 28.31, 31.05, 28.89, 31.33, 27.54, 30.64, 30.2, 29.24, 27.61, 29.67, 27.38, 29.05, 30.55, 29.36, 29.36, 31.25, 29.76, 31.66, 29.2, 30.82, 29.42, 30.01, 28.61, 29.9, 29.98]",262.98
power_outage,52,"[3.49, 3.01, 3.74, 3.88, 3.48, 4.01, 3.39, 3.85, 4.17, null, 3.58, 3.62, 4.14, 3.77, 4.29, 3.73, 3.45, 3.47, 3.67, 3.03, 3.5, 3.51, 3.72, 4.23, 3.66, 3.07, 3.37, 3.73, 3.67, 4.13, 3.93, 3.93, 3.58, 3.98, 3.38, 3.94, 3.56, 3.21, 3.82, 4.07, null, 13.73, 22.38, 32.14, 3.6, 3.54, 3.45, 3.69, 3.49, null, null, 3.45]",659.35
power_outage,56,"[5.88, 5.41, 6.36, 10.8, 15.76, 20.68, 25.83, 30.83, 5.47, 5.66, 5.76, null, 5.91, 5.78, 5.56, null, 5.37, null, 5.54, 5.67, 5.8, null, 5.73, 5.46, 5.81, 5.63, 5.7, 6.08, 18.35, 30.5, 5.68, 6.21, 5.64, null, 5.93, 5.79, 5.62, 5.5, 5.72, 5.93, 6.12, 5.29, 6.26, 5.64, 6.01, 5.51, 5.24, 5.33, 5.63, null, 5.74, 5.65, 6.06, 5.73, null, 6.66]",589.38
hot_truck_transit,89,"[26.76, 19.69, 19.59, null, 18.44, 21.3, 21.99, null, 24.43, 24.33, 26.13, 27.04, null, null, null, 28.84, null, 28.01, 27.22, 25.66, 25.37, 24.01, 23.68, 21.95, 21.02, 19.64, 22.32, 20.06, 19.65, 21.44, 21.74, 22.86, 23.91, 25.3, 24.6, 26.54, 25.98, 27.64, null, null, 30.07, 27.9, 25.8, 26.98, 27.23, null, null, 21.63, 21.55, 19.91, 21.24, 20.16, 21.48, 20.13, 21.42, 20.57, 25.46, 25.95, 27.2, 27.64, 26.77, 27.85, null, 28.72, 27.41, 26.97, 26.18, 26.08, 25.2, 24.06, null, 21.31, 20.91, null, 21.21, 20.58, 20.83, 20.21, 21.62, 21.8, 22.79, 24.71, 24.94, 26.33, 27.03, 26.94, 27.82, 27.97, 32.04]",250.58
hot_truck_transit,87,"[27.05, 21.14, 21.16, 20.06, 20.22, 20.66, 21.94, 20.87, null, null, 23.48, 26.7, 27.65, 25.87, null, 27.66, 27.11, 26.83, 26.37, 26.45, 26.0, 24.4, 22.2, 22.59, 21.62, 18.15, 21.09, 20.07, 20.23, 19.1, 22.42, 22.23, 23.55, 22.9, 25.41, 26.39, 26.67, 26.39, 27.78, 27.2, 27.27, 28.35, 26.86, 25.9, 24.06, 23.93, 22.81, 21.18, 22.0, 21.33, 19.48, null, 18.62, 20.75, 21.76, 21.06, 22.94, 24.06, 27.31, 28.03, 27.05, 26.89, 28.02, 28.86, 26.49, 25.75, 25.87, 26.57, 25.65, 24.32, 23.82, 21.82, null, 20.81, 21.47, 20.29, 20.02, 20.82, 22.27, 21.67, null, 23.58, 25.65, 25.34, 27.3, 26.25, 31.74]",254.84
hot_truck_transit,53,"[34.2, 26.24, 25.94, 25.15, 24.69, 25.31, 26.33, 27.02, 27.32, null, 29.62, null, 32.11, 32.17, 32.7, 33.12, 34.15, 32.36, null, 30.49, 31.52, 30.18, 28.75, 27.59, 26.78, 25.38, 25.86, 25.76, null, 25.09, 25.95, 26.52, 28.8, 29.28, 30.38, null, 30.73, 33.2, 32.46, 32.67, 32.23, 32.56, 31.81, 29.92, 28.64, 28.87, 28.65, 27.61, 27.01, 25.41, 24.89, 24.94, 29.74]",291.04
power_outage,78,"[5.84, 5.66, 5.68, 6.15, 5.42, 5.36, 5.9, 5.79, 5.34, 5.97, 5.74, 5.38, 5.79, 5.75, 5.62, 5.76, 5.84, 5.92, 5.68, 5.57, 5.72, 6.0, 5.84, 5.55, 5.66, 6.15, 5.87, 5.69, 5.99, 10.87, 16.53, 22.38, 27.41, 33.09, 5.62, 5.5, 6.0, 5.1, 5.7, 5.96, 5.82, 5.02, 5.24, 5.61, 5.79, 5.8, 5.65, 5.87, 5.78, 5.61, 5.81, 5.45, 5.84, 10.78, null, 21.96, 27.12, 32.79, 6.11, 5.34, 5.93, 5.97, 5.59, 5.89, 5.57, 6.02, 4.83, 6.08, 5.31, 5.67, 5.4, 6.1, 5.58, 5.48, 5.98, null, 5.55, 5.35]",588.93
stable_cold,12,"[5.76, 5.8, 5.56, 5.62, 5.82, 5.02, 5.9, 5.79, 6.31, 6.16, 5.71, 5.81]",652.66
stable_cold,20,"[5.53, 5.0, 5.17, 5.62, 4.24, null, 5.01, 4.78, 5.28, 5.64, 5.56, 5.09, 5.5, 5.49, 5.11, 4.87, 4.89, 5.48, 5.13, 4.73]",666.42
hot_truck_transit,44,"[27.84, 23.85, 23.29, 22.24, 24.32, 24.46, 24.44, 25.05, 26.49, 27.94, 29.49, 28.5, 30.6, 30.32, 29.51, 31.6, 31.97, 31.17, 29.62, null, 28.52, 27.39, 26.88, 25.68, 23.64, 23.49, null, 23.06, 21.57, 25.01, 23.48, 24.52, 25.96, 25.83, 27.7, 29.06, 31.08, 30.51, 30.47, 30.03, 32.5, 30.46, 29.82, 32.83]",278.94
stable_cold,12,"[5.42, 5.47, 5.38, 5.29, 5.6, 5.23, 5.85, 5.74, 5.91, 5.92, 5.96, 5.57]",657.49
hot_truck_transit,56,"[null, 19.11, 18.62, 18.68, 17.54, null, 19.39, 19.9, 23.26, 22.28, 22.91, 25.21, null, 26.83, 26.49, 27.33, 28.07, 25.42, 25.02, null, 23.9, 22.66, 22.54, 20.54, null, 19.26, 18.51, 18.86, 18.88, 19.53, 19.55, null, 22.02, 22.3, 23.53, 24.42, 24.41, 25.64, 27.03, 27.24, 26.7, null, 26.17, 26.04, 24.07, 22.56, 20.84, 20.55, 19.34, 18.94, 19.73, null, 18.42, 19.17, 19.73, 26.03]",326.46
stable_cold,52,"[3.44, 3.92, 4.52, 4.04, 4.16, null, null, 3.88, 3.45, 3.54, 4.05, 4.15, 3.74, null, 3.59, 3.13, 3.74, 3.81, 3.6, 3.81, 3.88, 3.81, 3.23, 3.61, 3.87, 4.34, 3.6, 3.93, 4.06, 3.63, 4.17, 4.19, null, 3.89, 4.65, 3.46, null, 4.02, 4.25, null, 4.05, 4.28, 3.27, null, 2.85, 3.64, 3.38, 3.62, 4.88, 4.4, 3.13, 3.93]",651.65
market_display,6,"[30.36, 31.06, 28.27, 28.38, 28.98, 29.11]",342.54
mixed_chain,90,"[1.93, 2.99, 2.66, 2.97, 2.94, 3.12, 2.34, null, 2.65, 2.63, 3.19, 2.9, 2.75, 2.21, 2.41, 2.04, 2.36, 2.76, 2.87, 2.95, 3.0, 2.92, 2.45, 2.39, 3.21, 2.53, 2.55, 2.64, 2.09, 30.29, 24.35, 22.88, 24.53, 26.33, 24.36, 25.41, 27.54, 29.14, 27.31, 30.28, 28.06, 28.59, 30.31, 31.84, 30.68, 33.19, 31.77, 31.6, 30.0, 28.84, null, 28.8, 26.44, 25.58, 23.97, 23.61, 23.73, 24.91, 30.71, 28.94, 29.26, 29.11, 29.09, 29.12, 28.84, 26.8, 29.56, 30.47, 29.92, 28.73, 28.31, 27.65, 26.15, 29.56, 26.62, 27.97, 27.94, null, 29.2, 27.66, 28.26, 28.15, 29.15, 27.19, 28.75, 28.16, 31.34, 27.45, 29.87, 27.89]",283.86
stable_cold,37,"[1.96, 3.29, 2.24, 2.08, 2.73, 2.76, 2.65, 2.08, 2.59, 1.98, 2.07, 2.35, 2.06, 2.81, 2.16, 2.3, 2.04, 2.8, 2.12, 2.85, 2.82, 2.21, 2.4, 2.2, 2.61, 2.31, 2.22, 2.41, 1.76, 2.36, 2.65, 2.44, 2.77, 2.24, 2.21, 1.94, 2.23]",704.0
stable_cold,54,"[3.97, 2.66, 3.04, 2.87, 2.73, 3.27, 3.23, 2.51, 3.24, 2.75, 3.24, 3.74, 3.42, 3.3, 3.02, 3.26, 3.46, 3.42, 3.19, 3.32, 2.71, 2.94, 3.52, 3.57, 3.27, 3.82, 3.44, 3.14, 2.74, 3.81, 3.54, 3.95, 4.1, 2.72, 2.72, 2.09, 3.6, 3.5, 3.27, 2.74, 3.2, 3.31, 3.55, 3.34, 3.5, 3.18, 3.71, 3.49, 2.76, 3.79, 3.72, 3.42, 3.35, 3.9]",651.25
power_outage,34,"[3.09, 3.29, 2.94, 3.35, 3.42, 2.84, 3.04, 2.88, 3.42, 3.31, 3.25, 3.23, 3.36, 3.37, 3.12, 3.07, 3.25, 3.21, 18.36, 32.1, 3.35, 3.4, 3.69, 3.02, 3.67, 3.22, 4.02, 3.37, 2.9, 3.21, 3.67, 3.29, 3.25, 3.48]",677.67
mixed_chain,39,"[null, 4.21, 4.93, 3.6, 3.87, 3.66, 4.66, 5.1, 4.45, 4.54, 4.33, 4.28, 4.63, 3.98, 4.6, 28.21, 22.46, 21.37, 21.27, null, 21.97, 21.9, 26.37, 33.1, null, null, 32.13, null, 32.58, 30.89, 31.97, 33.09, 32.5, 32.0, 32.2, 33.26, 34.28, 32.38, 31.53]",297.92
stable_cold,7,"[6.03, 6.38, 4.88, 5.98, 6.01, 5.72, 4.91]",675.85
power_outage,34,"[3.22, 16.74, 30.31, 3.68, 3.12, 3.54, 3.19, 3.37, 3.82, 3.56, 4.08, 3.56, 3.87, 3.82, null, 12.11, 21.41, 30.21, 3.41, 3.63, 3.14, 3.32, 3.28, 3.5, 3.35, null, 3.62, 3.45, 3.58, 3.24, 3.33, 4.19, 3.37, 2.95]",686.67
market_display,6,"[26.36, 25.98, 27.21, 25.86, 25.85, 25.37]",377.98
hot_truck_transit,87,"[32.08, 25.89, 25.83, 23.64, 25.99, 25.23, 25.8, 26.57, 27.65, 27.45, 30.06, 30.86, 31.23, 32.33, 32.4, 32.64, 32.9, 31.98, 30.91, 31.31, 28.87, 29.54, 27.39, 27.4, 27.02, 25.19, 25.53, 25.2, 24.98, 25.72, 25.65, 28.01, 27.73, 28.12, 29.39, 31.41, 30.79, 33.68, 33.61, 31.71, 33.18, 31.39, 30.86, 30.32, 29.14, 29.28, 27.87, 27.04, 25.87, 24.81, 24.42, 25.58, 24.56, 26.35, 25.36, 26.74, 27.91, 29.65, 30.51, 30.95, 31.59, 31.44, 32.41, 34.51, 31.8, 31.71, 30.42, 30.1, 28.79, 27.72, 27.92, 27.28, 26.15, 24.42, null, 23.06, 23.86, 24.41, 25.5, 26.91, 27.35, 29.97, 31.58, 30.61, null, 31.73, 35.48]",223.81
hot_truck_transit,86,"[28.61, 21.19, 18.83, 20.41, null, 19.86, 21.24, 23.09, 24.23, null, null, 27.94, 27.61, 27.23, 28.57, 28.51, null, 26.73, 27.44, 27.08, 26.25, 24.62, 23.61, 22.17, 22.56, 20.2, 20.33, 19.97, 20.66, 22.2, 20.84, 22.84, 23.82, 23.84, 25.5, null, null, 27.98, 29.68, 28.0, 28.34, null, 28.53, null, 24.94, 23.99, 22.95, 22.15, 21.1, 21.16, 19.71, 21.08, 20.78, 22.45, 22.16, null, 25.19, 24.96, 25.48, 25.92, 28.61, 27.27, 27.57, 27.71, 27.88, 28.11, 27.23, 27.03, 24.78, 23.92, 23.7, 21.84, 20.7, 19.93, 20.71, null, 20.66, 22.12, 22.03, null, 24.66, 25.39, null, 27.28, 28.86, 32.21]",251.66
market_display,31,"[27.25, 26.88, 26.76, 27.35, 27.97, 26.75, 27.6, null, null, 26.68, 26.38, 27.38, 27.49, 26.8, 27.12, 26.85, 25.98, 28.16, 27.38, 28.97, 26.46, 26.0, 24.16, 29.47, 27.34, 27.65, 28.77, 26.89, 25.87, 27.81, 26.45]",341.86
power_outage,74,"[5.04, 6.22, 5.52, 6.15, 5.33, 5.49, 6.11, 6.29, 5.93, 6.65, 5.62, 5.62, 5.84, 5.82, 6.01, 5.71, 6.1, 11.74, 17.71, 22.73, 28.63, 6.11, 5.93, 5.86, 5.31, 5.95, 6.11, 5.91, 5.69, 5.42, 6.06, 5.94, 6.35, 5.49, 5.79, 5.53, 6.24, 6.3, 6.51, 6.08, 6.17, 11.71, 17.4, 22.9, 28.72, 6.57, 5.99, 5.94, 5.99, 5.88, 6.0, 5.87, 6.27, 6.24, 6.58, 5.92, 6.01, 6.0, 5.99, null, 5.44, 6.07, 6.53, 6.34, 6.3, 6.18, 5.75, 5.7, 5.71, 5.59, 6.21, 6.37, 6.06, 6.17]",579.88
hot_truck_transit,40,"[28.38, 23.55, 24.09, null, 23.18, 23.7, 24.18, 23.36, 25.08, 25.05, 26.7, 29.4, null, 30.84, 31.2, 29.82, 30.72, 28.92, 29.77, 29.06, 27.58, null, 24.5, 26.76, 24.39, null, 23.63, 23.9, 23.83, 23.1, 23.63, 25.36, 25.5, 27.68, null, 29.36, 30.38, 29.15, 30.7, 34.01]",274.89
market_display,62,"[28.3, 27.88, 26.46, 26.8, null, 29.74, 25.89, 28.56, 30.02, 29.3, 28.12, null, 28.92, 29.96, 29.01, 28.37, 29.6, null, 28.26, null, 27.38, 31.74, 28.34, 27.92, 29.16, 29.46, 27.32, 26.1, 27.75, 28.49, null, 28.12, 27.99, 26.18, 28.94, 29.22, 28.38, null, 27.36, 28.0, 28.95, 26.51, 26.92, 26.44, null, 27.81, 29.87, null, 30.3, 29.63, 27.32, 28.28, 26.94, null, 29.44, 30.4, 29.8, 28.67, 28.57, 27.85, 30.33, 27.11]",302.94
power_outage,70,"[12.48, 18.69, 25.38, 31.6, 6.19, 6.16, null, 6.03, 6.3, 5.59, 5.61, 6.09, 5.48, 5.64, 5.57, 6.1, 5.66, 5.79, 5.65, 6.22, 5.61, null, 5.44, 6.08, 6.1, null, 5.49, null, null, 5.78, null, 5.86, 6.03, 6.03, 5.69, 5.7, 5.78, 5.65, 5.5, 6.41, 5.75, 5.77, 5.78, 5.85, 6.0, null, 6.21, 6.05, 5.81, 5.67, 6.2, 5.82, null, 6.18, 5.65, 6.13, 5.12, 5.76, 6.22, 5.87, 6.05, null, 5.98, 5.87, 5.94, 6.48, 6.26, 6.11, 6.11, 5.6]",595.9
mixed_chain,90,"[null, 2.47, 3.13, null, 2.86, 3.74, null, 2.96, null, null, 3.21, 2.15, 2.98, 2.94, 2.62, 2.59, 3.54, 3.15, 2.88, 3.23, 3.58, 3.31, 3.64, 3.2, 3.37, 3.01, 3.58, null, 3.18, 2.59, 3.15, 3.07, 3.37, 26.16, 22.03, 21.56, 19.47, 21.26, 20.6, 23.52, 22.76, 23.84, 25.88, 24.36, 26.3, 29.09, null, 27.92, 28.62, 28.02, 28.16, 27.75, 28.63, 25.4, 24.12, 23.96, 23.26, 22.13, 21.72, 22.66, 20.34, 21.21, 22.9, 23.79, 27.15, 30.18, 30.25, 29.66, 28.73, 28.38, null, 29.74, 30.57, 28.93, 29.81, 27.99, 31.11, 31.4, 29.22, 27.09, 30.71, 31.73, 28.84, 28.82, 28.83, 28.9, 30.57, 29.85, 27.95, 28.91]",280.4
stable_cold,33,"[2.59, 2.9, 2.76, 2.25, 2.51, 3.51, 3.03, 2.35, null, 2.84, 3.5, 2.81, 3.4, 3.02, 3.07, 2.35, 3.26, 2.75, 3.23, 2.55, 2.95, 3.02, 2.82, 3.04, 2.77, 2.62, 3.52, 3.3, 2.58, 3.11, 2.58, 2.41, 3.29]",684.72
mixed_chain,48,"[3.29, 3.19, 3.52, 3.45, 3.53, null, 3.11, 2.77, 3.33, 3.21, 3.8, 3.19, 3.04, null, null, 3.37, 27.47, 21.48, 20.69, 20.0, 21.38, null, 20.64, 22.96, 23.86, 24.13, 25.34, 27.8, 27.64, 26.96, 28.45, 27.26, 31.33, 26.66, 26.11, 26.82, 27.5, 26.45, 26.31, 27.31, 26.85, 26.93, 26.4, 26.08, 27.06, 28.08, 27.13, 26.85]",330.17
stable_cold,73,"[4.03, 4.13, null, 3.52, 4.36, 3.95, 3.14, 4.48, 4.27, 3.88, 3.64, 4.5, 4.3, 5.12, 4.33, 4.32, 4.1, 4.49, 4.41, 4.66, 3.95, 3.99, 3.97, 4.48, 4.76, 3.98, 3.99, 4.29, 4.07, 4.54, 3.26, 3.83, 3.85, 3.24, 3.78, 3.8, 4.08, 4.61, 4.07, 3.75, 4.14, 4.58, 3.77, 3.8, 4.39, 4.07, 4.42, 4.16, 4.44, 3.75, 4.16, 4.08, 3.68, 3.54, 4.44, 4.02, 3.75, 4.12, null, 3.25, 3.56, 3.79, 4.75, 4.28, 4.47, 3.71, 3.72, 4.34, 4.19, 4.38, 4.09, 4.27, 4.23]",624.51
hot_truck_transit,76,"[25.72, 17.71, 20.61, 19.28, 20.31, 18.48, 20.87, 21.12, 22.7, 23.35, 23.74, 25.11, 25.43, 27.02, 26.12, 26.33, 26.62, 26.84, 25.76, 24.63, 24.77, 23.36, 21.49, 20.05, 19.92, 18.93, 18.41, 19.49, 19.93, 19.38, 20.06, 20.3, 21.0, 23.53, 22.91, 24.39, 25.2, 26.69, 26.59, 26.43, 27.84, 27.66, 26.03, 25.0, 23.52, 22.87, 20.89, 21.68, 19.95, 18.87, 18.76, 19.45, 18.82, 18.79, 18.39, 20.83, 22.15, 22.5, 23.29, 23.99, 25.42, 25.46, 25.86, 26.51, 28.26, 28.22, 26.66, 25.4, 22.37, 25.03, 22.17, 20.01, 22.21, 19.35, 19.69, 21.89]",343.0
hot_truck_transit,46,"[32.3, 25.11, 26.79, 24.6, 24.44, 25.2, 26.34, 23.97, 28.03, 26.72, 30.96, 29.37, 30.94, 30.68, 34.06, 32.74, 34.4, 33.81, 32.58, 29.63, 29.92, 29.84, 28.03, 26.46, 26.2, 25.65, 23.71, 24.3, 25.41, 25.99, 26.12, 26.43, 27.56, 28.15, 29.7, 31.43, 33.52, 31.25, 33.63, 33.06, 31.33, 32.14, 31.43, 30.75, 30.62, 33.9]",268.18
power_outage,39,"[5.44, 5.51, 4.8, 5.19, 4.88, 5.38, 5.44, 5.39, 5.7, 4.89, 5.1, 5.47, null, 4.95, 5.7, 5.81, 5.47, 4.89, null, 22.37, 30.65, 5.75, 5.31, 5.97, 5.58, 5.43, 5.62, 5.8, 5.61, 5.32, 5.14, 5.01, 4.61, 5.39, 5.23, null, 5.65, null, 5.91]",622.41
stable_cold,27,"[null, 3.52, null, 4.46, 3.99, 3.77, 3.82, 4.42, 4.12, 3.91, null, 5.04, 4.64, 4.74, 3.46, 4.1, 3.9, 4.37, 4.58, 4.29, 3.81, 3.89, 4.4, 4.44, 4.21, 4.21, 4.18]",671.3
stable_cold,65,"[5.8, 4.64, 5.07, 5.58, 5.34, 5.3, 4.9, 5.37, 5.78, 5.38, 5.04, 4.88, 5.05, 5.53, 5.51, null, null, 5.54, 5.02, 5.65, 5.07, 4.98, null, 6.32, 5.68, 5.43, null, 4.68, 4.93, 4.37, null, 5.99, 5.53, 5.43, 4.76, null, 6.09, 5.43, 5.15, 4.67, 5.93, 5.35, 4.67, 5.01, 4.87, 5.32, 5.46, 5.18, null, 5.41, 5.8, 5.23, 6.59, 5.15, 5.02, null, 5.29, 4.69, 5.49, 4.61, 5.44, 4.84, 5.22, 5.62, 6.3]",591.92
power_outage,19,"[2.47, 2.52, 2.45, 12.4, 22.42, 33.15, null, 2.7, 2.47, 2.47, 2.52, 3.17, 2.72, 2.86, 2.69, 2.37, 2.66, 2.31, 2.99]",702.8
stable_cold,51,"[3.58, 2.49, 3.21, 3.14, 2.3, 2.6, 2.67, 3.16, 2.79, 2.9, 2.35, 3.86, 2.96, 3.13, 2.72, 2.67, 3.7, null, 3.04, 2.45, 2.77, 2.68, 2.54, 2.95, 1.91, 2.81, 2.9, 2.39, 3.54, 2.7, 2.84, 2.7, 2.9, 3.46, 3.92, 3.23, 3.37, 3.62, 3.03, 3.56, 3.25, 2.99, 3.07, 2.2, 3.05, 2.32, 2.28, 3.01, 2.49, 2.93, 2.99]",673.15
power_outage,82,"[1.99, 2.18, 2.42, 2.63, 2.39, 3.06, 2.11, 2.54, 1.98, 2.8, 2.72, 2.53, null, null, 15.11, 22.01, 27.96, 2.4, 2.21, 2.08, 2.49, null, 2.26, 2.54, null, 2.4, 1.77, 1.85, 2.34, 2.62, 2.36, 2.47, 2.3, null, 2.5, 2.01, 2.45, 1.85, 2.45, 2.23, 2.36, 2.41, 2.4, 2.74, 2.33, 2.37, 2.72, 2.89, null, 2.16, 2.18, 2.45, 2.26, 1.79, 2.65, 2.56, 2.66, 2.72, 2.37, 2.39, 2.62, null, 7.43, 12.73, 18.24, 23.02, 28.18, 2.19, 2.46, 2.3, 1.88, 1.94, 2.36, 2.37, 2.33, 2.18, 2.55, 2.43, 2.42, 2.43, 2.8, 2.01]",657.71
hot_truck_transit,78,"[28.5, 22.89, 23.04, 21.94, 21.4, 21.43, 22.34, 22.27, 24.32, 24.57, 26.11, null, 28.64, null, 29.14, 30.1, 30.54, 28.96, 30.14, 28.11, 26.64, 26.55, 24.11, 22.71, 23.47, 22.51, 22.52, 22.37, 23.3, 20.93, 22.44, 23.32, 25.45, null, 27.52, 27.78, null, 29.56, 29.63, 29.86, 29.94, 29.36, 29.17, 27.59, 26.72, null, 25.3, 24.92, 21.28, null, 21.57, 21.41, 22.19, 22.07, 23.04, 23.27, 25.72, 25.37, 25.98, 27.83, 27.71, 29.21, 30.73, 29.52, 28.33, 28.69, 29.03, null, 27.15, 25.05, 24.19, 24.06, 24.01, 21.78, 21.72, 22.43, 21.79, null]",296.26
hot_truck_transit,69,"[31.27, 23.96, 23.52, 22.46, 24.29, 23.6, 24.53, 25.45, 25.36, 28.66, 28.16, null, 29.65, 31.53, 31.97, 31.27, 29.84, 30.48, 29.92, 28.79, 27.4, 25.9, 27.29, 25.74, 24.35, 23.16, 23.57, 23.31, 22.96, 24.0, 24.73, 25.7, 25.4, 27.49, 29.13, null, 31.74, 30.47, 29.64, 30.47, 30.48, 31.06, 30.64, 29.26, 28.42, 28.68, 25.45, 25.09, 23.96, 22.74, 21.66, 24.18, 22.67, 23.48, 24.66, 24.2, 25.44, 27.13, 27.83, 28.13, 30.46, 30.24, 31.12, 31.19, null, 30.89, 29.29, 30.08, 30.64]",271.74
stable_cold,90,"[4.53, 3.95, null, 3.99, 4.6, 4.39, 3.28, 4.47, 4.2, 4.88, null, 4.62, null, 4.0, 4.31, 4.17, 4.85, 4.26, 3.83, 3.99, 4.7, 4.25, 4.23, 4.74, 3.95, 3.42, 3.98, 4.41, 4.22, null, 4.72, 4.38, 4.47, 4.48, 3.8, null, 4.68, 4.77, 4.61, null, 3.62, null, 3.93, 4.83, 4.77, 3.94, 4.3, 4.42, 4.68, 3.65, null, 4.33, 3.3, 4.38, 4.55, 4.81, 4.07, null, 4.58, null, 4.68, 4.43, 4.07, null, 4.26, 4.63, 4.17, 4.41, 4.07, 3.94, 4.39, 3.96, 4.64, 4.55, 4.01, 4.4, 4.01, 3.68, 4.08, 4.3, 4.53, 4.38, 4.68, 3.92, 4.17, 4.97, 3.54, 4.14, 3.89, 4.24]",606.89
mixed_chain,11,"[2.55, 1.71, 1.84, 2.52, 2.0, 26.76, 22.48, 26.65, 29.7, 25.13, 29.13]",340.48
power_outage,89,"[3.9, 4.02, 3.58, null, null, 3.77, 3.75, 4.26, 4.18, 3.64, null, 3.48, 3.63, 4.11, 3.84, 3.87, null, 3.42, 3.5, 3.87, 3.48, 3.26, 3.39, 4.03, 3.6, 3.78, 3.41, 3.83, 3.63, 3.85, 3.57, 3.87, 3.56, 3.69, 3.63, 3.72, 3.8, 3.57, 3.68, 3.77, 3.87, 3.69, 3.45, 3.74, 3.92, 3.32, 3.32, 3.52, 3.66, 3.06, 3.89, 3.66, 3.01, 3.38, null, 3.18, 4.01, 3.77, null, 3.41, 3.84, 3.52, 3.66, 3.82, 3.69, 3.96, 3.76, 3.58, null, 4.03, 3.74, 4.12, 3.64, 9.08, 14.52, 19.88, 25.23, 30.51, 3.42, 3.75, 4.07, 3.96, 3.83, 4.09, 3.72, 3.42, 3.61, 3.7, 3.56]",619.0
mixed_chain,21,"[2.36, 2.82, 3.1, 3.06, 3.15, 2.52, 3.95, 26.11, 21.37, 20.91, 21.82, 20.15, 20.46, 23.2, 27.01, null, 26.69, 25.34, 27.44, 28.5, null]",378.93
stable_cold,92,"[3.45, 3.1, 2.65, 3.04, 3.66, 3.22, 2.98, 3.92, 3.49, 3.35, 3.15, 3.31, 3.33, 2.15, 3.18, 2.96, 2.82, 2.94, 2.4, null, 3.52, 3.21, 2.06, 2.79, null, 2.91, 3.52, 3.44, 2.48, 2.97, 2.84, 2.47, null, null, 2.77, null, null, 3.23, 3.32, 2.92, 3.26, 2.96, 2.85, 3.78, 2.09, null, 3.18, 2.92, 2.45, 2.6, 2.65, 3.38, 3.51, 3.68, 2.39, null, 2.45, 3.54, 3.19, 3.05, 3.11, 3.0, 2.57, 3.23, 2.95, 2.54, 3.25, 2.85, 3.11, 2.97, 3.38, 3.11, 2.67, 3.15, null, 3.23, 3.44, 2.78, 3.29, 2.33, 2.97, 2.91, 3.6, 2.96, 3.27, 2.32, 2.88, 2.68, 4.01, 2.76, 3.05, 3.07]",630.35
mixed_chain,38,"[2.38, 3.2, 2.58, 2.55, 2.52, 3.07, 3.79, 3.6, 2.88, 2.22, 2.36, 2.72, 1.67, 2.34, 2.94, 1.95, 2.81, 2.37, 34.19, 27.01, 25.78, 24.47, 26.39, 26.96, 26.86, 26.35, 27.15, 34.16, 29.66, 26.19, 27.77, 28.12, 30.1, 28.84, 30.18, 27.63, 26.59, 29.83]",314.67
hot_truck_transit,83,"[30.82, 23.93, 21.71, 22.41, null, 23.26, 23.2, 23.96, 25.05, 26.15, 27.48, null, 27.49, 30.46, null, 30.24, null, 29.89, 28.9, 28.21, 27.89, 26.9, 26.49, 23.91, 24.1, 23.43, 22.59, 23.74, 22.01, 23.04, 23.8, 23.43, 26.36, 26.3, 27.77, 29.65, 29.39, null, 30.3, 29.58, 29.95, 29.73, 29.29, 29.49, 28.17, 25.92, 25.33, 25.51, 22.18, 22.74, 21.48, 24.34, 23.14, 22.53, 23.53, 23.73, 26.94, 24.55, 27.68, 28.33, 28.39, 29.65, 28.95, 31.64, null, 30.58, 28.83, null, 27.45, 27.25, 25.81, null, 24.36, null, 21.62, 22.29, 21.49, 23.25, null, 25.94, null, 27.15, 29.31]",269.86
market_display,72,"[33.11, 28.73, 27.61, 32.42, 31.23, 30.57, 31.32, 29.54, 28.27, 29.81, null, 29.16, 29.63, 29.64, 29.78, 30.81, 31.02, 30.71, 27.3, 29.13, 29.15, 31.79, 29.33, 28.07, 31.18, 30.46, 33.37, 28.69, 30.09, 29.11, 29.11, 29.36, 29.03, 30.57, 30.43, 30.31, null, 31.02, 31.35, 30.54, 30.72, 31.46, 28.98, 29.57, 30.44, 30.4, 28.65, 31.27, 32.08, 31.99, 29.52, 31.37, 29.87, 30.44, null, 31.96, 29.82, 29.73, 32.15, 30.23, 26.75, 30.88, 29.39, 30.01, 31.06, 28.13, null, 28.53, 29.46, 30.73, 28.87, 28.88]",276.3
mixed_chain,50,"[3.12, 2.67, 3.76, 2.54, 2.35, null, 3.09, 2.62, 2.77, 2.97, 3.78, 3.44, 3.35, 3.92, null, 2.87, 2.85, 2.99, 3.36, 3.82, 2.82, 3.22, 3.2, 26.64, 21.14, 21.2, 19.8, 19.33, 21.13, 21.21, null, 23.26, 24.88, 26.07, null, 28.25, 33.14, 30.68, 33.41, 32.53, 33.15, 33.2, 31.86, 31.85, null, 30.6, 31.63, 33.25, 31.96, 31.5]",292.79
market_display,22,"[27.43, 26.77, 25.13, 28.15, 26.72, 26.12, 25.89, 28.5, 27.63, 28.04, null, 27.47, 27.37, 26.03, 28.4, 26.39, 26.77, 27.87, 28.67, 26.68, 28.34, 27.82]",338.69
power_outage,9,"[12.2, 20.89, 29.47, null, 3.44, 3.86, 3.38, 3.51, 3.34]",705.27
mixed_chain,76,"[4.45, 5.06, 4.87, 5.1, 4.66, 5.63, 4.41, 5.46, 5.53, 4.57, null, 5.11, 4.37, null, 4.5, 5.01, 4.84, 5.16, 4.93, 5.22, null, 3.73, 4.97, 4.5, 5.46, 4.59, 5.5, 5.31, 5.14, 5.57, 4.09, 26.58, null, 20.12, 21.49, 20.81, 21.86, 22.31, 23.87, 25.49, 23.7, 27.02, 27.64, 28.22, 29.34, 30.37, 32.31, 25.21, 26.36, 27.5, 26.14, 26.63, 27.41, 27.02, 28.83, 28.41, 26.14, null, 27.89, 24.26, 27.01, 26.29, 26.69, 29.02, 27.78, 27.3, null, null, 25.43, 26.6, 27.25, 27.08, null, 25.91, null, 25.26]",321.37
hot_truck_transit,32,"[28.06, 23.7, 22.42, 21.27, 22.47, 24.07, 22.69, 24.07, 25.34, 27.2, null, 28.71, 30.27, 28.6, 29.14, 30.25, 30.97, 30.06, 30.01, 26.96, 27.64, 24.05, 26.35, 25.28, 23.23, 21.01, 22.29, 23.22, 22.79, 24.34, 23.26, 28.8]",321.73
mixed_chain,26,"[3.89, 3.57, 3.87, 4.3, 3.78, 4.78, 4.11, 4.79, 4.09, 3.91, 3.86, 28.07, 23.03, 22.42, 20.7, 22.6, 23.67, 27.09, 29.01, 29.88, 32.06, 29.56, 31.65, 30.34, 30.85, 29.58]",324.8
stable_cold,43,"[3.95, null, 3.34, 3.21, 3.01, 4.16, 3.41, 2.69, 3.52, 3.87, 3.45, 3.03, 2.99, 3.02, 4.0, 3.36, 2.72, 3.54, 3.45, 3.21, 2.98, 2.96, 3.82, 3.49, 3.58, 3.49, 3.52, 3.2, 3.31, 3.85, 3.95, 2.9, 3.31, 3.72, 4.14, 4.1, 3.07, 3.9, 3.41, 3.81, 3.7, 2.88, 3.61]",667.65
hot_truck_transit,62,"[31.58, null, 25.59, 25.04, 24.73, 25.3, 26.55, 28.13, 28.71, 29.62, 32.22, 32.83, 31.59, 33.52, 32.4, 33.7, 32.25, 32.47, 32.82, 31.12, null, 28.94, 27.7, 27.82, 27.62, 25.87, 26.45, null, 25.54, null, 26.52, 28.34, null, 29.47, 29.84, 31.54, 32.51, 33.56, 32.89, 33.35, 34.3, 31.99, null, 30.97, null, 29.55, null, 27.55, 26.37, 24.77, 25.35, 26.08, null, 24.81, 28.04, 26.69, 28.75, 30.16, 30.86, 31.3, 30.86, 37.02]",235.04
stable_cold,31,"[5.11, 5.15, 4.98, 4.84, 5.56, 5.52, null, 5.85, 6.4, null, 5.33, 4.92, 5.71, 5.48, 5.7, 4.98, 5.58, 5.52, 5.49, 5.16, 5.91, 6.26, null, 5.72, 4.29, 5.7, 4.69, 5.23, null, 5.35, 5.77]",634.78
stable_cold,72,"[5.63, null, 5.28, 4.71, 4.83, 5.24, 5.2, 4.8, 4.91, null, null, 4.4, null, 4.45, 5.36, 4.47, 5.2, 5.85, 5.86, 4.47, 5.31, 4.8, 4.71, 5.15, 5.68, null, 4.91, null, 4.29, 4.89, 4.86, 5.22, 5.11, 5.14, 5.12, 5.2, 5.41, 5.25, 5.08, 5.35, 5.52, 4.97, 5.17, 5.66, 4.75, 5.91, 4.66, 5.05, 4.81, 6.07, 4.99, 4.99, 5.04, 5.23, 5.06, 5.14, 3.78, 5.21, 5.2, 5.61, 5.72, 5.12, 5.52, 4.75, 5.5, 4.96, 4.72, 5.12, null, 5.26, 5.79, 4.89]",610.79
market_display,77,"[27.68, 27.84, 27.67, 29.23, 28.37, 28.29, 27.61, 28.54, 26.76, 28.06, 25.9, 27.55, 27.22, 27.81, 27.35, 28.47, 27.03, 28.89, 29.71, 26.55, 28.59, 27.52, 28.97, 26.54, 29.29, 27.4, 27.58, 27.58, 26.5, 28.79, 27.13, 28.44, 27.53, 27.59, 29.05, 26.04, 25.09, 27.0, 27.73, 27.55, 26.93, 29.85, 29.35, 24.65, 27.04, 28.31, 28.24, 26.87, 29.44, 26.75, 27.81, 27.75, 28.14, 27.15, 28.43, 26.84, 28.25, 27.16, 29.52, 27.55, 28.05, 29.15, 28.1, 28.81, 26.4, 28.51, 27.6, 28.87, 28.42, 28.47, 28.69, 29.08, 25.37, 26.91, 27.82, 26.44, 27.56]",285.34
power_outage,95,"[2.82, 3.02, null, 3.22, 2.88, 2.69, 3.07, 3.39, 3.21, 3.36, 3.33, 3.07, 2.88, 2.8, 17.79, 33.83, 2.96, 2.55, 3.43, 3.09, 3.35, 2.98, 2.82, 3.19, 3.22, 2.97, 3.45, 3.34, null, 2.73, 2.68, 3.42, 2.4, 3.03, 3.1, 2.91, 3.05, 3.18, 2.88, 3.32, 3.23, 3.0, 2.81, 3.03, 3.69, 2.83, 3.52, 2.53, 2.8, 2.9, 3.34, 3.08, 3.45, 2.96, 3.04, 2.96, 3.67, 2.72, 2.91, 12.9, 23.5, 33.13, 3.61, 3.08, 3.18, 3.2, 3.05, 3.1, 3.08, 3.21, 2.81, 2.76, null, 3.06, 2.46, 2.92, 3.52, 3.01, 2.9, 2.61, 2.89, null, 3.19, 3.07, 2.95, 2.83, 3.52, 2.85, 2.85, 2.99, 3.03, 3.2, 3.34, 3.32, 3.79]",609.45
power_outage,73,"[5.75, null, 5.36, 5.39, 17.08, 28.42, 5.47, 5.45, 5.81, 5.1, 5.29, 5.84, 5.57, 5.65, 5.62, 5.62, 6.03, 5.51, 16.94, 29.19, 5.31, 5.45, 5.59, 5.24, null, 5.62, 5.32, 5.77, null, 5.18, 6.05, 5.02, 5.47, 6.04, 5.47, 5.89, 5.68, 5.48, 5.44, 4.85, 5.39, 5.55, 5.55, null, 5.57, 5.67, null, 5.64, 5.46, null, 5.38, null, 5.43, 5.67, 5.18, null, 5.95, 5.41, 6.03, 5.53, 5.46, null, 5.39, null, 5.75, 6.14, 5.63, 5.64, 5.43, 5.83, 5.47, 5.56, 5.01]",604.03
power_outage,68,"[4.69, 4.41, 4.39, 4.43, 3.81, 4.41, 4.59, null, 4.7, null, 4.22, 4.5, 4.38, 3.76, 4.31, 4.06, 4.41, 4.57, null, 4.1, 4.44, 5.1, 3.72, 4.44, 4.2, 4.24, 4.34, 4.26, 4.55, 4.29, 3.72, 4.75, 4.71, 4.19, 4.38, null, 4.68, 4.77, 4.48, 4.6, 4.79, 4.26, 4.5, 3.72, 3.89, 4.52, 4.56, 4.25, 4.19, 4.26, 4.42, 3.67, 4.51, 4.38, 4.44, 4.33, 3.95, 4.04, 4.82, 4.17, 4.61, 11.34, 18.96, 26.14, 33.48, 4.27, 4.8, 4.95]",612.59
market_display,23,"[28.76, 31.68, 33.51, 31.79, 31.47, 29.7, 31.61, 31.34, 31.78, 31.81, 32.81, 31.46, 30.96, 32.0, 31.96, 30.51, 32.43, 30.46, 32.76, 31.35, 30.61, 35.31, 32.11]",300.4
mixed_chain,7,"[2.88, 2.36, 2.56, 22.05, 20.18, 33.08, 31.04]",326.95
mixed_chain,5,"[4.91, 5.57, 24.71, 27.92, 28.22]",352.75
hot_truck_transit,17,"[28.85, 23.41, 24.82, 24.05, 25.03, 24.15, 24.13, 25.83, 27.54, 28.49, 29.24, 29.7, 30.91, 32.84, 34.09, 32.53, 35.74]",281.17
power_outage,9,"[10.79, 19.78, 27.98, 18.16, 23.41, 27.53, 2.55, 2.33, 3.34]",703.23
market_display,86,"[27.86, 24.52, 27.48, 26.34, 27.14, 26.81, 26.33, 24.81, 24.9, 26.47, 26.64, 26.73, 27.12, 25.82, 25.13, 27.99, 27.48, 25.97, 27.86, 25.6, 27.08, 27.1, 26.05, 27.41, 25.26, 26.78, 26.79, 25.49, 27.58, 28.17, 26.75, 26.92, 26.48, 26.71, 26.2, 26.83, 26.51, 28.78, 26.54, 25.66, 24.73, 28.01, 28.53, 25.39, 27.53, 27.43, 26.81, 25.45, 27.4, 28.38, 28.48, 27.42, 27.84, 24.62, 27.53, 27.54, 26.41, 26.91, 26.17, 24.94, 27.55, 29.08, 25.76, 26.9, 25.22, 27.09, 26.05, 26.65, 28.01, 27.17, 26.68, 25.7, 27.65, 25.49, 28.42, 26.96, 25.59, 25.01, 26.44, 26.4, 27.38, 25.6, 27.78, 23.79, 26.93, 25.97]",290.52
hot_truck_transit,75,"[32.48, null, 25.57, 24.75, 24.93, 23.86, 24.47, null, 26.69, 27.65, 27.27, 30.93, 30.02, 30.89, 32.82, 30.32, 33.03, 30.88, null, 29.46, null, 27.48, 26.39, 25.1, 26.49, 23.84, 22.71, 22.43, 24.57, 23.23, 25.11, 27.66, 27.19, 28.34, 28.69, 30.07, 30.74, null, 33.27, 31.74, 31.32, null, 31.68, 29.81, 29.33, 28.49, 28.77, 26.82, null, 22.87, 24.34, 23.52, 23.83, 23.82, 24.85, 25.66, null, 27.55, 28.55, 30.51, 30.91, 31.55, 31.91, 31.37, null, 33.17, 31.9, 28.67, 28.59, 28.65, 26.45, 25.52, 24.16, 24.33, 27.18]",289.65
hot_truck_transit,68,"[32.92, 25.48, 24.38, 25.12, 25.73, 25.03, 25.14, 26.01, 26.42, 28.43, 30.08, 31.96, 30.75, 32.32, 32.45, 32.56, 31.21, 31.23, 32.85, 31.38, 29.83, 28.94, 28.13, 26.21, 25.42, 24.61, 24.84, 23.65, 24.17, 25.51, 25.46, 25.17, 27.23, 29.01, 29.7, 29.22, 32.22, 31.84, 32.7, 33.41, 32.33, 30.51, 32.8, 28.8, 29.34, 29.61, 26.98, 26.06, 25.57, 24.96, 24.02, 24.06, 25.57, 24.68, 26.14, 25.84, 28.64, 29.32, 29.53, 31.08, 32.62, 31.23, 31.59, 32.87, 31.4, 30.79, 30.12, 32.84]",255.99
market_display,36,"[28.68, 26.34, 29.61, 28.15, null, 27.76, 25.21, 27.38, 27.05, null, 28.42, 26.75, 26.11, 27.08, 28.83, null, 26.74, 27.33, 29.13, 28.4, 28.46, null, 25.83, 27.67, 29.02, 25.18, 25.48, 26.51, 26.91, 27.85, 26.25, 28.41, 30.48, 27.12, 26.11, 27.29]",329.13
mixed_chain,59,"[5.16, 3.86, 4.45, 3.89, 4.8, 5.0, null, 4.93, 4.42, 4.19, 3.87, null, 4.67, 4.0, 4.58, 4.18, 4.94, 4.04, 3.65, 27.15, 22.04, 20.15, 20.44, 20.76, 21.63, 21.45, 22.6, 23.51, 23.72, 25.59, 27.3, 26.87, 27.26, 28.55, 32.97, 28.67, 32.11, 30.04, 32.0, 31.7, 32.95, 31.28, 30.2, 31.75, 28.37, 32.09, 33.16, 29.54, 30.67, 31.09, 30.52, 30.83, 30.01, 30.22, 34.47, null, 27.88, 30.28, 30.45]",289.64
market_display,2,"[31.46, 29.23]",345.53
hot_truck_transit,52,"[27.55, 22.1, 23.48, 21.44, 22.78, 22.73, 21.87, 24.29, 24.26, 27.74, 26.22, 27.08, 26.9, 28.67, 30.26, 28.99, 30.09, 29.48, 27.86, 27.72, 26.1, 26.5, null, 24.4, 22.41, 22.44, 22.32, 21.93, 23.6, 22.02, 21.89, 25.55, 25.08, 25.94, 28.64, 26.77, 28.58, 28.41, 29.6, 28.68, 29.76, 29.3, 28.62, 26.01, 27.47, 25.64, 26.89, null, 22.49, 22.49, 20.98, 27.3]",315.25
stable_cold,3,"[4.19, 4.94, 4.34]",691.81
stable_cold,62,"[5.27, 4.99, 3.98, 4.56, 5.23, 5.44, 5.39, 4.31, 5.07, 5.36, 4.29, 4.95, 5.06, 4.83, 4.21, 4.82, 4.82, 4.89, 4.72, 4.77, 4.93, 5.13, 4.83, 4.79, 4.99, 4.18, 5.14, 4.95, 4.97, 5.33, 4.17, 4.16, 5.06, 4.95, 5.02, 4.77, 5.22, null, 5.14, 4.85, 4.11, 5.26, 5.44, 5.21, 4.6, 5.22, 5.29, 5.57, 4.6, 4.86, 5.25, 4.97, 4.5, 5.12, 5.18, 4.99, 5.04, 4.85, 5.54, 4.59, 4.72, 4.95]",620.09
power_outage,33,"[3.2, 8.99, 14.66, 20.32, 26.34, 31.16, 3.44, 3.44, 2.96, 3.5, 3.45, 3.33, 2.62, 3.63, 3.41, 3.46, 2.32, 3.18, 2.91, 3.73, 3.01, 3.78, 3.63, 3.41, 3.68, 3.06, 3.11, 3.62, 3.06, 2.94, 3.24, 3.08, 3.9]",668.53
power_outage,31,"[5.89, 10.96, 16.86, 22.05, 27.47, 33.01, 32.79, 5.61, 5.55, 5.77, 5.81, 5.45, 6.1, 5.73, 6.23, 5.85, 5.8, 5.63, 5.96, 5.78, null, 6.26, 5.56, 5.96, null, 5.91, null, 5.65, 5.6, 5.59, null]",635.0
market_display,10,"[26.21, 28.5, 28.26, 29.7, 27.43, 27.56, 30.02, 27.65, 27.92, 29.35]",336.79
market_display,93,"[28.06, 27.59, 28.3, 27.59, 27.42, 27.4, 27.23, 30.49, 27.33, 27.22, 28.48, 28.15, null, 26.58, 26.04, 27.54, 27.38, 27.01, null, 28.72, 28.99, 26.38, 28.86, 25.34, 27.54, 28.65, 26.37, 26.0, 27.55, 29.59, 29.65, null, 26.41, 27.61, 30.3, 28.69, 25.75, 28.58, 26.73, 27.27, 28.51, 27.18, 26.99, 28.91, 28.52, null, 30.14, 27.87, 28.0, 27.24, 26.45, 25.91, 28.65, 27.08, 30.72, 26.55, 26.71, 28.01, 26.38, 25.82, 28.43, 24.99, 27.85, 27.88, 28.73, 28.19, 30.96, 27.16, null, 30.92, null, 26.56, 25.71, 27.23, 26.68, 26.69, 25.12, 27.17, 28.13, 26.41, 27.09, 27.03, 27.72, 29.62, 27.86, 26.22, 27.46, 28.04, 26.14, 26.51, 26.49, 27.38, 27.16]",272.45
mixed_chain,44,"[null, null, null, 4.27, 4.36, 4.8, 4.77, 4.54, 5.24, null, null, 4.66, 4.23, 4.45, 3.92, 4.07, 31.21, 22.35, 20.6, 20.22, 20.4, 20.71, 21.24, 22.76, 23.26, 23.99, 26.86, 26.38, 27.19, 29.6, 30.17, 29.54, 34.65, 32.19, 30.3, 29.2, 30.42, 29.59, 29.96, 32.6, 32.68, 30.09, null, 29.89]",307.48
market_display,7,"[29.08, 29.71, 29.33, 28.62, 27.54, 28.38, 28.63]",345.88
stable_cold,71,"[3.4, 4.08, 3.75, 3.74, 3.34, 3.59, 3.78, 3.92, 3.6, 4.07, null, 3.95, 3.44, 2.91, 3.74, 3.92, 3.86, 3.8, 3.49, 3.31, 3.86, 3.8, 3.41, 4.08, 3.28, null, 4.29, 3.98, 3.49, 3.75, 3.7, 2.54, 3.27, 3.61, 3.49, 3.73, 4.09, 3.51, 3.21, 3.76, 3.5, null, 3.52, 4.53, 2.74, 3.48, 3.63, 3.32, 3.99, 3.96, 3.62, 3.53, 3.59, 3.59, 3.6, 3.56, 3.74, 3.94, 3.14, 3.21, null, 3.98, 3.73, 3.84, 3.06, 4.35, 3.39, 3.7, 3.98, 3.24, 3.42]",643.19
market_display,3,"[26.95, 26.75, 26.14]",373.34
hot_truck_transit,69,"[34.51, 24.83, 25.47, 26.08, null, 24.2, 26.35, 26.52, 28.15, 28.37, 30.13, 32.02, 31.85, 31.19, 33.21, 33.06, null, 33.28, 31.45, 30.81, 29.25, 29.2, 28.14, 26.83, 26.81, null, 25.28, 25.52, 24.74, 24.48, 24.86, 27.17, 29.36, 28.55, 30.44, 29.1, 32.17, 31.64, 32.59, 33.11, 31.58, 35.02, 31.39, 31.53, 31.27, 29.28, 27.02, 27.12, 24.74, 25.31, 26.52, null, 24.52, 27.06, 26.07, 26.33, 28.32, 28.67, 27.9, 29.95, 33.52, 32.77, 34.08, 32.22, 32.86, 32.37, 31.43, 31.21, 34.84]",241.95
power_outage,22,"[5.76, 5.5, 5.78, 6.32, 5.22, 5.93, 5.71, 5.85, 5.8, 6.19, 5.92, 6.21, null, 33.83, 5.79, 6.02, 6.07, 5.56, 5.97, null, 5.78, 5.69]",643.22
market_display,43,"[31.07, 33.05, 32.25, 29.0, 33.39, 31.3, 32.62, 32.06, 29.94, 30.93, 29.18, 30.56, 31.66, 31.57, 30.69, null, 31.62, 32.3, 30.74, null, 29.99, 30.03, 32.85, 33.33, 31.74, 31.1, 30.93, 32.96, 26.82, 34.22, 31.59, 28.44, 34.44, 28.61, 28.78, 30.41, 31.3, 32.93, 31.08, 30.52, 31.12, 31.11, 33.22]",273.35
power_outage,68,"[4.98, 4.61, 4.46, 4.78, 4.99, 4.75, 5.19, 5.05, 4.96, null, 4.47, 9.65, 14.39, 19.73, 24.21, 29.45, 4.84, 5.07, 4.53, 5.03, null, 4.6, 4.85, 5.25, null, 4.36, 4.61, null, 5.45, null, null, 4.85, 5.36, 4.82, 4.82, 4.77, 5.1, 4.73, 5.15, 5.21, 5.07, 4.82, 4.47, 4.82, 4.69, 4.66, 4.82, 5.03, 4.7, 4.48, 4.6, 5.4, 5.06, 4.6, null, null, 5.57, 4.97, 5.06, 5.14, 5.34, 4.76, 5.31, 4.7, 4.78, 4.89, 5.17, 4.79]",614.46
stable_cold,4,"[5.37, 6.46, 6.14, 5.85]",659.91
stable_cold,71,"[3.43, 3.85, 4.4, 3.27, 3.86, 4.49, 3.1, 3.25, 3.59, 3.55, 4.09, 3.86, 3.05, 3.97, 3.53, 4.27, 3.51, 3.51, 3.98, 4.07, 3.94, 3.09, 3.98, 3.35, 3.85, 3.19, 3.94, 3.44, 3.25, null, 3.86, null, 4.34, 3.58, 3.77, 3.87, 3.51, 3.95, 3.55, 3.6, 4.31, 3.34, 2.8, 4.4, 4.78, 3.6, 2.99, 3.64, 3.65, 3.68, 3.31, 3.99, 3.97, 3.16, 4.04, 4.58, 3.83, 3.63, 3.7, 4.01, 3.07, 3.83, 3.6, null, 3.69, 4.43, 3.32, 4.0, 3.89, 3.41, 3.83]",634.84
stable_cold,44,"[4.13, 2.49, 3.28, 2.64, null, 3.12, 3.4, 2.96, 2.92, 2.95, 2.63, 3.32, 3.18, null, 3.04, 2.99, null, 3.47, 3.63, 3.21, 3.6, 2.9, 2.98, 3.54, 3.4, 2.95, null, 2.98, 2.79, 3.75, 3.37, 2.76, 2.65, 2.75, 2.84, 3.0, 3.51, 2.68, 3.98, 2.69, 2.5, 3.74, 3.59, 2.99]",679.8
power_outage,12,"[2.85, 12.12, 21.75, 30.66, 3.14, 3.53, 3.91, 3.25, 3.22, 2.7, 3.17, 3.08]",707.83
stable_cold,17,"[3.83, 3.36, 2.76, 4.35, 3.59, 3.09, 4.01, 4.0, 4.14, 4.28, 3.47, 3.49, 3.71, null, 2.99, null, 4.21]",680.83
market_display,9,"[27.71, 27.94, 28.5, 27.06, 28.06, 26.72, 26.54, 26.4, 26.91]",359.83
stable_cold,27,"[3.19, 3.54, 2.76, 3.54, 3.49, 3.76, 3.61, 3.78, 3.21, 2.91, 4.1, 2.65, 2.69, 3.48, 3.91, 3.33, 3.66, 2.46, 3.06, 2.51, 3.57, 2.64, 2.75, 3.46, 3.68, 3.19, null]",686.3
hot_truck_transit,12,"[27.3, 20.41, null, 21.78, 22.06, 21.49, 21.84, 23.04, 25.67, 24.49, 26.67, 28.44]",344.07
stable_cold,80,"[3.08, 3.91, 3.17, 4.26, 3.36, 3.53, 4.01, 3.42, 2.96, 3.32, 3.35, 2.82, 3.26, 3.07, 3.74, 3.38, 3.25, 3.32, 3.45, 3.61, 2.97, 2.95, 3.81, 3.2, 2.8, 3.54, 3.55, 2.75, 3.46, 3.66, 3.52, 3.62, 2.8, 3.5, 3.24, 3.17, 3.71, 3.96, 4.08, 3.89, 3.32, 3.51, 3.67, 3.41, 3.42, 3.7, 3.34, 3.07, 3.2, 3.62, 3.37, 3.5, 3.63, 3.22, null, 3.52, 2.87, 3.94, 3.17, 2.7, 2.95, 2.96, 3.39, 3.26, 3.23, 3.61, 3.5, 3.49, 3.53, null, null, 3.22, 2.49, 3.38, 3.36, 3.78, null, 3.45, 3.17, 3.56]",631.93
power_outage,26,"[7.6, 12.94, 18.03, 23.73, 29.04, 2.65, null, 2.17, 2.21, 2.03, 1.91, 2.27, 2.27, 2.75, 2.35, 2.36, 2.34, 1.92, 1.75, 1.83, 2.34, 2.56, 2.35, 2.08, 2.63, 2.0]",717.13
mixed_chain,17,"[4.9, 3.3, 3.95, 3.02, 3.77, 2.94, null, 28.69, 23.05, 22.64, 25.1, 27.2, 28.06, 25.81, 29.59, 27.09, 28.4]",341.97
market_display,47,"[32.89, 31.31, 34.85, 36.01, 34.24, 31.39, null, 32.62, 32.9, 33.36, 33.31, 32.76, 32.46, 31.75, 33.55, 29.88, 32.85, 33.01, 32.47, 33.71, null, 32.98, null, 31.9, 32.18, 32.24, 34.09, 33.17, 30.43, 32.34, 32.02, 34.77, 31.77, 32.72, 30.85, 32.92, 34.99, 31.74, 33.85, 32.49, 32.71, 33.48, 31.23, 31.82, 31.65, 34.76, 34.0]",262.59
hot_truck_transit,89,"[24.29, 19.54, 19.0, 19.49, 19.27, 20.46, 20.56, 21.66, 22.33, 22.26, 23.91, 24.64, 26.61, 27.32, 26.98, 27.29, 25.78, 26.33, 24.0, null, 26.0, 22.75, 22.33, 21.51, 19.44, 19.61, 19.69, 19.31, 19.36, 19.48, 19.7, 21.72, 23.55, 21.57, 22.49, 24.21, 25.65, null, 27.14, 27.24, 26.93, 27.66, 25.27, 25.9, 25.8, null, 20.58, null, 20.87, 19.74, 17.61, 17.83, 18.91, 20.05, 20.07, null, 22.29, 23.92, 23.28, 25.25, 27.16, 26.01, 26.54, 27.25, 26.2, 25.71, 25.73, null, 24.81, 22.46, 22.17, 22.17, 21.29, 19.63, 19.47, 18.45, 19.55, 20.94, null, null, 22.42, 22.59, 23.47, 24.89, 26.22, 27.22, 26.98, 27.53, 28.14]",279.19
market_display,65,"[31.12, 32.05, 33.8, 31.34, 30.15, 34.34, 33.75, 33.16, 32.68, 35.23, 33.11, 32.82, 32.51, 33.24, 31.84, 34.06, 34.28, 34.25, 32.66, 33.17, 31.13, 31.21, 33.64, 33.82, 30.63, 31.18, 31.6, 33.13, 32.2, 31.32, 32.34, 32.32, 33.81, 32.4, 34.47, 30.27, 33.27, 35.24, 32.56, 32.38, 31.92, null, 33.99, 31.77, 33.81, 33.19, 33.51, 31.59, 33.13, 32.72, 32.95, 29.7, 33.35, 35.4, 31.19, 33.85, 32.44, 31.47, 31.88, 34.47, 33.07, 32.57, 30.83, 33.38, 34.01]",245.22
hot_truck_transit,11,"[30.33, 25.89, 22.85, 24.82, 23.55, 24.43, 24.47, 24.7, 27.23, 29.82, null]",323.12
market_display,38,"[27.05, 29.72, 27.89, 27.79, 27.68, 27.07, 30.18, 27.54, 30.22, 27.0, 28.01, 27.42, 27.03, 27.76, 29.99, 29.54, 28.02, 26.35, 28.38, 27.36, 26.83, 28.76, 26.45, 28.11, 28.53, 28.78, 26.45, 30.0, 28.31, 27.96, 26.37, 26.97, 27.53, 27.92, 28.37, 27.53, 29.69, 27.5]",324.84
market_display,79,"[29.69, 29.86, 28.6, 28.12, 27.62, 27.68, 28.84, 27.42, 29.5, 29.92, 27.67, null, 29.2, null, 29.54, 30.49, 29.06, 27.26, 29.51, 28.9, 29.95, 32.1, 28.16, 28.43, 29.65, 30.35, 31.76, 28.8, 28.26, 28.36, 28.78, 29.01, 29.51, 29.35, 27.77, 27.47, 29.18, 28.39, 28.59, 30.36, 30.09, 28.87, 30.53, 30.61, 30.95, 31.18, 29.06, 30.64, 28.94, 30.76, 29.02, 29.33, 28.1, 28.09, 29.8, 30.47, 28.07, 30.9, 30.76, 29.78, 30.45, 28.68, 27.6, 28.68, 30.73, 30.82, 27.89, 27.87, 28.24, 26.98, 28.57, 29.89, 25.7, 29.22, 31.01, 30.4, 29.78, 29.44, 30.67]",258.91
mixed_chain,55,"[null, null, 4.1, 4.13, 3.81, 3.92, 3.9, 3.02, 3.5, 3.38, 3.57, 3.55, 3.86, 3.44, 2.69, 3.74, 3.51, 3.8, 3.14, 3.79, 3.27, 2.94, 3.47, 2.91, 3.34, 27.3, 22.83, 22.35, 23.56, 23.36, 23.21, 22.5, 25.0, 25.06, 26.04, 28.59, 28.37, 29.94, 29.79, 37.33, 31.01, 31.23, null, 32.18, 26.85, null, 29.28, 27.72, 29.2, 30.95, 29.96, 27.88, 29.42, 30.92, 28.85]",309.24
power_outage,84,"[null, 4.46, 4.82, null, 5.28, 4.72, 5.15, 4.8, 5.16, 4.62, 5.08, 4.83, 4.5, 4.81, 5.26, 4.55, 4.41, 4.98, 4.36, 5.33, 5.32, 5.17, 14.01, 23.67, 32.73, 4.7, 5.29, 4.59, 4.8, 4.32, 4.9, 4.77, 4.72, 4.81, 4.69, 4.87, 5.24, null, 5.12, 4.92, null, 4.85, 4.64, 4.99, 5.02, 4.62, 4.46, 4.89, 5.09, 5.16, 5.22, null, null, 4.86, 4.49, 4.66, 4.84, 4.78, 4.89, 4.45, 4.51, 5.09, null, 4.66, null, 4.58, 5.19, 4.48, 4.86, 4.64, 4.91, 4.71, 18.58, null, 4.65, 4.65, 4.77, 5.3, null, 5.23, 4.81, 5.22, 4.98, 5.03]",593.21
mixed_chain,49,"[3.91, 4.36, 4.28, 3.56, 4.56, 4.26, 4.68, 4.45, 4.35, 4.91, 4.09, 4.71, 4.52, 5.03, 4.29, 5.28, 4.2, 4.56, 4.14, 4.72, 4.17, 33.77, 24.82, 26.29, 25.03, 26.6, 24.28, 26.2, 27.95, 29.97, 29.82, 31.06, 36.56, 27.27, 29.74, 25.32, 28.65, 26.92, 27.53, 27.53, 27.17, 26.47, 25.91, 30.76, 27.59, 26.54, 28.63, 28.82, 27.81]",321.3
power_outage,82,"[5.68, 5.35, 5.3, 18.17, 32.16, 5.69, 5.55, 5.67, 5.42, 5.23, 4.54, 4.97, 5.98, 5.68, 5.39, 4.86, 5.52, 5.25, 5.54, 5.0, 5.19, 5.6, 5.91, null, null, 5.64, 4.95, 4.98, 5.41, 5.96, 5.08, null, 5.37, 5.19, 4.8, null, 5.39, 5.44, 5.29, 5.79, 5.18, 5.01, 5.83, 4.67, 5.29, 5.31, 5.3, 4.87, 4.98, 5.62, 5.75, 5.21, 5.05, null, 5.62, 5.63, null, 4.61, null, 11.95, null, 24.92, 31.39, 5.34, 5.06, 5.33, 5.13, 5.11, 4.77, 5.28, 5.57, 5.24, null, 5.71, null, 5.85, 6.01, null, 4.99, 5.18, 5.5, 5.76]",580.73
hot_truck_transit,76,"[22.92, 18.74, 18.79, 17.4, 18.36, 18.54, 19.96, 20.01, 18.69, null, 21.84, 25.55, 25.97, 23.75, 25.06, 24.9, 26.04, 24.71, 24.62, 22.9, 23.39, 20.66, 22.97, 21.21, 21.16, 19.03, null, 18.72, 17.34, 18.24, 19.52, null, 20.97, 22.45, 22.78, 23.68, 23.66, 25.82, 25.48, 24.98, 25.4, null, 25.37, 23.86, 23.9, 23.2, 20.74, 20.79, 18.64, 17.5, 17.39, 17.31, 17.79, 20.13, 18.76, 19.7, null, 20.95, 23.16, 24.53, 26.02, null, 26.16, 25.83, 25.74, 25.8, 24.8, 23.93, 22.29, 22.54, 21.21, null, 20.37, 18.71, 17.0, 23.2]",333.05
stable_cold,30,"[5.18, 5.68, 6.2, 6.33, 5.75, 5.96, 5.63, 5.53, 6.4, 5.76, 5.02, 6.69, 5.66, 5.89, 6.64, 5.93, 5.92, 5.49, 5.33, 5.92, 6.13, 6.11, 5.79, 5.99, 5.25, 6.17, 6.05, 6.77, null, 5.61]",638.46
mixed_chain,41,"[5.02, 4.98, 4.74, 4.59, 4.36, 4.72, 5.2, 4.3, 4.92, 4.52, 4.43, 5.33, 5.44, 5.15, 4.47, 5.28, 5.25, 5.75, 4.74, 5.1, 27.16, 20.57, 21.18, 21.15, 20.78, 19.93, 21.02, 22.82, 23.87, 24.91, 26.36, 26.44, 27.63, 28.54, 32.16, 32.03, 32.46, 32.15, 31.76, 31.33, 30.03]",311.35
hot_truck_transit,57,"[null, 21.83, 20.32, 19.88, 20.34, 19.99, 20.2, 21.26, 22.62, 24.73, 23.92, 25.26, 27.51, 27.22, 27.75, 27.74, 29.45, null, 27.07, 26.2, 25.4, 25.52, 22.71, 22.18, 21.24, 21.3, 21.54, null, 20.54, 20.72, 20.1, 22.82, 24.26, 24.7, 24.57, 24.96, 27.38, 26.64, null, 28.21, 28.49, 27.24, 26.7, 25.95, 24.34, null, null, 22.63, 23.44, 20.62, 21.13, 19.83, 19.1, null, 20.54, 22.8, 25.98]",324.0
power_outage,37,"[13.04, 22.51, 30.81, 4.88, 5.39, 4.78, 5.25, 4.56, 5.13, 5.08, 5.57, 5.72, 5.73, 5.57, 5.25, 5.34, 17.89, 29.97, 5.57, 5.43, 5.44, 4.54, 5.36, 5.52, 5.22, 5.07, 4.81, 4.79, 5.27, 5.15, 5.15, 5.68, 4.84, 5.12, 5.73, 5.13, null]",635.81
market_display,12,"[27.78, 29.6, 28.51, 28.77, 26.2, 27.87, 29.64, 26.14, null, 27.33, 27.78, 28.36]",343.48
mixed_chain,13,"[5.1, 4.03, 4.76, 4.65, 5.23, null, 24.0, 23.97, 28.95, 28.82, 28.81, 28.37, 30.89]",323.36
power_outage,46,"[null, 5.8, 5.63, 5.73, 5.42, 6.09, 6.21, 5.82, 5.83, 6.03, 5.85, null, 5.45, 6.1, 5.81, 5.51, 6.52, 6.56, 5.78, 5.98, 5.7, null, 13.12, 20.69, 29.24, 5.83, 5.86, 5.6, 5.9, 5.39, 5.61, 5.49, 6.23, 5.35, 5.49, 5.23, 5.58, 5.71, 6.14, 5.78, 5.72, 5.94, 5.71, 6.57, 5.67, 5.97]",614.04
hot_truck_transit,69,"[29.78, 21.66, 18.59, 19.9, 20.28, 20.18, 19.63, 22.66, 23.41, 23.45, 25.66, 26.05, 27.29, 26.68, 28.0, 28.15, 27.63, null, 26.92, 26.14, 24.23, null, 23.11, 22.28, 20.82, 19.12, 18.74, 20.5, null, 19.85, 21.79, 20.24, 21.63, 24.58, 25.05, 24.36, 26.43, 27.55, 26.93, null, 26.46, 28.09, 27.61, 26.55, 25.97, 24.97, 21.7, 22.75, 21.21, 22.01, 22.79, 19.79, 19.84, 20.18, 21.18, 22.14, 25.03, 24.06, 24.64, 25.96, 26.12, 26.07, 27.7, 29.82, 28.52, 27.03, 27.06, 27.96, 29.47]",285.13
power_outage,13,"[13.06, 19.76, 26.77, 33.18, 22.09, 28.09, 33.64, 6.15, 6.03, 5.89, 6.05, 6.1, 6.12]",640.4
market_display,48,"[27.5, 28.22, 26.93, 30.18, 29.05, 28.02, null, 29.1, 27.48, 28.1, 28.96, 26.67, 28.77, 31.1, 26.13, 29.2, 26.64, 26.45, 27.63, null, 28.78, 27.96, 26.82, 27.93, 25.92, 29.11, 27.63, 29.43, 26.93, 28.74, 25.98, 29.72, 28.63, 27.66, 27.58, 27.72, 28.1, 26.19, 27.7, 27.73, 29.32, 27.47, 26.86, 28.02, 28.8, null, 28.17, 28.15]",309.43
hot_truck_transit,3,"[26.19, 21.45, 22.45]",411.87
power_outage,82,"[2.73, 2.91, 2.9, 3.29, 2.57, 2.74, 2.39, 3.14, 2.3, 3.12, 3.08, 2.33, 2.88, 2.71, 2.45, 2.53, 2.65, 2.68, 3.02, 2.74, 2.34, 2.79, 2.05, 2.45, 2.48, 2.77, 3.1, 2.64, 2.46, 2.36, 2.82, 2.51, 2.42, 2.86, 2.92, 2.28, 2.12, 2.54, 2.23, 2.19, 2.26, 2.88, 2.76, null, 2.38, 2.97, null, 12.78, 18.09, 23.16, 28.59, 2.87, 2.46, 2.82, 2.95, 3.02, 2.22, 2.56, 2.78, 2.24, null, 2.56, 2.45, 2.52, 2.43, null, 2.43, 2.75, 2.73, 2.06, 3.01, 2.76, 2.62, 2.89, 2.56, 2.83, 2.01, 2.82, 2.62, 2.63, 2.32, 2.5]",649.57
stable_cold,76,"[3.66, 2.91, 4.11, 3.13, 3.31, 3.66, 2.51, 3.2, 3.07, 3.38, null, 3.27, 3.25, 3.72, 3.42, null, 3.36, 4.03, 3.37, 3.09, 2.53, 2.72, 3.11, null, 3.08, 3.44, 3.07, 2.93, 3.54, 3.85, 2.86, 3.4, 2.54, 2.71, 3.06, 3.75, 2.99, 2.97, 3.31, 3.31, 2.98, 4.09, 3.19, null, 3.14, null, 3.79, 3.96, 2.99, 3.74, 3.52, 3.69, 3.26, 3.22, 3.67, 3.68, 3.92, 3.38, 3.26, 2.31, 2.65, 3.14, 2.86, 3.62, null, 3.1, null, 3.78, 3.06, 3.48, 3.38, 3.66, 3.64, 3.28, 2.62, null]",643.05
stable_cold,18,"[5.03, 5.81, 5.7, 5.46, 5.11, 5.07, 5.2, 5.63, 5.03, 5.59, 4.92, 5.33, 5.46, 6.39, 4.87, 6.0, 5.48, 5.58]",651.36
market_display,56,"[29.48, 28.5, 30.49, 31.71, 28.5, 31.11, 31.31, 28.46, 27.38, 29.93, 29.65, 29.59, 31.21, 29.43, 32.76, 28.01, 28.82, 28.81, 29.63, 31.56, 28.52, 28.77, 29.1, 29.75, 30.05, 29.39, 28.31, 29.74, 31.58, 30.96, 29.31, 29.94, 30.46, 30.92, 31.7, 30.18, 28.45, 28.02, 30.58, 28.12, 30.84, 29.14, 28.4, null, 28.63, 30.42, 30.08, null, null, 31.41, 31.0, 31.02, 28.98, null, 30.77, null]",305.12
power_outage,49,"[4.16, 4.13, 4.8, 4.64, 4.61, 4.51, 4.25, 4.38, 4.44, 4.71, null, 4.18, 4.7, 3.96, 4.36, 4.12, 4.2, 5.04, 4.02, 4.21, 4.61, 4.32, 4.51, 4.89, 4.66, 4.32, 4.42, null, 4.65, 4.47, 4.57, 4.57, 4.43, 4.28, 4.68, 4.55, 10.35, 17.25, 23.87, 30.47, null, 5.42, 3.72, 4.55, 4.48, 4.41, 4.62, 4.51, 4.35]",642.94
hot_truck_transit,91,"[30.61, null, 21.57, 21.93, 21.76, 22.63, 23.44, 24.42, 23.12, 25.22, 27.44, 27.08, 28.74, 28.37, 30.04, 29.67, 29.98, 29.42, 27.34, 29.31, 25.62, 27.62, 22.87, 23.69, 21.68, 23.46, 20.96, 20.76, 21.8, 23.32, 23.79, 23.46, 24.34, 26.05, 26.62, 27.7, 28.35, 29.59, 29.86, 30.85, 28.99, 28.58, null, 27.47, 27.36, 24.79, 25.62, 23.41, 23.75, 24.2, 22.59, 22.14, 22.66, 21.94, null, 23.1, 24.11, 25.88, 26.75, 27.98, 28.57, 28.87, 30.24, 29.14, 29.7, 30.02, 29.03, 27.61, 25.23, 25.36, 26.3, 23.44, 22.8, 22.31, 22.11, 21.11, 22.38, 22.5, 21.43, 21.6, 24.17, 24.67, 26.92, null, 28.84, 29.49, 28.69, 29.34, 29.06, 29.85, 31.17]",251.32
stable_cold,83,"[3.14, 2.93, 2.74, 3.01, 3.25, 2.39, 2.86, null, null, 3.65, 2.7, 3.45, 4.31, 3.75, 3.22, 3.51, 2.62, 2.54, 3.18, null, 3.61, 2.94, null, 3.23, 3.12, 3.14, 2.83, null, 3.25, 2.99, null, 3.58, 3.44, 2.75, 3.21, 2.81, 3.21, 2.81, 3.68, 3.48, 3.63, 3.59, 3.06, 3.0, 3.87, 3.1, null, 3.57, 3.23, 3.77, 3.27, 3.16, 3.78, 2.56, 2.94, 2.82, 2.29, 3.52, null, 3.53, 3.33, 3.41, 2.99, 2.86, 3.21, 3.54, 3.15, 2.89, 2.69, 3.25, 2.95, 3.14, null, 2.99, 3.29, 3.39, 3.96, 3.47, null, 2.84, 2.53, 3.16, 3.51]",630.35
hot_truck_transit,7,"[28.08, 19.61, 18.23, 19.09, 17.89, 19.37, 22.24]",410.57
market_display,47,"[26.13, 24.29, 29.03, 25.32, 26.41, 24.66, 22.53, 28.22, 26.23, 23.55, 24.93, 28.64, 26.74, 23.07, 25.55, 25.94, 26.79, 26.15, 24.08, 25.4, 25.07, 27.06, 25.51, 25.5, 25.85, 25.13, 27.97, 27.51, 27.56, 24.68, 26.58, 27.11, 24.93, 24.75, 24.97, 24.41, 27.42, 27.31, 25.77, 26.09, 25.34, 28.94, 25.64, 25.53, 26.01, 24.58, 26.48]",326.74
stable_cold,10,"[5.99, 5.92, 5.96, 5.45, 5.81, 5.19, 5.34, 5.75, 5.84, 5.09]",669.11
hot_truck_transit,29,"[28.12, 23.07, 22.23, 22.85, 21.26, 22.23, 22.23, null, 25.36, 27.08, 26.1, 28.3, 29.98, 28.67, 28.88, 28.82, 30.37, 28.89, 29.21, 27.83, 28.48, 26.63, 24.32, null, 23.8, 21.68, 23.08, 21.8, 26.61]",343.43
market_display,53,"[30.78, 29.72, 32.32, 31.09, 29.61, 29.05, 31.52, null, 31.27, 31.3, 30.85, 31.48, 31.88, 30.84, 31.64, 31.71, 32.3, 28.34, null, 31.68, 33.53, 32.44, 32.46, 34.21, 30.92, 33.5, 31.84, null, 28.97, null, 31.81, 30.7, 31.16, 33.32, 31.07, 33.38, 31.95, 32.3, 30.75, 30.93, 31.04, 30.91, 31.8, 32.57, 33.97, 30.18, null, null, 31.09, 29.46, 31.97, 30.06, null]",276.99
market_display,65,"[29.95, 32.7, 32.94, 31.55, 31.4, null, 29.48, 32.35, 29.78, 32.21, 31.36, 31.47, 33.49, 29.64, 32.38, 31.43, 31.63, 32.54, 32.48, 32.26, 30.47, 32.26, 32.43, 32.12, 32.27, 31.63, 30.12, 31.03, null, 31.55, 31.04, 33.68, 32.06, 31.44, 31.85, 32.02, 34.12, 32.06, 31.03, 30.29, 31.79, 33.98, 31.33, 30.4, 32.71, 31.66, 29.56, 31.77, 32.88, 28.99, 32.38, null, 31.27, null, 32.85, 32.71, 29.89, 29.13, null, 32.02, 28.78, 30.74, 32.63, 32.23, 29.48]",276.89
stable_cold,50,"[3.18, 3.01, null, 3.11, 2.59, 3.27, 3.4, null, null, 3.65, 3.46, 3.45, 3.13, 3.57, 3.75, 3.44, 2.89, 3.1, 3.35, 3.45, 3.09, 2.89, 3.75, 2.69, null, 2.59, 2.74, 3.62, 3.63, 3.09, 3.32, 3.11, 2.64, 4.01, 3.67, 3.26, 2.78, 3.03, 2.84, 3.16, null, 2.98, 2.54, 3.97, 3.21, 3.3, 2.95, 2.49, 3.08, 2.99]",673.72
power_outage,59,"[5.0, 4.04, 4.53, 4.33, 4.16, 4.09, 3.83, 3.77, 4.11, 3.74, 4.66, 9.42, 15.25, 19.72, 24.91, 30.49, 4.08, 4.45, 4.59, 4.49, 4.57, 4.41, 4.0, 4.5, 4.37, 3.98, 4.01, 4.13, null, 4.2, 4.16, 4.11, 4.06, 3.81, 4.4, 3.86, 4.18, 4.04, 4.39, null, 3.86, null, 3.91, 4.21, 4.54, 3.94, 4.13, 4.03, 12.92, 21.58, 30.59, 3.98, 4.54, 4.64, 4.24, 3.92, 4.15, 4.12, 4.69]",624.36
market_display,53,"[29.09, 29.35, 29.57, 30.75, 29.89, 32.06, 30.67, 29.07, 30.46, 30.1, 31.59, 30.9, 30.0, 32.01, 30.58, 30.64, 31.72, 30.94, 30.17, 29.82, 27.49, 27.7, 29.77, 29.25, 29.94, 31.14, 28.99, 28.02, 28.36, 28.73, 28.55, 29.97, 31.76, 30.65, 30.74, 30.18, 28.43, 32.6, 29.53, 30.85, 27.23, 29.81, 29.71, 29.59, 28.23, 30.15, 31.38, 32.44, 31.89, 31.43, null, 32.11, 28.81]",296.49
mixed_chain,7,"[4.71, 4.15, 19.36, 19.76, 25.92, 26.63, 27.7]",355.85
stable_cold,32,"[2.57, 2.27, 2.46, null, 3.45, 2.94, 2.62, 2.98, 1.72, 1.49, 2.35, 1.96, 2.42, 2.59, 2.88, 2.06, 2.67, 2.52, null, 2.3, 3.07, 2.47, 3.22, 2.2, 2.81, 2.49, 2.38, 2.76, 2.39, 1.45, 1.29, 3.02]",691.87
mixed_chain,46,"[5.6, 4.93, 5.54, 4.96, 5.69, 5.59, 5.74, null, 5.64, 5.39, 5.5, 5.37, 5.0, null, 5.53, 4.9, 5.57, 5.55, 5.08, 5.45, 31.52, 24.12, 23.36, 24.13, null, 23.85, null, 24.47, 25.09, 27.35, 27.52, 29.31, 28.78, 32.79, 25.49, null, 25.13, 25.63, 25.86, 26.33, 26.93, 29.17, 27.77, 26.11, 26.85, 26.18]",338.61
hot_truck_transit,60,"[30.56, 24.7, 25.19, 24.57, 23.45, 24.78, 25.23, 26.72, 27.09, 28.1, 27.98, 30.52, 29.6, 31.42, 31.31, 31.4, 32.21, 31.35, 28.8, 29.73, 28.61, 28.89, 25.86, 27.42, 25.74, 24.2, 23.69, 23.37, 24.28, 23.79, 24.96, 25.02, 27.42, 28.02, 28.55, 29.69, 30.16, 31.6, 30.74, 32.61, 31.89, 30.99, 31.18, 30.2, 28.08, 28.93, 24.85, 26.76, 24.93, 25.21, 25.17, 23.54, 23.72, 24.67, 24.15, 25.62, 26.52, 26.94, 28.54, 33.17]",262.5
hot_truck_transit,5,"[31.48, 26.22, 24.61, 24.67, 27.77]",355.9
market_display,59,"[30.19, 32.14, 31.59, 31.32, 31.86, 30.03, 28.97, 30.97, 29.93, 31.07, 31.43, 29.38, 29.64, 30.24, null, 29.41, 32.55, 28.38, 32.29, 30.64, 30.99, 31.04, 27.57, 30.01, 30.18, 31.81, 30.25, 32.06, 32.54, 31.06, 30.58, 29.13, 31.13, 29.99, 32.04, 28.62, 29.57, 31.49, 32.44, null, 31.92, null, 32.44, 30.69, null, 30.66, 30.1, 30.93, 30.72, 30.97, 27.73, null, 29.8, null, 29.3, 31.27, 30.8, 31.59, 31.51]",270.32
stable_cold,2,"[3.53, 4.02]",699.71
market_display,47,"[29.61, 32.78, 31.12, 33.73, 32.39, 31.64, 33.48, 31.64, 31.06, 32.61, null, 31.92, 32.14, 31.78, 32.16, 32.16, 31.92, 31.06, 30.45, 30.8, 30.88, 32.48, null, 31.68, 33.16, 30.84, 31.51, 31.48, 32.39, 30.94, 32.57, 32.1, 31.88, 31.0, 29.69, 31.14, 32.58, 29.56, 29.78, 31.32, 30.66, 35.52, 31.95, 31.18, 33.03, null, 31.56]",280.42
stable_cold,3,"[5.73, 5.92, 6.31]",651.86
market_display,92,"[26.78, null, 28.49, 27.05, 25.71, 28.32, 27.97, 27.81, 28.61, 28.71, 28.21, 26.06, 25.65, 27.88, 27.54, 27.63, null, 28.56, 27.24, 26.58, 28.24, 28.02, null, 24.18, 26.31, null, 25.91, 28.16, 28.0, 26.27, 28.54, 27.37, 27.28, 26.08, 29.02, 26.03, 26.02, 27.63, 26.29, 29.94, 26.28, 28.41, 29.43, 28.32, 26.56, 27.87, 29.09, null, 28.78, 28.05, 29.73, 27.98, 27.65, 28.28, 25.97, 26.48, 27.55, 26.83, 26.73, 29.91, 29.62, 24.41, 27.51, 26.03, 28.84, null, 29.22, 26.43, 26.32, 27.2, 26.75, 27.35, 28.89, 28.02, 27.11, 27.53, 25.56, 25.12, 28.92, 26.55, 29.18, 27.1, 27.62, 28.46, 28.6, 26.85, 27.55, 27.44, 27.92, 27.69, 26.59, 27.64]",270.31
power_outage,70,"[4.2, 4.21, 4.54, 4.06, 4.09, 4.82, 4.67, 3.94, 4.65, 3.87, null, 4.11, 4.18, 4.39, null, 4.39, 4.09, 4.32, 4.23, 3.79, 4.35, 4.24, 3.99, 4.08, 4.09, 4.13, 4.74, null, 3.39, null, 4.49, 4.14, null, 4.7, 3.8, 4.25, 4.79, 3.84, 4.17, null, 4.52, 4.56, null, 4.22, 3.69, 4.63, 4.1, 4.16, 4.5, 18.6, 33.17, 4.39, 4.27, null, 3.87, 4.16, 4.53, 3.94, 3.99, 3.94, 4.25, 4.63, 4.37, 3.55, 4.4, 4.07, 4.36, 4.16, 3.95, 4.19]",626.24
stable_cold,16,"[4.69, 5.55, 4.85, 5.25, 5.22, 5.39, 4.59, 5.36, null, 4.82, 4.94, 4.72, 4.79, 5.61, 4.52, 4.55]",674.18
mixed_chain,48,"[3.64, 3.0, 2.79, 2.53, 2.92, 3.04, 3.4, 2.82, 2.33, 2.84, 2.84, 3.53, null, 3.02, 2.65, 3.01, 2.54, 2.94, null, null, 27.89, 21.74, 21.3, 22.39, 22.31, 22.44, 22.7, 23.97, 23.82, 25.44, 26.83, 28.52, 29.56, null, 28.45, 27.71, 28.34, 26.84, 26.91, 26.71, 24.38, 26.25, null, 26.48, 26.42, 26.49, 27.31, null]",320.14
hot_truck_transit,82,"[29.77, 22.9, 22.25, 21.19, 21.56, 21.5, 24.12, 24.16, null, 25.38, 26.01, 27.71, 28.73, 27.41, 28.86, 29.22, 30.49, null, 27.16, 26.88, 28.18, 25.46, 23.9, 22.42, 22.95, 22.4, 22.25, null, 20.91, 22.0, 23.17, 23.41, 23.08, 26.17, 26.29, 26.91, null, 30.47, null, 28.89, 28.24, 29.95, 30.24, 29.63, 25.67, 26.85, 24.72, 22.22, 22.25, 21.67, 22.28, 20.67, 22.65, 22.68, 23.75, 23.23, 25.04, 24.93, 27.34, 27.57, 28.48, 29.2, 28.23, 30.71, 29.69, 30.18, 29.49, 27.11, 26.58, 24.52, 25.71, 24.02, 23.1, 22.08, 21.12, 22.79, 23.5, 23.36, 22.8, 24.07, null, 28.93]",274.98
mixed_chain,64,"[2.82, 3.22, 2.75, 3.07, 2.84, 2.89, 3.44, 3.44, 3.01, 3.58, 3.37, 3.31, 3.05, 3.34, null, 3.17, 3.57, 3.44, 2.84, 3.52, 2.59, 3.06, 3.53, 2.76, 3.21, 3.26, 3.59, 2.88, 3.41, 28.07, 22.68, 23.45, 21.37, 21.53, 23.27, 24.47, 23.25, 24.59, 24.3, 25.79, 26.07, 27.95, 35.68, 28.7, 30.03, 27.57, 29.85, null, 29.14, 27.58, 28.58, 29.31, 29.32, 29.22, 32.15, 30.33, 27.45, 27.79, 31.07, 29.47, 30.98, 30.7, 29.13, 29.65]",296.66
hot_truck_transit,71,"[27.71, 21.24, 21.49, 20.58, 21.16, 21.42, 21.76, 24.13, 25.15, null, 27.81, 26.09, 27.8, 28.33, 29.57, 28.13, 29.54, null, 28.57, 28.07, 25.27, 24.85, 25.06, 24.25, 21.17, 21.98, 21.8, 21.13, 22.43, 21.24, 21.98, null, 24.3, 24.93, 26.87, 26.86, 27.84, 28.81, 28.38, 30.0, 29.6, 29.17, null, 28.42, 24.74, 25.78, 24.26, 23.72, null, 21.79, 21.88, 21.19, 21.49, 21.92, 24.11, 21.91, 25.19, null, 26.48, 26.17, 28.94, null, 30.23, 28.75, 30.23, 28.08, 27.27, 27.11, 25.63, 25.0, 28.9]",285.47
hot_truck_transit,12,"[32.15, 26.29, 26.94, 26.35, 24.79, 26.37, 26.14, 28.7, 28.72, 29.16, 29.1, 37.03]",276.48
market_display,63,"[32.65, 31.83, 32.49, 32.59, 30.84, null, 33.07, 31.47, null, 32.44, 31.3, 32.63, null, 34.11, 31.49, 31.24, 32.34, 30.39, 31.27, 30.32, 32.57, 33.43, 31.8, 33.82, 31.29, 31.75, 33.39, 33.17, 32.86, null, 32.25, 32.68, 31.49, 34.62, 31.77, 32.06, 32.56, 33.11, 33.1, 29.06, 34.43, 34.24, 33.81, 32.49, 33.81, 32.63, 32.61, 33.15, 32.96, 33.54, 29.73, 32.21, 30.85, 33.43, 31.22, 31.97, 33.44, 33.88, 33.37, 33.22, 30.89, 31.09, 30.7]",269.1
hot_truck_transit,65,"[32.08, 25.4, 25.21, 25.86, 26.8, 26.27, 26.39, 28.44, null, 29.8, 31.34, 31.58, 31.74, 33.0, 34.42, null, 32.55, 34.44, 32.2, 31.68, 32.06, 29.33, 28.41, 27.15, null, 26.45, 25.25, 26.82, 25.2, 26.6, 26.85, 28.66, null, 30.12, 32.63, 30.51, 31.77, 34.79, null, 33.75, 33.26, 34.45, 31.2, 32.65, 29.52, 28.41, 27.76, 27.56, 26.26, 25.58, 25.06, 24.93, 25.05, 26.39, 26.32, 25.53, 28.6, 30.26, 30.47, 30.65, 33.09, 32.03, 33.27, 33.64, 39.45]",218.79
market_display,24,"[24.64, 27.33, 27.65, null, 28.18, 28.56, 25.73, 29.85, 27.73, 28.94, 26.26, 28.82, 27.88, 26.73, 25.76, 27.09, 28.02, 27.17, 27.19, 26.5, 25.49, 27.29, 25.97, null]",333.25
hot_truck_transit,40,"[26.71, 19.77, 21.11, 19.62, 19.51, 20.19, 21.54, 21.78, null, 22.32, 25.42, 25.74, 25.93, 27.19, 28.44, 28.03, 28.9, 27.63, 24.75, 26.47, 23.1, 24.54, 23.14, 22.81, 20.99, 20.23, 20.59, null, 19.63, 19.81, 20.29, null, 22.55, 24.04, 25.69, 25.23, 26.0, 24.67, 28.5, 31.01]",299.06
